Title,Authors,Publication Title,Year,Abstract,DOI,Link,Keywords,Citation Count,read,repeated,ACM,SCOPUS,SPRINGER,WOS
A Benchmark and Evaluation for Real-World Out-of-Distribution Detection Using Vision-Language Models,S. Noda; A. Miyai; Q. Yu; G. Irie; K. Aizawa,2025 IEEE International Conference on Image Processing (ICIP),2025,"Out-of-distribution (OOD) detection is a task that detects OOD samples during inference to ensure the safety of deployed models. However, conventional benchmarks have reached performance saturation, making it difficult to compare recent OOD detection methods. To address this challenge, we introduce three novel OOD detection benchmarks that enable a deeper understanding of method characteristics and reflect real-world conditions. First, we present ImageNet-X, designed to evaluate performance under challenging semantic shifts. Second, we propose ImageNet-FS-X for full-spectrum OOD detection, assessing robustness to covariate shifts (feature distribution shifts). Finally, we propose Wilds-FS-X, which extends these evaluations to real-world datasets, offering a more comprehensive testbed. Our experiments reveal that recent CLIP-based OOD detection methods struggle to varying degrees across the three proposed benchmarks, and none of them consistently outperforms the others. We hope the community goes beyond specific benchmarks and includes more challenging conditions reflecting real-world scenarios. The code is https://github.com/hoshi23/OOD-X-Benchmarks.",10.1109/ICIP55913.2025.11084642,https://ieeexplore.ieee.org/stamp/stamp.jsp?arnumber=11084642,Out-of-distribution Detection;Vision Language Model;Benchmark,1.0,,removed,no,no,no,no
A Causality-Aligned Structure Rationalization Scheme Against Adversarial Biased Perturbations for Graph Neural Networks,J. Jia; S. Ma; Y. Liu; L. Wang; R. H. Deng,IEEE Transactions on Information Forensics and Security,2024,"The graph neural networks (GNNs) are susceptible to adversarial perturbations and distribution biases, which pose potential security concerns for real-world applications. Current endeavors mainly focus on graph matching, while the subtle relationships between the nodes and structures of graph-structured data remain under-explored. Accordingly, two fundamental challenges arise as follows: 1) the intricate connections among nodes may induce the distribution shift of graph samples even under the same scenario, and 2) the perturbations of inherent graph-structured representations can introduce spurious shortcuts, which lead to GNN models relying on biased data to make unstable predictions. To address these problems, we propose a novel causality-aligned structure rationalization (CASR) scheme to construct invariant rationales by probing the coherent and causal patterns, which facilitates GNN models to make stable and reliable predictions in case of adversarial biased perturbations. Specifically, the initial graph samples across domains are leveraged to boost the diversity of datasets and perceive the interaction between shortcuts. Subsequently, the causal invariant rationales can be obtained during the interventions. This allows the GNN model to extrapolate risk variations from a single observed environment to multiple unknown environments. Moreover, the query feedback mechanism can progressively promote the consistency-driven optimal rationalization by reinforcing real essences and eliminating spurious shortcuts. Extensive experiments demonstrate the effectiveness of our scheme against adversarial biased perturbations from data manipulation attacks and out-of-distribution (OOD) shifts on various graph-structured datasets. Notably, we reveal that the capture of distinctive rationales can greatly reduce the dependence on shortcut cues and improve the robustness of OOD generalization.",10.1109/TIFS.2023.3318936,https://ieeexplore.ieee.org/stamp/stamp.jsp?arnumber=10262126,Adversarial biased perturbations;spurious correlations;invariant causal rationales;OOD generalization;graph neural networks,3.0,,removed,no,no,no,yes
A Closer Look At Scoring Functions And Generalization Prediction,P. Trivedi; D. Koutra; J. J. Thiagarajan,"ICASSP 2023 - 2023 IEEE International Conference on Acoustics, Speech and Signal Processing (ICASSP)",2023,"Generalization error predictors (GEPs) aim to predict model performance on unseen distributions by deriving dataset-level error estimates from sample-level scores. However, GEPs often utilize disparate mechanisms (e.g., regressors, thresholding functions, calibration datasets, etc), to derive such error estimates, which can obfuscate the benefits of a particular scoring function. Therefore, in this work, we rigorously study the effectiveness of popular scoring functions (confidence, local manifold smoothness, model agreement), independent of mechanism choice. We find, absent complex mechanisms, that state-of-the-art confidence- and smoothness- based scores fail to outperform simple model-agreement scores when estimating error under distribution shifts and corruptions. Furthermore, on realistic settings where the training data has been compromised (e.g., label noise, measurement noise, under-sampling), we find that model-agreement scores continue to perform well and that ensemble diversity is important for improving its performance. Finally, to better understand the limitations of scoring functions, we demonstrate that simplicity bias, or the propensity of deep neural networks to rely upon simple but brittle features, can adversely affect GEP performance. Overall, our work carefully studies the effectiveness of popular scoring functions in realistic settings and helps to better understand their limitations.",10.1109/ICASSP49357.2023.10095957,https://ieeexplore.ieee.org/stamp/stamp.jsp?arnumber=10095957,Generalization;Data Augmentation;Out-of-Distribution,1.0,yes,moved,no,no,no,no
A Distributed Robust Out-of-Distribution Consumer Recommendation System Using Diffusion Model,J. Bao; H. Shi; Z. Zhou; S. Wang; R. Ma; Y. Yue; Z. Song; H. Guan; Y. Liu,IEEE Transactions on Consumer Electronics,2025,"With the continuous development and widespread application of consumer electronic products, intelligent generation in the field of consumer electronics is capable of generating content based on user preferences and behaviors, providing a more thoughtful and boundary-pushing user experience. Diffusion models, owing to their powerful data distribution modeling capabilities and high-quality project generation abilities, have emerged as a potential study avenue in the domain of recommendation systems. Currently, graph-based recommendation methods using distributionally robust optimization (DRO) assign greater weight to the noise distribution during training, which leads to model parameter learning being dominated by noise. When the model overemphasizes fitting noisy samples in the training data, it may learn irrelevant or meaningless features that do not generalize to out-of-distribution (OOD) data. We propose a diffusion-based distributed robust graph model (DiffDRG) to tackle this issue for ood recommendations. Our solution initially employs a straightforward and efficient diffusion paradigm to alleviate noise effects in the latent space. Additionally, we introduce an entropy regularization term in the DRO objective function to avoid the appearance of extreme sample weights in the worst-case distribution. To assess the efficacy of our system, we perform comprehensive experiments on three datasets across two common distribution shift scenarios.",10.1109/TCE.2025.3624922,https://ieeexplore.ieee.org/stamp/stamp.jsp?arnumber=11215749,Diffusion models;consumer electronics;distributionally robust optimization;out-of-distribution,,,removed,no,no,no,no
A Domain Generalization Approach for Out-Of-Distribution 12-lead ECG Classification with Convolutional Neural Networks,A. Ballas; C. Diou,2022 IEEE Eighth International Conference on Big Data Computing Service and Applications (BigDataService),2022,"Deep Learning systems have achieved great success in the past few years, even surpassing human intelligence in several cases. As of late, they have also established themselves in the biomedical and healthcare domains, where they have shown a lot of promise, but have not yet achieved widespread adoption. This is in part due to the fact that most methods fail to maintain their performance when they are called to make decisions on data that originate from a different distribution than the one they were trained on, namely Out-Of-Distribution (OOD) data. For example, in the case of biosignal classification, models often fail to generalize well on datasets from different hospitals, due to the distribution discrepancy amongst different sources of data. Our goal is to demonstrate the Domain Generalization problem present between distinct hospital databases and propose a method that classifies abnormalities on 12-lead Electrocardiograms (ECGs), by leveraging information extracted across the architecture of a Deep Neural Network, and capturing the underlying structure of the signal. To this end, we adopt a ResNet-18 as the backbone model and extract features from several intermediate convolutional layers of the network. To evaluate our method, we adopt publicly available ECG datasets from four sources and handle them as separate domains. To simulate the distributional shift present in real-world settings, we train our model on a subset of the domains and leave-out the remaining ones. We then evaluate our model both on the data present at training time (intra-distribution) and the held-out data (out-of-distribution), achieving promising results and surpassing the baseline of a vanilla Residual Network in most of the cases.",10.1109/BigDataService55688.2022.00009,https://ieeexplore.ieee.org/stamp/stamp.jsp?arnumber=9898255,deep learning;convolutional neural network;domain generalization biosignal classification;out of distribution,4.0,yes,moved,no,no,no,yes
A Neuro-Symbolic Approach for Marine Vessels Power Prediction Under Distribution Shifts,A. Hammoudeh; I. Ghannam; H. Mubarak; E. Jean; V. Vandenbulcke; S. Dupont,2023 IEEE Jordan International Joint Conference on Electrical Engineering and Information Technology (JEEIT),2023,"This paper proposes a neuro-symbolic approach to predict the power of marine cargo vessels. The neuro-symbolic approach combines two parts. The first is a neural networks part, and the second is a symbolic part that relies on physics-based formulae. The Shifts-power dataset was used for evaluation. The experimental results showed that a combination of a physics-based module (symbolic part) with a neural networks model (namely ensemble Monte Carlo dropout) superseded the state-of-the-art results by 2.3% in terms of uncertainty estimation measured using R-AUC, and by 3.4% in terms of power prediction for out-of-distribution (OOD) examples measured using RMSE. It also superseded the symbolic approach by 6.3% in terms of uncertainty and 17.7% in terms of OOD power prediction.",10.1109/JEEIT58638.2023.10185803,https://ieeexplore.ieee.org/stamp/stamp.jsp?arnumber=10185803,deep learning;distribution shifts;neuro-symbolic;uncertainty;marine vessels;power prediction,1.0,,removed,no,no,no,no
A Remedy For Distributional Shifts Through Expected Domain Translation,J. -C. Gagnon-Audet; S. Shahtalebi; F. Rudzicz; I. Rish,"ICASSP 2022 - 2022 IEEE International Conference on Acoustics, Speech and Signal Processing (ICASSP)",2022,"Machine learning models often fail to generalize to unseen domains due to the distributional shifts. A family of such shifts, “correlation shifts,” is caused by spurious correlations in the data. It is studied under the overarching topic of “domain generalization.” In this work, we employ multi-modal translation networks to tackle the correlation shifts that appear when data is sampled out-of-distribution. Learning a generative model from training domains enables us to translate each training sample under the special characteristics of other possible domains. We show that by training a predictor solely on the generated samples, the spurious correlations in training domains average out, and the invariant features corresponding to true correlations emerge. Our proposed technique, Expected Domain Translation (EDT), is benchmarked on the Colored MNIST dataset and drastically improves the state-of-the-art classification accuracy by 38% with train-domain validation model selection.",10.1109/ICASSP43922.2022.9746434,https://ieeexplore.ieee.org/stamp/stamp.jsp?arnumber=9746434,machine learning;domain generalization;out-of-distribution generalization;correlation shift,,yes,moved,no,no,no,yes
"A Review of Graph Neural-Networks for EEG-Based Emotion-Recognition: Tackling Data-Imbalance, Noise, and Out-of-Distribution Generalization",D. Bhattacharjee; U. Talukdar,2025 3rd International Conference on Inventive Computing and Informatics (ICICI),2025,"Electroencephalogram (EEG)-based emotion recognition has attracted a great deal of interest due to its potential uses in human-computer interaction, healthcare, and brain-computer interfaces. Spatial-temporal connections in brain waves are successfully captured by Graph Neural Networks (GNNs), which have become a potent paradigm for EEG research. However, Out-of-distribution (ODD) generalization, noise, and data imbalance are some of the major issues that affect the resilience and efficacy of EEG-based emotion identification. This paper offers a comprehensive review of current developments in GNN-based EEG emotion recognition, with a particular emphasis on a novel taxonomy that tackles these three important issues. We classify previous efforts according to their approaches to imbalance data, noise, and ODD generalization, analyze their methodologies, and presents future directions",10.1109/ICICI65870.2025.11069884,https://ieeexplore.ieee.org/stamp/stamp.jsp?arnumber=11069884,EEG;Emotion Recognition;Graph Neural Networks;Data Imbalance;Noise;Out of Distribution,,,removed,no,no,no,no
A Robust Framework for Distributional Shift Detection Under Sample-Bias,B. Torpmann-Hagen; M. A. Riegler; P. Halvorsen; D. Johansen,IEEE Access,2024,"Deep Neural Networks have been shown to perform poorly or even fail altogether when deployed in real-world settings, despite exhibiting excellent performance on initial benchmarks. This typically occurs due to relative changes in the nature of the production data, often referred to as distributional shifts. In an attempt to increase the transparency, trustworthiness, and overall utility of deep learning systems, a growing body of work has been dedicated to developing distributional shift detectors. As part of our work, we investigate distributional shift detectors that utilize statistical tests of neural network-based representations of data. We show that these methods are prone to fail under sample-bias, which we argue is unavoidable in most practical machine learning systems. To mitigate this, we implement a novel distributional shift detection framework which explicitly accounts for sample-bias via a simple sample-selection procedure. In particular, we show that the effect of sample-bias can be significantly reduced by performing statistical tests against the most similar data in the training set, as opposed to the training set as a whole. We find that this improves the stability and accuracy of a variety of distributional shift detection methods on both covariate- and semantic-shifts, with improvements to balanced accuracy typically ranging between 0.1 and 0.2, and false-positive-rates often being eliminated altogether under bias.",10.1109/ACCESS.2024.3393296,https://ieeexplore.ieee.org/stamp/stamp.jsp?arnumber=10507823,Deep learning;system support;neural networks;distributional shift;OOD detection;sample bias;statistical tests,3.0,yes,moved,no,no,no,yes
A Secure and Robust Knowledge Transfer Framework via Stratified-Causality Distribution Adjustment in Intelligent Collaborative Services,J. Jia; S. Ma; L. Wang; Y. Liu; R. H. Deng,IEEE Transactions on Computers,2024,"The rapid development of device-edge-cloud collaborative computing techniques has actively contributed to the popularization and application of intelligent service models. The intensity of knowledge transfer plays a vital role in enhancing the performance of intelligent services. However, the existing knowledge transfer methods are mainly implemented through data fine-tuning and model distillation, which may cause the leakage of data privacy or model copyright in intelligent collaborative systems. To address this issue, we propose a secure and robust knowledge transfer framework through stratified-causality distribution adjustment (SCDA) for device-edge-cloud collaborative services. Specifically, a simple yet effective density-based estimation is first employed to obtain uncertainty scores that guide the space stratification, which is conducive to reconstructing low-density distribution regions from high-density distribution regions more adaptively and accurately. Subsequently, we devise a novel causality-aware generative model to generate synthetic features for the out-of-distribution domain by exploring the relationship between factors and variables. Ultimately, we introduce a cycle-consistent minimax optimization mechanism to ensure the effectiveness and dependability of knowledge transfer through the influence minimization and the diversity maximization. Furthermore, extensive experiments demonstrate that our scheme can protect the security of data privacy and model copyright in intelligent collaborative services through adaptive distribution adjustment.",10.1109/TC.2023.3318403,https://ieeexplore.ieee.org/stamp/stamp.jsp?arnumber=10261341,Intelligent collaborative service;knowledge transfer;privacy preservation;copyright protection;adaptive distribution adjustment,,,removed,no,no,no,no
A Signature Recognition Technique With a Powerful Verification Mechanism Based on CNN and PCA,G. Abosamra; H. Oqaibi,IEEE Access,2024,"In this paper, we embed a signature verification mechanism in a previously introduced architecture for signature recognition to detect in-distribution and out-of-distribution random forgeries. In the previous architecture, a CNN was trained on the genuine user training dataset and then used as a feature extraction module. A k-NN algorithm with cosine distance was then used to classify the unknown signatures based on the nearest cosine distance neighbor. This architecture led to higher than 99% accuracy, but without verification, because any unknown signature will converge to one of the identities of the training dataset’s users. To add a verification mechanism that differentiates between genuine and random forgeries, we use PCA to select the most discriminating features used in calculating the cosine distance between the training and testing signatures. A fixed parameter thresholding technique based on the training distances is introduced that best differentiates between the genuine and random-user signatures. Moreover, enhancement of the technique is carried out by combining the output of the Softmax layer and the last convolution layer of the ResNet18 model to get a highly discriminative representation of the handwritten signatures. Accordingly, the introduced verification mechanism resulted in very low false positive and negative rates for test signatures from inside and outside the main dataset, with an insignificant decrease in the high identification accuracy. The complete architecture has been tested on three publicly available datasets, showing superior results.",10.1109/ACCESS.2024.3377455,https://ieeexplore.ieee.org/stamp/stamp.jsp?arnumber=10472494,Convolutional neural networks;cosine distance;false negative rate;false positive rate;k-Nearest neighbor algorithm;out-of-distribution detection;signature identification;signature verification,4.0,,removed,no,no,no,no
A Simple Normalization Technique Using Window Statistics to Improve the Out-of-Distribution Generalization on Medical Images,C. Zhou; J. Wang; S. Xiang; F. Liu; H. Huang; D. Qian,IEEE Transactions on Medical Imaging,2024,"Since data scarcity and data heterogeneity are prevailing for medical images, well-trained Convolutional Neural Networks (CNNs) using previous normalization methods may perform poorly when deployed to a new site. However, a reliable model for real-world clinical applications should generalize well both on in-distribution (IND) and out-of-distribution (OOD) data (e.g., the new site data). In this study, we present a novel normalization technique called window normalization (WIN) to improve the model generalization on heterogeneous medical images, which offers a simple yet effective alternative to existing normalization methods. Specifically, WIN perturbs the normalizing statistics with the local statistics computed within a window. This feature-level augmentation technique regularizes the models well and improves their OOD generalization significantly. Leveraging its advantage, we propose a novel self-distillation method called WIN-WIN. WIN-WIN can be easily implemented with two forward passes and a consistency constraint, serving as a simple extension to existing methods. Extensive experimental results on various tasks (6 tasks) and datasets (24 datasets) demonstrate the generality and effectiveness of our methods.",10.1109/TMI.2024.3353800,https://ieeexplore.ieee.org/stamp/stamp.jsp?arnumber=10399861,Normalization;out-of-distribution generalization;multi-center data,2.0,yes,moved,no,no,no,no
ACGANs Improve Chemical Sensors for Challenging Distributions,A. M. Moore; R. C. Paffenroth; K. T. Ngo; J. R. Uzarski,2022 21st IEEE International Conference on Machine Learning and Applications (ICMLA),2022,"Fast and accurate chemical sensors play vital roles in medical, military, and home safety applications. Artificial olfactory systems utilize arrays of chemiresistive sensors to maximize discriminability of chemical analytes given sensor responses. At deployment time, exposures to analytes may differ from training in concentrations, analyte types, and environmental factors. Training machine learning models to remain accurate on distribution-shifted testing data requires performing many diverse, costly experiments in controlled laboratory settings to create a well-rounded training data set. In practice even expensive, large data sets may be insufficient for generalization of a trained model to a real-world testing distribution. It is possible but costly to create large, diverse datasets of single-analyte exposures, but experimentation with multi-analyte combinations quickly becomes intractable. With this in mind, we benchmark and propose machine learning and deep learning approaches to the detection of obscured chemical analytes given only single-analyte training. We significantly improve upon baseline classification of a particular chemical analyte borne in vapor mixed with an obscurant chemical agent by inducing multitask learning through adversarial data synthesizing models. Given chemical analyte exposure times between 0.75 and 5 seconds and across three unique experiment data sets comprised of different sensors and experimental controls, we find approaches utilizing Auxiliary Classifier Generative Adversarial Networks (ACGANs) outperform machine learning and comparable neural network approaches. We corroborate with multitask learning to find that across domains the utilization of generative tasks in supervised learners may increase data efficiency and model robustness to out-of-distribution samples without additional data annotation.",10.1109/ICMLA55696.2022.00047,https://ieeexplore.ieee.org/stamp/stamp.jsp?arnumber=10069244,Chemical sensors;deep learning;multitask learning,3.0,,removed,no,no,no,yes
Acquire Domain Boundary Consciousness to Promote Operational Design Domain Monitoring of Traffic Conditions,S. Liu; Q. Zhang; P. Wang; W. Li; N. Deng; Z. Dai; Z. Hu,2024 IEEE 27th International Conference on Intelligent Transportation Systems (ITSC),2024,"As required by the Safety of the Intended Functionality (SOTIF) standard, to ensure the safe deployment of autonomous driving system (ADS), the system can only operate within its operational design domain (ODD) specified in the design phase. With safety requirements decomposed to a specific AI function module, operating within ODD can be fulfilled by ensuring the AI model to function exclusively in the environment akin to its training world. Thus, domain shift detection, or out-of-distribution (OOD) detection, of observations differentiating from the training dataset can be an effective runtime ODD monitoring approach. However, dynamic driving data, such as traffic conditions, are hard to model due to the additional temporal dimension and intricate interaction relationship between objects, compared to static environment data. In this paper, we employed an ODD monitoring module which consisted of a situational awareness model and an OOD detection algorithm. To promote the ODD monitoring performance, we proposed a novel training method incorporating supervised contrastive learning and near-ODD outlier exposed learning to improve ODD boundary consciousness of the situational awareness model. The experimental results both visually and quantitatively demonstrated the efficacy of our method, and the promising situational awareness modeling results for a specially designed intrinsic traffic condition revealed its potential of practical applications.",10.1109/ITSC58415.2024.10920256,https://ieeexplore.ieee.org/stamp/stamp.jsp?arnumber=10920256,,,,removed,no,no,no,yes
ActMAD: Activation Matching to Align Distributions for Test-Time-Training,M. J. Mirza; P. J. Soneira; W. Lin; M. Kozinski; H. Possegger; H. Bischof,2023 IEEE/CVF Conference on Computer Vision and Pattern Recognition (CVPR),2023,"Test-Time-Training (TTT) is an approach to cope with out-of-distribution (OOD) data by adapting a trained model to distribution shifts occurring at test-time. We propose to perform this adaptation via Activation Matching (ActMAD): We analyze activations of the model and align activation statistics of the OOD test data to those of the training data. In contrast to existing methods, which model the distribution of entire channels in the ultimate layer of the feature extractor, we model the distribution of each feature in multiple layers across the network. This results in a more fine-grained supervision and makes ActMAD attain state of the art performance on CIFAR-100C and Imagenet-C. ActMAD is also architecture-and task-agnostic, which lets us go beyond image classification, and score 15.4% improvement over previous approaches when evaluating a KITTI-trained object detector on KITTI-Fog. Our experiments highlight that ActMAD can be applied to online adaptation in realistic scenarios, requiring little data to attain its full performance.",10.1109/CVPR52729.2023.02313,https://ieeexplore.ieee.org/stamp/stamp.jsp?arnumber=10203478,Self-supervised or unsupervised representation learning,9.0,yes,moved,no,no,no,yes
Anomaly Detection under Distribution Shift,T. Cao; J. Zhu; G. Pang,2023 IEEE/CVF International Conference on Computer Vision (ICCV),2023,"Anomaly detection (AD) is a crucial machine learning task that aims to learn patterns from a set of normal training samples to identify abnormal samples in test data. Most existing AD studiesassume that the training and test data are drawn from the same data distribution, but the test data can have large distribution shifts arising in many real-world applications due to different natural variations such as new lighting conditions, object poses, or background appearances, rendering existing AD methods ineffective in such cases. In this paper, we consider the problem of anomaly detection under distribution shift and establish performance benchmarks on four widely-used AD and out-of-distribution (OOD) generalization datasets. We demonstrate that simple adaptation of state-of-the-art OOD generalization methods to AD settings fails to work effectively due to the lack of labeled anomaly data. We further introduce a novel robust AD approach to diverse distribution shifts by minimizing the distribution gap between in-distribution and OOD normal samples in both the training and inference stages in an unsupervised way. Our extensive empirical results on the four datasets show that our approach substantially outperforms state-of-the-art AD methods and OOD generalization methods on data with various distribution shifts, while maintaining the detection accuracy on in-distribution data. Code and data are available at https://github.com/mala-lab/ADShift.",10.1109/ICCV51070.2023.00599,https://ieeexplore.ieee.org/stamp/stamp.jsp?arnumber=10377640,,25.0,yes,yes,no,yes,no,yes
Adaptive Calibrator Ensemble: Navigating Test Set Difficulty in Out-of-Distribution Scenarios,Y. Zou; W. Deng; L. Zheng,2023 IEEE/CVF International Conference on Computer Vision (ICCV),2023,"Model calibration usually requires optimizing some parameters (e.g., temperature) w.r.t an objective function like negative log-likelihood. This work uncovers a significant but overlooked aspect that the objective function is influenced by calibration set difficulty: the ratio of misclassified to correctly classified samples1. If a test set has a drastically different difficulty level from the calibration set, a phenomenon out-of-distribution (OOD) data often exhibit: the optimal calibration parameters of the two datasets would be different, rendering an optimal calibrator on the calibration set suboptimal on the OOD test set and thus degraded calibration performance. With this knowledge, we propose a simple and effective method named adaptive calibrator ensemble (ACE) to calibrate OOD datasets whose difficulty is usually higher than the calibration set. Specifically, two calibration functions are trained, one for in-distribution data (low difficulty), and the other for severely OOD data (high difficulty). To achieve desirable calibration on a new OOD dataset, ACE uses an adaptive weighting method that strikes a balance between the two extreme functions. When plugged in, ACE generally improves the performance of a few state-of-the-art calibration schemes on a series of OOD benchmarks. Importantly, such improvement does not come at the cost of the in-distribution calibration performance. Project Website: https://github.com/insysgroup/Adaptive-Calibrators-Ensemble.git.",10.1109/ICCV51070.2023.01771,https://ieeexplore.ieee.org/stamp/stamp.jsp?arnumber=10378233,,4.0,yes,moved,no,no,no,no
Adaptive Hierarchical Graph Cut for Multi-granularity Out-of-distribution Detection,X. Fang; A. Easwaran; B. Genest; P. N. Suganthan,IEEE Transactions on Artificial Intelligence,2025,"This paper focuses on a significant yet challenging task: out-of-distribution detection (OOD detection), which aims to distinguish and reject test samples with semantic shifts, so as to prevent models trained on in-distribution (ID) data from producing unreliable predictions. Although previous works have had decent success, they are ineffective for real-world challenging applications since these methods regard all unlabeled data as OOD data and ignore the case that different datasets have different label granularity. For example, “cat” on CIFAR-10 and “tabby cat” on Tiny-ImageNet share the same semantics but have different labels due to various label granularity. To this end, in this paper, we propose a novel Adaptive Hierarchical Graph Cut network (AHGC) to deeply explore the semantic relationship between different images. Specifically, we construct a hierarchical KNN graph to evaluate the similarities between different images based on the cosine similarity. Based on the linkage and density information of the graph, we cut the graph into multiple subgraphs to integrate these semantics-similar samples. If the labeled percentage in a subgraph is larger than a threshold, we will assign the label with the highest percentage to unlabeled images. To further improve the model generalization, we augment each image into two augmentation versions, and maximize the similarity between the two versions. Finally, we leverage the similarity score for OOD detection. Extensive experiments on two challenging benchmarks (CIFAR-10 and CIFAR-100) illustrate that in representative cases, AHGC outperforms state-of-the-art OOD detection methods by 81.24% on CIFAR-100 and by 40.47% on CIFAR-10 in terms of “FPR95”.",10.1109/TAI.2025.3550473,https://ieeexplore.ieee.org/stamp/stamp.jsp?arnumber=10923752,Out-of-distribution Detection;Adaptive Hierarchical Graph Cut;Intra-subgraph Label Assignment,,yes,moved,no,yes,no,no
Adaptive Neural Networks for Intelligent Data-Driven Development,Y. Shocb; A. Nowzad; H. Gottschalk,2025 IEEE Intelligent Vehicles Symposium (IV),2025,"Advances in machine learning methods for computer vision tasks have led to their consideration for safety-critical applications like autonomous driving. However, effectively integrating these methods into the automotive development lifecycle remains challenging. Since the performance of machine learning algorithms relies heavily on the training data provided, the data and model development lifecycle play a key role in successfully integrating these components into the product development lifecycle. Existing models frequently encounter difficulties recognizing or adapting to novel instances not present in the original training dataset. This poses a significant risk for reliable deployment in dynamic environments. To address this challenge, we propose an adaptive neural network architecture and an iterative development framework that enables users to efficiently incorporate previously unknown objects into the current perception system. Our approach builds on continuous learning, emphasizing the necessity of dynamic updates to reflect real-world deployment conditions. Specifically, we introduce a pipeline with three key components: (1) a scalable network extension strategy to integrate new classes while preserving existing performance, (2) a dynamic OoD detection component that requires no additional retraining for newly added classes, and (3) a retrieval-based data augmentation process tailored for safety-critical deployments. The integration of these components establishes a pragmatic and adaptive pipeline for the continuous evolution of perception systems in the context of autonomous driving.",10.1109/IV64158.2025.11097822,https://ieeexplore.ieee.org/stamp/stamp.jsp?arnumber=11097822,,1.0,yes,moved,no,no,no,no
Addressing the Impact of Localized Training Data in Graph Neural Networks,A. Akansha,2023 7th International Conference on Computer Applications in Electrical Engineering-Recent Advances (CERA),2023,"In the realm of Graph Neural Networks (GNNs), which excel at capturing intricate dependencies in graph-structured data, we address a significant limitation. Most state-of-the-art GNNs assume an in-distribution setting, limiting their performance on real-world dynamic graphs. This article seeks to assess the influence of training GNNs using localized subsets of graphs. Such constrained training data could result in a model performing well in the specific trained region, but struggling to generalize and provide accurate predictions for the entire graph. Within the realm of graph-based semi-supervised learning (SSL), resource constraints frequently give rise to situations where a substantial dataset is available, yet only a fraction of it can be labeled. Such circumstances directly impact the model’s efficacy. The limitations stemming from localized training data significantly impact tasks such as anomaly and spam detection, especially when labeling processes are biased or influenced by human subjectivity. To address these challenges, we frame the issue as an out-of-distribution (OOD) data problem. This involves aligning the distributions between the training data, which constitutes a small fraction of labeled data, and the graph inference process responsible for predicting the entire graph. To mitigate these challenges, we introduce a regularization method designed to minimize distributional discrepancies between 10-calized training data and the graph inference process. This regularization technique enhances the model’s performance on OOD data. Rigorous testing on well-established Graph Neural Network (GNN) models demonstrates significant performance improvements across three citation GNN benchmark datasets. The regularization approach not only improves model adaptation but also enhances generalization, effectively overcoming the challenges posed by OOD data. 1.",10.1109/CERA59325.2023.10455308,https://ieeexplore.ieee.org/stamp/stamp.jsp?arnumber=10455308,Graph neural networks (GNNs);Out-of-distribution (OOD) graph data;Semi-supervised learning;Distributional discrepancy in graph data,,,removed,no,yes,no,no
ADMEOOD: Out-of-Distribution Benchmark for Drug Property Prediction,S. Wei; Y. Guo; X. Wen; S. Li; L. Zhu; R. Zhu,2023 IEEE International Conference on Bioinformatics and Biomedicine (BIBM),2023,"Obtaining accurate and effective information for drug molecules is a crucial and challenging task, which relies on high-quality chemical knowledge. However, chemical knowledge has been accumulated over the past 100 years from various regions, laboratories, and experimental purposes, which contains a lot of noise and inconsistency, leading to the out-of-distribution (OOD) problem. OOD may results in weak robustness and unsatisfied performance. In order to solve OOD learning problem with noise, a novel benchmark: ADMEOOD is proposed, which is a systematic OOD dataset curator and specifically designed for drug property prediction. ADMEOOD screens 27 Absorption, Distribution, Metabolism and Excretion (ADME) drug properties from Chembl and relevant literature. This paper explicitly make distinctions between two kinds of OOD data shifts: Noise Shift and Concept Conflict Drift (CCD). Overall, ADME contains 6 domain annotations combined with noise, CCD and no shifts, resulting in 18 different splits in total. ADMEOOD provides performance results on a variety of SOTA OOD models. The results demonstrate a significant difference performance between in-distribution and OOD data. Moreover, Empirical Risk Minimization and other models exhibit distinct trends in different domains and measurement types. The ADMEOOD benchmark can be accessed via https://github.com/qweasdzxc-wsy/ADMEOOD/.",10.1109/BIBM58861.2023.10385708,https://ieeexplore.ieee.org/stamp/stamp.jsp?arnumber=10385708,ADME;Benchmark;Drug property prediction;Out-of-distribution,1.0,,removed,no,no,no,no
Advancing towards Safe Reinforcement Learning over Sparse Environments with Out-of-Distribution Observations: Detection and Adaptation Strategies,A. Martinez-Seras; A. Andres; J. Del Ser,2024 International Joint Conference on Neural Networks (IJCNN),2024,"Safety in AI-based systems is among the highest research priorities, particularly when such systems are deployed in real-world scenarios subject to uncertainties and unpredictable inputs. Among them, the presence of long-tailed stimuli (Out-of-Distribution data, OoD) has captured much interest in recent times, giving rise to many proposals over the years to detect unfamiliar inputs to the model and adapt its knowledge accordingly. This work analyzes several OoD detection and adaptation strategies for Reinforcement Learning agents over environments with sparse reward signals. The sparsity of rewards and the impact of OoD objects on the state transition distribution learned by the agent are shown to be crucial when it comes to the design of effective knowledge transfer methods once OoD objects are detected. Furthermore, different approaches to detect OoD elements within the observation of the agent are also outlined, stressing on their benefits and potential downsides. Experiments with procedurally generated environments are performed to assess the performance of the considered OoD detection techniques, and to gauge the impact of the adaptation strategies on the generalization capability of the RL agent. The results pave the way towards further research around the provision of safety guarantees in sparse open-world Reinforcement Learning environments.",10.1109/IJCNN60899.2024.10650670,https://ieeexplore.ieee.org/stamp/stamp.jsp?arnumber=10650670,Open-World Learning;Reinforcement Learning;Sparse Rewards;Out-of-Distribution (OoD),,,removed,no,yes,no,yes
Adversarial Training with Domain Generalization,S. Zhou; C. Sui; H. Wang; D. Hong; Q. Gong; A. Wang; J. Hu; K. Wu,2023 3rd International Conference on Electronic Information Engineering and Computer Science (EIECS),2023,"Adversarial training (AT) with a self-adversarial pattern is one of the most effective means to enhance model’s robustness. Domain generalization (DG) is capable of addressing the issue that models trained in the source domain appear to underperform when applied to the target domain by reducing the domain distribution variance. This means that the model trained with DG can generalize well to the out-of-distribution (OOD) datasets, which coincides with the goal of AT. Therefore, we view natural images and their adversarial images as two domains (i.e., natural domain and adversarial domain), and hope that using the DG to bridge the probability distributions gap between the two domains. Respecting this, we propose a DG-guided AT method (AT-DG). Specifically, in the process of learning the domain labels of the images, we leverage contrastive learning to achieve feature alignment between the two domains to learn the cross-domain invariant features of the data, and to enhance the adversarial robustness. Experimental results demonstrate that our approach effectively improves the robustness and generalization against various adversarial attacks.",10.1109/EIECS59936.2023.10435473,https://ieeexplore.ieee.org/stamp/stamp.jsp?arnumber=10435473,adversarial training;domain generalization;robust;feature alignment;contrastive learning,,yes,moved,no,no,no,no
AETTA: Label-Free Accuracy Estimation for Test-Time Adaptation,T. Lee; S. Chottananurak; T. Gong; S. -J. Lee,2024 IEEE/CVF Conference on Computer Vision and Pattern Recognition (CVPR),2024,"Test-time adaptation (TTA) has emerged as a viable solution to adapt pretrained models to domain shifts using unlabeled test data. However, TTA faces challenges of adaptation failures due to its reliance on blind adaptation to unknown test samples in dynamic scenarios. Traditional methods for out-of-distribution performance estimation are limited by unrealistic assumptions in the TTA context, such as requiring labeled data or retraining models. To address this issue, we propose AETTA, a label-free accuracy estimation algorithm for TTA. We propose the prediction disagreement as the accuracy estimate, calculated by comparing the target model prediction with dropout inferences. We then improve the prediction disagreement to extend the applicability of AETTA under adaptation failures. Our extensive evaluation with four baselines and six TTA methods demonstrates that AETTA shows an average of 19.8%p more accurate estimation compared with the baselines. We further demonstrate the effectiveness of accuracy estimation with a model recovery case study, showcasing the practicality of our model recovery based on accuracy estimation. The source code is available at https://github.com/taeckyung/AETTA.",10.1109/CVPR52733.2024.02706,https://ieeexplore.ieee.org/stamp/stamp.jsp?arnumber=10655412,test-time adaptation;accuracy estimation;performance estimation,1.0,yes,moved,no,no,no,yes
AimTS: Augmented Series and Image Contrastive Learning for Time Series Classification,Y. Chen; S. Huang; Y. Cheng; P. Chen; Z. Rao; Y. Shu; B. Yang; L. Pan; C. Guo,2025 IEEE 41st International Conference on Data Engineering (ICDE),2025,"Time series classification (TSC) is an important task in time series analysis. Existing TSC methods mainly train on each single domain separately, suffering from a degradation in accuracy when the samples for training are insufficient in certain domains. The pre-training and fine-tuning paradigm provides a promising direction for solving this problem. However, time series from different domains are substantially divergent, which challenges the effective pre-training on multi-source data and the generalization ability of pre-trained models. To handle this issue, we introduce Augmented Series and Image Contrastive Learning for Time Series Classification (AimTS), a pre-training framework that learns generalizable representations from multi-source time series data. We propose a two-level prototype-based contrastive learning method to effectively utilize various augmentations in multi-source pre-training, which learns representations for TSC that can be generalized to different domains. In addition, considering augmentations within the single time series modality are insufficient to fully address classification problems with distribution shift, we introduce the image modality to supplement structural information and establish a series-image contrastive learning to improve the generalization of the learned representations for TSC tasks. Extensive experiments show that after multi-source pre-training, AimTS achieves good generalization performance, enabling efficient learning and even few-shot learning on various downstream TSC datasets.",10.1109/ICDE65448.2025.00149,https://ieeexplore.ieee.org/stamp/stamp.jsp?arnumber=11113179,Time series classification;Contrastive learning,1.0,,removed,no,no,no,no
ALFA – Leveraging All Levels of Feature Abstraction for Enhancing the Generalization of Histopathology Image Classification Across Unseen Hospitals,M. Sikaroudi; M. Hosseini; S. Rahnamayan; H. R. Tizhoosh,2023 IEEE/CVF International Conference on Computer Vision Workshops (ICCVW),2023,"We propose an exhaustive methodology that leverages all levels of feature abstraction, targeting an enhancement in the generalizability of image classification to unobserved hospitals. Our approach incorporates augmentation-based self-supervision with common distribution shifts in histopathology scenarios serving as the pretext task. This enables us to derive invariant features from training images without relying on training labels, thereby covering different abstraction levels. Moving onto the subsequent abstraction level, we employ a domain alignment module to facilitate further extraction of invariant features across varying training hospitals. To represent the highly specific features of participating hospitals, an encoder is trained to classify hospital labels, independent of their diagnostic labels. The features from each of these encoders are subsequently disentangled to minimize redundancy and segregate the features. This representation, which spans a broad spectrum of semantic information, enables the development of a model demonstrating increased robustness to unseen images from disparate distributions. Experimental results from the PACS dataset (a domain generalization benchmark), a synthetic dataset created by applying histopathology-specific jitters to the MHIST dataset (defining different domains with varied distribution shifts), and a Renal Cell Carcinoma dataset derived from four image repositories from TCGA, collectively indicate that our proposed model is adept at managing varying levels of image granularity. Thus, it shows improved generalizability when faced with new, out-of-distribution hospital images. The code is available at: https://github.com/miladsikaroudi/ALFA.",10.1109/ICCVW60793.2023.00281,https://ieeexplore.ieee.org/stamp/stamp.jsp?arnumber=10350653,Domain Generalization;Generalization;Multi hospital;Invariant features;Specific features,,yes,moved,no,no,no,no
Amplitude-Phase Recombination: Rethinking Robustness of Convolutional Neural Networks in Frequency Domain,G. Chen; P. Peng; L. Ma; J. Li; L. Du; Y. Tian,2021 IEEE/CVF International Conference on Computer Vision (ICCV),2021,"Recently, the generalization behavior of Convolutional Neural Networks (CNN) is gradually transparent through explanation techniques with the frequency components decomposition. However, the importance of the phase spectrum of the image for a robust vision system is still ignored. In this paper, we notice that the CNN tends to converge at the local optimum which is closely related to the high-frequency components of the training images, while the amplitude spectrum is easily disturbed such as noises or common corruptions. In contrast, more empirical studies found that humans rely on more phase components to achieve robust recognition. This observation leads to more explanations of the CNN’s generalization behaviors in both robustness to common perturbations and out-of-distribution detection, and motivates a new perspective on data augmentation designed by re-combing the phase spectrum of the current image and the amplitude spectrum of the distracter image. That is, the generated samples force the CNN to pay more attention to the structured information from phase components and keep robust to the variation of the amplitude. Experiments on several image datasets indicate that the proposed method achieves state-of-the-art performances on multiple generalizations and calibration tasks, including adaptability for common corruptions and surface variations, out-of-distribution detection, and adversarial attack. The code is released on github/iCGY96/APR.",10.1109/ICCV48922.2021.00051,https://ieeexplore.ieee.org/stamp/stamp.jsp?arnumber=9711330,Recognition and classification,84.0,yes,moved,no,no,no,yes
An Adaptive and Robust Deep Learning Framework for THz Ultra-Massive MIMO Channel Estimation,W. Yu; Y. Shen; H. He; X. Yu; S. Song; J. Zhang; K. B. Letaief,IEEE Journal of Selected Topics in Signal Processing,2023,"Terahertz ultra-massive MIMO (THz UM-MIMO) is envisioned as one of the key enablers of 6G wireless networks, for which channel estimation is highly challenging. Traditional analytical estimation methods are no longer effective, as the enlarged array aperture and the small wavelength result in a mixture of far-field and near-field paths, constituting a hybrid-field channel. Deep learning (DL)-based methods, despite the competitive performance, generally lack theoretical guarantees and scale poorly with the size of the array. In this article, we propose a general DL framework for THz UM-MIMO channel estimation, which leverages existing iterative channel estimators and is with provable guarantees. Each iteration is implemented by a fixed point network (FPN), consisting of a closed-form linear estimator and a DL-based non-linear estimator. The proposed method perfectly matches the THz UM-MIMO channel estimation due to several unique advantages. First, the complexity is low and adaptive. It enjoys provable linear convergence with a low per-iteration cost and monotonically increasing accuracy, which enables an adaptive accuracy-complexity tradeoff. Second, it is robust to practical distribution shifts and can directly generalize to a variety of heavily out-of-distribution scenarios with almost no performance loss, which is suitable for the complicated THz channel conditions. For practical usage, the proposed framework is further extended to wideband THz UM-MIMO systems with beam squint effect. Theoretical analysis and extensive simulation results are provided to illustrate the advantages over the state-of-the-art methods in estimation accuracy, convergence rate, complexity, and robustness.",10.1109/JSTSP.2023.3282832,https://ieeexplore.ieee.org/stamp/stamp.jsp?arnumber=10143629,THz UM-MIMO;hybrid-field;channel estimation;deep learning;fixed point;out-of-distribution generalization,61.0,,removed,no,no,no,yes
An Advanced Dirichlet Prior Network for Out-of-Distribution Detection in Remote Sensing,J. Gawlikowski; S. Saha; A. Kruspe; X. X. Zhu,IEEE Transactions on Geoscience and Remote Sensing,2022,"Remote sensing deals with a plethora of sensors, a large number of classes/categories, and a huge variation in geography. Due to the difficulty of collecting labeled data uniformly representing all scenarios, data-hungry deep learning models are often trained with labeled data in a source domain that is limited in the above-mentioned aspects. However, during the test/inference phase, such deep learning models are often subjected to a distributional shift, also called out-of-distribution (OOD) samples, in the form of unseen classes, geographic differences, and multisensor differences. Deep learning models can behave in an unexpected manner when subjected to such distributional uncertainties. Vulnerability to OOD data severely reduces the reliability of deep learning models and trusting on such predictions in the absence of any reliability indicator may lead to wrong policy decisions or mishaps in time-bound remote sensing applications. Motivated by this, in this work, we propose a Dirichlet prior network-based model to quantify the distributional uncertainty of deep learning-based remote sensing models. The approach seeks to maximize the representation gap between the in-domain and OOD examples for better segregation of OOD samples at test time. Extensive experiments on several remote sensing image classification datasets demonstrate that the proposed model can quantify distributional uncertainty. To the best of our knowledge, this is the first work to elaborately study distributional uncertainty in context of remote sensing. The codes are publicly available at https://gitlab.lrz.de/ai4eo/Uncertainty/-/tree/main/DPN-RS.",10.1109/TGRS.2022.3140324,https://ieeexplore.ieee.org/stamp/stamp.jsp?arnumber=9668955,Distributional uncertainty;open-set recognition;out-of-distribution (OOD);reliability;remote sensing;robustness;uncertainty,44.0,yes,moved,no,no,no,yes
An Unseen Features Enhanced Text Classification Approach,N. A. Wasi; M. Abulaish,2023 International Joint Conference on Neural Networks (IJCNN),2023,"In this paper, we discuss the issue of features that emerge during the prediction phase of a machine learning model, termed as unseen features. Because unseen features are absent from the vocabulary of the trained model, they are often rejected during the preprocessing stage of the learning model in standard machine learning approaches. We introduce the idea of unseen features and a method for identifying and using them for classification tasks. Because the dimension of feature vector required for trained machine learning model is going to differ upon incorporating unseen features of the testing data sample, it is not practical to directly incorporate unseen features since they only exist during the prediction phase of a machine learning model. As a result, the feature space for the training set is transformed to the embedding space which facilitates the use of unseen features. The proposed approach is empirically evaluated using standard metrics over three benchmark datasets in diverse circumstances (natural and balanced datasets) and on various text types – long-texts (aka structured texts) and short-texts (aka unstructured texts) considering five distinct classification algorithms. The experimental findings confirm the effectiveness of using unseen features during a machine learning model's deployment phase. The proposed unseen features enhanced technique outperforms the conventional approaches in both balanced class distribution and natural class distribution scenarios by a significant margin of at least 10%.",10.1109/IJCNN54540.2023.10191857,https://ieeexplore.ieee.org/stamp/stamp.jsp?arnumber=10191857,Machine learning;Unseen features;Out-of-distribution;Text classification,2.0,,removed,no,no,no,no
Anchor-based Robust Finetuning of Vision-Language Models,J. Han; Z. Lin; Z. Sun; Y. Gao; K. Yan; S. Ding; Y. Gao; G. -S. Xia,2024 IEEE/CVF Conference on Computer Vision and Pattern Recognition (CVPR),2024,"We aim at finetuning a vision-language model without hurting its out-of-distribution (OOD) generalization. We address two types of OOD generalization, i.e., i) domain shift such as natural to sketch images, and ii) zero-shot capability to recognize the category that was not contained in the finetune data. Arguably, the diminished OOD generalization after finetuning stems from the excessively simplified finetuning target, which only provides the class information, such as “a photo of a [CLASS]”. This is distinct from the process in that CLIP was pretrained, where there is abundant text supervision with rich semantic information. Therefore, we propose to compensate for the finetune process using auxiliary supervision with rich semantic information, which acts as anchors to preserve the OOD generalization. Specifically, two types of anchors are elaborated in our method, including i) text-compensated anchor which uses the images from the finetune set but enriches the text supervision from a pretrained captioner, ii) image-text-pair anchor which is retrieved from the dataset similar to pretraining data of CLIP according to the downstream task, associating with the original CLIP text with rich semantics. Those anchors are utilized as auxiliary semantic information to maintain the original feature space of CLIP, thereby preserving the OOD generalization capabilities. Comprehensive experiments demonstrate that our method achieves in-distribution performance akin to conventional finetuning while attaining new state-of-the-art results on domain shift and zero-shot learning benchmarks.",10.1109/CVPR52733.2024.02542,https://ieeexplore.ieee.org/stamp/stamp.jsp?arnumber=10657688,Anchor;Robust Finetuning,2.0,,removed,no,no,no,yes
DynaOOD-Net: Dynamic Progressive Feature Fusion and Energy Balancing for Robust Out-of-Distribution Detection,J. Zhou; Z. Zhou; P. Zhang,IEEE Access,2025,"In the field of object detection in open environments, models are required to simultaneously recognize predefined categories and accurately distinguish unknown categories from non-object regions, all while addressing the challenges of imbalanced data distributions and multi-scale targets. To meet these demands, this paper proposes DynaOOD-Net, a novel detection framework designed to enhance model generalization performance through dynamic feature integration and energy-balanced regularization strategies. DynaOOD-Net consists of two core components: the Dynamic Progressive Feature Pyramid Network (DP-FPN) and the Balanced Energy Constraint Loss (BECL). DP-FPN incorporates a Multi-Branch Dynamic Fusion Block (MBDF) to enable dynamic feature interactions and progressive optimization, ensuring robust feature representation across complex scenarios. Meanwhile, BECL dynamically adjusts category constraints, effectively addressing the indistinct energy boundary between known and unknown objects and the class imbalance problem, thus improving the model’s ability to distinguish between in-distribution (ID) and out-of-distribution (OOD) samples. Additionally, Dynamic Progressive Feature Pyramid Network-Lite (DP-FPN-Lite) is proposed, which reduces computational and storage overhead by simplifying the network architecture while preserving the core concepts of DP-FPN. Experimental results on seven datasets demonstrate that DynaOOD-Net significantly improves the mAP for known categories and consistently outperforms existing state-of-the-art methods in unknown object detection metrics. These findings establish DynaOOD-Net as a robust and efficient solution to the challenges inherent in open-set object detection. At the same time, DynaOOD-Lite utilizes DP-FPN-Lite to retain strong OOD detection capabilities while significantly reducing model parameters, making it suitable for deployment in resource-constrained environments.",10.1109/ACCESS.2025.3552796,https://ieeexplore.ieee.org/stamp/stamp.jsp?arnumber=10933966,Out-of-distribution detection;open set detection;multi-scale feature fusion;feature pyramid network,,yes,yes,no,yes,no,yes
Anomaly-Aware Semantic Segmentation via Style-Aligned OoD Augmentation,D. Zhang; K. Sakmann; W. Beluch; R. Hutmacher; Y. Li,2023 IEEE/CVF International Conference on Computer Vision Workshops (ICCVW),2023,"Within the context of autonomous driving, encountering unknown objects becomes inevitable during deployment in the open world. Therefore, it is crucial to equip standard semantic segmentation models with anomaly awareness. Many previous approaches have utilized synthetic out-of-distribution (OoD) data augmentation to tackle this problem. In this work, we advance the OoD synthesis process by reducing the domain gap between the OoD data and driving scenes, effectively mitigating the style difference that might otherwise act as an obvious shortcut during training. Additionally, we propose a simple fine-tuning loss that effectively induces a pre-trained semantic segmentation model to generate a ""none of the given classes"" prediction, leveraging per-pixel OoD scores for anomaly segmentation. With minimal fine-tuning effort, our pipeline enables the use of pre-trained models for anomaly segmentation while maintaining the performance on the original task.",10.1109/ICCVW60793.2023.00439,https://ieeexplore.ieee.org/stamp/stamp.jsp?arnumber=10350731,anomaly segmentation;synthetic data augmentation;Out of distribution (OOD),3.0,yes,moved,no,no,no,no
Any-Shift Prompting for Generalization Over Distributions,Z. Xiao; J. Shen; M. M. Derakhshani; S. Liao; C. G. M. Snoek,2024 IEEE/CVF Conference on Computer Vision and Pattern Recognition (CVPR),2024,"Image-language models with prompt learning have shown remarkable advances in numerous downstream vision tasks. Nevertheless, conventional prompt learning methods overfit their training distribution and lose the generalization ability on test distributions. To improve generalization across various distribution shifts, we propose any-shift prompting: a general probabilistic inference framework that considers the relationship between training and test distributions during prompt learning. We explicitly connect training and test distributions in the latent space by constructing training and test prompts in a hierarchical architecture. Within this framework, the test prompt exploits the distribution relationships to guide the generalization of the CLIP image-language model from training to any test distribution. To effectively encode the distribution information and their relationships, we further introduce a transformer inference network with a pseudo-shift training mechanism. The network generates the tailored test prompt with both training and test information in a feed forward pass, avoiding extra training costs at test time. Extensive experiments on twenty-three datasets demonstrate the effectiveness of any-shift prompting on the generalization over various distribution shifts.",10.1109/CVPR52733.2024.01314,https://ieeexplore.ieee.org/stamp/stamp.jsp?arnumber=10655908,vision-language;prompt learning;distribution shifts;out-of-distribution generalization,2.0,,removed,no,no,no,no
Appearance-Agnostic Representation Learning for Compositional Action Recognition,P. Huang; X. Shu; R. Yan; Z. Tu; J. Tang,IEEE Transactions on Circuits and Systems for Video Technology,2025,"The discussion of compositional generalization in action recognition, i.e., Compositional Action Recognition (CAR), has recently received increasing attention. CAR challenges models to recognize unseen combinations of actions and objects, with the primary challenge being the distribution shift from training to testing. Most previous approaches for CAR incorporate supplementary object annotations (e.g. bounding boxes and objects categories) to learn an instance-centric dynamic representation. However, these methods inevitably introduce stronger visual inductive bias, including object appearance and background bias, that impact generalization performance, particularly in out-of-distribution scenarios. To this end, this work attempts to construct an appearance-agnostic de-biased representation by leveraging the powerful segmentation capability of Segment Anything Model (SAM), which is the first exploration of SAM in the field of compositional action recognition. Specifically, we propose a novel SAM-driven Appearance-Agnostic Representation Learning (A2RL) framework for CAR, which contains two effective sub-modules: Fore-Back Mask (FBM) and Dynamic Relation Modeling (DRM). In FBM, we design a fine-grained instance-invisible and background-removed masking strategy to effectively weaken the strong connection between visual cues and action labels, as well as minimize the impact of irrelevant factors. In DRM, we explore the potential association between subjects and objects involved in one action and then build appearance-agnostic relational descriptors for dynamic modeling. Extensive experiments demonstrate the generalization ability of this work. Notably, FBM achieves significant improvements in all three compositional settings without adding any additional model parameters. The proposed also gains state-of-the-art performance in comparison with the most recent methods in CAR.",10.1109/TCSVT.2024.3384392,https://ieeexplore.ieee.org/stamp/stamp.jsp?arnumber=10488474,Compositional action recognition;segment anything model;de-biased,8.0,,removed,no,no,no,yes
Application of Uncertainty to Out-of-Distribution Detection for Autonomous Driving Perception Safety,K. Wang; Q. Ma; C. Shen; J. Lu,IEEE Transactions on Intelligent Transportation Systems,2025,"Deep learning is well used in the field of autonomous driving, but systems often encounter scenarios that are significantly different from their training data, known as out-of-distribution (OOD) scenarios. In the realm of autonomous driving safety, perception is the most crucial and complex component, with existing perception network frameworks still suffering from inadequate accuracy, compounded by the plethora of uncertain factors and OOD scenarios in real road environments. However, previous research mainly focused on uncertainty methods and OOD detection techniques, lacking comprehensive reviews that cover their origins in the context of perception safety, theoretical analyses, evaluation metrics, and their applicability in ensuring autonomous driving safety. This review analyzes the OOD and uncertainty issues faced in the autonomous driving perception domain, including some cause analyses and solution s to these issues. Additionally, the review discusses OOD detection evaluation metrics that meet the safety requirements of autonomous driving. Thirdly, it summarizes existing OOD detection methods and explores their strengths and weaknesses under autonomous driving safety with evaluation metrics. Lastly, the article analyzes the application of uncertainty techniques in OOD detection, including the shortcomings and categorization of uncertainty methods, spatial feature utilization, semantic information, and performance optimization techniques. The review also highlights the shortcomings and improvement directions of uncertainty quantification techniques in OOD detection, along with the potential for further integration with autonomous driving scenarios. This study aims to promote the research and application of uncertainty quantification and OOD detection technologies in the context of autonomous driving safety. To facilitate future research, we create a repository that includes links to relevant reviews and methodological code for learning at https://github.com/sotif-ma/OOD-Detection-Methods-and-Datasets",10.1109/TITS.2025.3557996,https://ieeexplore.ieee.org/stamp/stamp.jsp?arnumber=10964785,OOD detection;uncertainty;autonomous driving;object detection,2.0,yes,moved,no,no,no,no
Applications of Domain Generalization to Machine Fault Diagnosis: A Survey,Y. Chen; D. Zhang; R. Yan; M. Xie,IEEE/CAA Journal of Automatica Sinica,2025,"In actual industrial scenarios, the variation of operating conditions, the existence of data noise, and failure of measurement equipment will inevitably affect the distribution of perceptive data. Deep learning-based fault diagnosis algorithms strongly rely on the assumption that source and target data are independent and identically distributed, and the learned diagnosis knowledge is difficult to generalize to out-of-distribution data. Domain generalization (DG) aims to achieve the generalization of arbitrary target domain data by using only limited source domain data for diagnosis model training. The research of DG for fault diagnosis has made remarkable progress in recent years and lots of achievements have been obtained. In this article, for the first time a comprehensive literature review on DG for fault diagnosis from a learning mechanism-oriented perspective is provided to summarize the development in recent years. Specifically, we first conduct a comprehensive review on existing methods based on the similarity of basic principles and design motivations. Then, the recent trend of DG for fault diagnosis is also analyzed. Finally, the existing problems and future prospect is performed.",10.1109/JAS.2025.125120,https://ieeexplore.ieee.org/stamp/stamp.jsp?arnumber=10965929,Deep learning;domain generalization (DG);fault diagnosis;out-of-distribution data,3.0,,removed,no,no,no,no
Are Data-Driven Explanations Robust Against Out-of-Distribution Data?,T. Li; F. Qiao; M. Ma; X. Peng,2023 IEEE/CVF Conference on Computer Vision and Pattern Recognition (CVPR),2023,"As black-box models increasingly power high-stakes applications, a variety of data-driven explanation methods have been introduced. Meanwhile, machine learning models are constantly challenged by distributional shifts. A question naturally arises: Are data-driven explanations robust against out-of-distribution data? Our empirical results show that even though predict correctly, the model might still yield unreliable explanations under distributional shifts. How to develop robust explanations against out-of-distribution data? To address this problem, we propose an end-to-end model-agnostic learning framework Distributionally Robust Explanations (DRE). The key idea is, inspired by self-supervised learning, to fully utilizes the inter-distribution information to provide supervisory signals for the learning of explanations without human annotation. Can robust explanations benefit the model's generalization capability? We conduct extensive experiments on a wide range of tasks and data types, including classification and regression on image and scientific tabular data. Our results demonstrate that the proposed method significantly improves the model's performance in terms of explanation and prediction robustness against distributional shifts.",10.1109/CVPR52729.2023.00372,https://ieeexplore.ieee.org/stamp/stamp.jsp?arnumber=10203821,Explainable computer vision,9.0,yes,moved,no,no,no,yes
Are Soft Prompts Good Zero-Shot Learners for Speech Recognition?,D. Ng; C. Zhang; R. Zhang; Y. Ma; F. Ritter-Gutierrez; T. H. Nguyen; C. Ni; S. Zhao; E. S. Chng; B. Ma,"ICASSP 2024 - 2024 IEEE International Conference on Acoustics, Speech and Signal Processing (ICASSP)",2024,"Large self-supervised pre-trained speech models require computationally expensive fine-tuning for downstream tasks. Soft prompt tuning offers a simple parameter-efficient alternative by utilizing minimal soft prompt guidance, enhancing portability while also maintaining competitive performance. However, not many people understand how and why this is so. In this study, we aim to deepen our understanding of this emerging method by investigating the role of soft prompts in automatic speech recognition (ASR). Our findings highlight their role as zero-shot learners in improving ASR performance while also exposing them to the risk of malicious modifications. Soft prompts aid generalization but are not obligatory for inference. We also identify two primary roles of soft prompts: content refinement and noise information enhancement, which enhances robustness against background noise. Additionally, we propose an effective modification on noise prompts to show that they are capable of zero-shot learning on adapting to out-of-distribution noise environments.",10.1109/ICASSP48485.2024.10447746,https://ieeexplore.ieee.org/stamp/stamp.jsp?arnumber=10447746,Prompt Tuning;Explainable Prompt;Speech Recognition,1.0,,removed,no,no,no,no
ArGue: Attribute-Guided Prompt Tuning for Vision-Language Models,X. Tian; S. Zou; Z. Yang; J. Zhang,2024 IEEE/CVF Conference on Computer Vision and Pattern Recognition (CVPR),2024,"Although soft prompt tuning is effective in efficiently adapting Vision-Language (V&L) models for downstream tasks, it shows limitations in dealing with distribution shifts. We address this issue with Attribute-Guided Prompt Tuning (ArGue), making three key contributions. 1) In contrast to the conventional approach of directly appending soft prompts preceding class names, we align the model with primitive visual attributes generated by Large language Models (LLMs). We posit that a model's ability to express high confidence in these attributes signifies its ca-pacity to discern the correct class rationales. 2) We intro-duce attribute sampling to eliminate disadvantageous at-tributes, thus only semantically meaningful attributes are preserved. 3) We propose negative prompting, explicitly enumerating class-agnostic attributes to activate spurious correlations and encourage the model to generate highly orthogonal probability distributions in relation to these neg-ative features. In experiments, our method significantly out-performs current state-of-the-art prompt tuning methods on both novel class prediction and out-of-distribution general-ization tasks. The code is available https://github.com/Liam-Tian/ArGue.",10.1109/CVPR52733.2024.02700,https://ieeexplore.ieee.org/stamp/stamp.jsp?arnumber=10657279,prompt tuning;vision-language model;few-shot adaptation,20.0,,removed,no,no,no,yes
"Assessing the Impact of Diversity on the Resilience of Deep Learning Ensembles: A Comparative Study on Model Architecture, Output, Activation, and Attribution",R. Rosales; P. Munoz; M. Paulitsch,2023 IEEE/CVF International Conference on Computer Vision Workshops (ICCVW),2023,"We investigate the relationship between different diversity metrics, accuracy, and resiliency to natural image corruptions of Deep Learning (DL) image classifier ensembles. We evaluate existing diversity dimensions such as model architecture, model prediction, and neuron activations, as well as a novel diversity dimension of input attribution.Using ResNet50 as a comparison baseline, we evaluate the resiliency of multiple individual DL model architectures against dataset distribution shifts corresponding to natural image corruptions. We compare ensembles created with diverse model architectures trained either independently or through a Neural Architecture Search technique and evaluate the correlation of prediction-based and attribution-based diversity to the final ensemble accuracy.Finally, we evaluate a set of diversity enforcement heuristics for training based on negative correlation learning (NCL) and compare how effective they are to achieve independent failure behavior.Our key observations are: 1) model architecture is more important for individual resiliency than model size or model accuracy but architecture diversity in an ensemble is typically not more resilient, 2) attribution-based diversity is less negatively correlated to the ensemble accuracy than prediction-based diversity, 3) a balanced loss function of individual and ensemble accuracy creates more resilient ensembles for image natural corruptions, 4) architecture diversity produces more diversity than NCL in all explored diversity metrics: predictions, attributions, and activations.",10.1109/ICCVW60793.2023.00475,https://ieeexplore.ieee.org/stamp/stamp.jsp?arnumber=10350535,diversity;ensembles;deep learning;out of distribution;attribution,,,removed,no,no,no,no
Automated Essential Concept Discovery for Few-Shot Out-of-Distribution Detection,G. Chen; K. Horstmann; Z. Wang; F. You,2025 IEEE/CVF Conference on Computer Vision and Pattern Recognition Workshops (CVPRW),2025,"Vision-Language Models (VLMs), trained on extensive internet-scale datasets, excel at identifying diverse objects and entities. Building on this foundation, several prompt learning methods have demonstrated effectiveness in Few-shot Out-of-Distribution (OOD) detection, which identifies OOD images from unseen classes during training with minimal labeled in-distribution (ID) examples. Despite their efficiency, these methods often lack clear interpretability. In this paper, we introduce a new framework, Automated Essential Concept Discovery (AECD), which leverages visual concepts for interpretable OOD detection. AECD consists of three stages: essential concept extraction, concept documentation, and essential attribute filtering. Initially, AECD extracts critical attributes from target categories using multimodal large language models, focusing on visual sample prototypes rather than individual image features. This ensures that the concepts reflect broad category traits. Subsequent stages involve using powerful language models to document and organize these concepts into a structured schema that captures and preserves category-specific visual attributes. Finally, a concept adapter refines and filters these attributes to determine the OOD status of target categories effectively. Experiments on the large-scale ImageNet OOD detection benchmarks demonstrate that our AECD method effectively enhances performance across OOD detection settings.",10.1109/CVPRW67362.2025.00381,https://ieeexplore.ieee.org/stamp/stamp.jsp?arnumber=11147678,,,,removed,no,no,no,no
Automatic Open-World Reliability Assessment,M. Jafarzadeh; T. Ahmad; A. R. Dhamija; C. Li; S. Cruz; T. E. Boult,2021 IEEE Winter Conference on Applications of Computer Vision (WACV),2021,"Image classification in the open-world must handle out-of-distribution (OOD) images. Systems should ideally reject OOD images, or they will map atop of known classes and reduce reliability. Using open-set classifiers that can reject OOD inputs can help. However, optimal accuracy of open-set classifiers depend on the frequency of OOD data. Thus, for either standard or open-set classifiers, it is important to be able to determine when the world changes and increasing OOD inputs will result in reduced system reliability. However, during operations, we cannot directly assess accuracy as there are no labels. Thus, the reliability assessment of these classifiers must be done by human operators, made more complex because networks are not 100% accurate, so some failures are to be expected. To automate this process, herein, we formalize the open-world recognition reliability problem and propose multiple automatic reliability assessment policies to address this new problem using only the distribution of reported scores/probability data. The distributional algorithms can be applied to both classic classifiers with SoftMax as well as the open-world Extreme Value Machine (EVM) to provide automated reliability assessment. We show that all of the new algorithms significantly outperform detection using the mean of SoftMax.",10.1109/WACV48630.2021.00203,https://ieeexplore.ieee.org/stamp/stamp.jsp?arnumber=9423247,,15.0,yes,moved,no,no,no,no
Back to the Manifold: Recovering from Out-of-Distribution States,A. Reichlin; G. L. Marchetti; H. Yin; A. Ghadirzadeh; D. Kragic,2022 IEEE/RSJ International Conference on Intelligent Robots and Systems (IROS),2022,"Learning from previously collected datasets of expert data offers the promise of acquiring robotic policies without unsafe and costly online explorations. However, a major challenge is a distributional shift between the states in the training dataset and the ones visited by the learned policy at the test time. While prior works mainly studied the distribution shift caused by the policy during the offline training, the problem of recovering from out-of-distribution states at the deployment time is not very well studied yet. We alleviate the distributional shift at the deployment time by introducing a recovery policy that brings the agent back to the training manifold whenever it steps out of the in-distribution states, e.g., due to an external perturbation. The recovery policy relies on an approximation of the training data density and a learned equivariant mapping that maps visual observations into a latent space in which translations correspond to the robot actions. We demonstrate the effectiveness of the proposed method through several manipulation experiments on a real robotic platform. Our results show that the recovery policy enables the agent to complete tasks while the behavioral cloning alone fails because of the distributional shift problem.",10.1109/IROS47612.2022.9981315,https://ieeexplore.ieee.org/stamp/stamp.jsp?arnumber=9981315,,5.0,,removed,no,no,no,yes
Enhancing Out-of-Distribution Detection through Dynamic Activation Function,Y. Ji; Y. Zhu; Z. Li; J. Chen; Y. Kong; J. Chen,"ICASSP 2025 - 2025 IEEE International Conference on Acoustics, Speech and Signal Processing (ICASSP)",2025,"In the fields of machine learning and deep learning, ensuring model robustness and reliability is critical. One major challenge is the handling of Out-of-Distribution (OOD) samples, the presence of In-Distribution (ID) noise in existing OOD datasets. It can increase the risk of misclassification and uncertainty in models. Therefore, we first proposed a data purification method driven by multi-model reasoning consistency. As far as we know, this is the first method to automatically purify data in the OOD field. At the same time, we used this method to create the OOD-R (Out-of-Distribution-Rectified) dataset. OOD-R leverages noise filtering methods to improve dataset quality, providing a more reliable benchmark for evaluating OOD detection algorithms. In addition, we propose ActFun, a method designed to improve the model’s response to different inputs, enhance the stability of feature extraction, and mitigate issues associated with model overconfidence. ActFun works by reducing the influence of specific hidden units, enabling the model to better estimate uncertainty in OOD detection and improve generalization ability. Experiments show that implementing ActFun remarkably improves performance on the OOD dataset.",10.1109/ICASSP49660.2025.10890331,https://ieeexplore.ieee.org/stamp/stamp.jsp?arnumber=10890331,Out-of-Distribution detection;Out-of-Distribution datasets;OOD evaluation,1.0,yes,moved,no,yes,no,no
Bayesian Test-Time Adaptation for Vision-Language Models,L. Zhou; M. Ye; S. Li; N. Li; X. Zhu; L. Deng; H. Liu; Z. Lei,2025 IEEE/CVF Conference on Computer Vision and Pattern Recognition (CVPR),2025,"Test-time adaptation with pre-trained vision-language models, such as CLIP, aims to adapt the model to new, potentially out-of-distribution test data. Existing methods calculate the similarity between visual embedding and learnable class embeddings, which are initialized by text embeddings, for zero-shot image classification. In this work, we first analyze this process based on Bayes theorem, and observe that the core factors influencing the final prediction are the likelihood and the prior. However, existing methods essentially focus on adapting class embeddings to adapt likelihood, but they often ignore the importance of prior. To address this gap, we propose a novel approach, Bayesian Class Adaptation (BCA), which in addition to continuously updating class embeddings to adapt likelihood, also uses the posterior of incoming samples to continuously update the prior for each class embedding. This dual updating mechanism allows the model to better adapt to distribution shifts and achieve higher prediction accuracy. Our method not only surpasses existing approaches in terms of performance metrics but also maintains superior inference rates and memory usage, making it highly efficient and practical for real-world applications.",10.1109/CVPR52734.2025.02792,https://ieeexplore.ieee.org/stamp/stamp.jsp?arnumber=11093898,test-time adaptation;vision-language models;bayes theorem;distribution shifts,1.0,,removed,no,no,no,no
Benchmarking Object Detectors under Real-World Distribution Shifts in Satellite Imagery,S. A. Al-Emadi; Y. Yang; F. Ofli,2025 IEEE/CVF Conference on Computer Vision and Pattern Recognition (CVPR),2025,"Object detectors have achieved remarkable performance in many applications; however, these deep learning models are typically designed under the i.i.d. assumption, meaning they are trained and evaluated on data sampled from the same (source) distribution. In real-world deployment, however, target distributions often differ from source data, leading to substantial performance degradation. Domain Generalisation (DG) seeks to bridge this gap by enabling models to generalise to Out-Of-Distribution (OOD) data without access to target distributions during training, enhancing robustness to unseen conditions. In this work, we examine the generalisability and robustness of state-of-the-art object detectors under real-world distribution shifts, focusing particularly on spatial domain shifts. Despite the need, a standardised benchmark dataset specifically designed for assessing object detection under realistic DG scenarios is currently lacking. To address this, we introduce RealWorld Distribution Shifts (RWDS), a suite of three novel DG benchmarking datasets that focus on humanitarian and climate change applications. These datasets enable the investigation of domain shifts across (i) climate zones and (ii) various disasters and geographic regions. To our knowledge, these are the first DG benchmarking datasets tailored for object detection in real-world, high-impact contexts. We aim for these datasets to serve as valuable resources for evaluating the robustness and generalisation of future object detection models. Our datasets and code are available at https://github.com/RWGAI/RWDS.",10.1109/CVPR52734.2025.00777,https://ieeexplore.ieee.org/stamp/stamp.jsp?arnumber=11094713,domain generalisation;distribution shift;out-of-distribution generalisation;domain shift;object detection;remote sensing;satellite imagery;damage assessment,,yes,moved,no,no,no,no
Benchmarking Out-of-Distribution Detection in Visual Question Answering,X. Shi; S. Lee,2024 IEEE/CVF Winter Conference on Applications of Computer Vision (WACV),2024,"When faced with an out-of-distribution (OOD) question or image, visual question answering (VQA) systems may provide unreliable answers. If relied on by real users or secondary systems, these failures may range from annoying to potentially endangering. Detecting OOD samples in single-modality settings is well-studied; however, limited attention has been paid to vision-and-language settings. In this work, we examine the question of OOD detection in the multimodal VQA task and benchmark a suite of approaches to identify OOD image-question pairs. In our experiments, we leverage popular VQA datasets to benchmark detection performance across a range of difficulties. We also produce composite datasets to examine impacts of individual modalities and of image-question agreement. Our results show that answer confidence alone is often a poor signal and that methods based on image-based question generation or examining model attention can lead to significantly better results. We find detecting ungrounded image-question pairs and small shifts in image distribution remain challenging.",10.1109/WACV57701.2024.00540,https://ieeexplore.ieee.org/stamp/stamp.jsp?arnumber=10483677,Algorithms;Vision + language and/or other modalities,4.0,,removed,no,no,no,yes
Benchmarking Safety Monitors for Image Classifiers with Machine Learning,R. S. Ferreira; J. Arlat; J. Guiochet; H. Waeselynck,2021 IEEE 26th Pacific Rim International Symposium on Dependable Computing (PRDC),2021,"High-accurate machine learning (ML) image classifiers cannot guarantee that they will not fail at operation. Thus, their deployment in safety-critical applications such as autonomous vehicles is still an open issue. The use of fault tolerance mechanisms such as safety monitors is a promising direction to keep the system in a safe state despite errors of the ML classifier. As the prediction from the ML is the core information directly impacting safety, many works are focusing on monitoring the ML model itself. Checking the efficiency of such monitors in the context of safety-critical applications is thus a significant challenge. Therefore, this paper aims at establishing a baseline framework for benchmarking monitors for ML image classifiers. Furthermore, we propose a framework covering the entire pipeline, from data generation to evaluation. Our approach measures monitor performance with a broader set of metrics than usually proposed in the literature. Moreover, we benchmark three different monitor approaches in 79 benchmark datasets containing five categories of out-of-distribution data for image classifiers: class novelty, noise, anomalies, distributional shifts, and adversarial attacks. Our results indicate that these monitors are no more accurate than a random monitor. We also release the code of all experiments for reproducibility.",10.1109/PRDC53464.2021.00012,https://ieeexplore.ieee.org/stamp/stamp.jsp?arnumber=9667679,machine learning;safety monitoring;benchmark;image classifier;experimental results,18.0,,removed,no,no,no,yes
Benchmarking Scalable Predictive Uncertainty in Text Classification,J. Van Landeghem; M. Blaschko; B. Anckaert; M. -F. Moens,IEEE Access,2022,"This paper explores the question of how predictive uncertainty methods perform in practice in Natural Language Processing, specifically multi-class and multi-label text classification. We conduct benchmarking experiments with 1-D convolutional neural networks and pre-trained transformers on six real-world text classification datasets in which we empirically investigate why popular scalable uncertainty estimation strategies (Monte-Carlo Dropout, Deep Ensemble) and notable extensions (Heteroscedastic, Concrete Dropout) underestimate uncertainty. We motivate that uncertainty estimation benefits from combining posterior approximation procedures, linking it to recent research on how ensembles and variational Bayesian methods navigate the loss landscape. We find that our proposed method combination of Deep Ensemble with Concrete Dropout, by analysis of in- domain calibration, cross-domain classification, and novel class robustness, demonstrates superior performance, even at a smaller ensemble size. Our results corroborate the importance of fine-tuning dropout rate to the text classification task at hand, which individually and as an ensemble impacts model robustness. We observe in ablation that pre-trained transformers severely underperform in novelty detection, limiting the applicability of transfer learning when distribution shift from novel classes can be expected.",10.1109/ACCESS.2022.3168734,https://ieeexplore.ieee.org/stamp/stamp.jsp?arnumber=9761166,Bayesian deep learning;natural language processing;text classification;out-of-distribution detection;cross-domain classification,5.0,,removed,no,no,no,no
BeTAIL: Behavior Transformer Adversarial Imitation Learning From Human Racing Gameplay,C. Weaver; C. Tang; C. Hao; K. Kawamoto; M. Tomizuka; W. Zhan,IEEE Robotics and Automation Letters,2024,"Autonomous racing poses a significant challenge for control, requiring planning minimum-time trajectories under uncertain dynamics and controlling vehicles at their handling limits. Current methods requiring hand-designed physical models or reward functions specific to each car or track. In contrast, imitation learning uses only expert demonstrations to learn a control policy. Imitated policies must model complex environment dynamics and human decision-making. Sequence modeling is highly effective in capturing intricate patterns of motion sequences but struggles to adapt to new environments or distribution shifts that are common in real-world robotics tasks. In contrast, Adversarial Imitation Learning (AIL) can mitigate this effect, but struggles with sample inefficiency and handling complex motion patterns. Thus, we propose BeTAIL: Behavior Transformer Adversarial Imitation Learning, which combines a Behavior Transformer (BeT) policy from human demonstrations with online AIL. BeTAIL adds an AIL residual policy to the BeT policy to model the sequential decision-making process of human experts and correct for out-of-distribution states or shifts in environment dynamics. We test BeTAIL on three challenges with expert-level demonstrations of real human gameplay in the high-fidelity racing game Gran Turismo Sport. Our proposed BeTAIL reduces environment interactions and improves racing performance and stability, even when the BeT is pretrained on different tracks than downstream learning.",10.1109/LRA.2024.3416789,https://ieeexplore.ieee.org/stamp/stamp.jsp?arnumber=10564200,Deep learning methods;imitation learning;reinforcement learning,3.0,,removed,no,no,no,yes
Better Modeling Out-of-Distribution Regression on Distributed Acoustic Sensor Data Using Anchored Hidden State Mixup,H. A. Arief; P. J. Thomas; T. Wiktorski,IEEE Transactions on Industrial Informatics,2023,"Generalizing the application of machine learning models to situations where the statistical distribution of training and test data are different has been a complex problem. Our contributions in this article are threefold: 1) we introduce an anchored-based out-of-distribution (OOD) Regression Mixup algorithm, leveraging manifold hidden state mixup and observation similarities to form a novel regularization penalty; 2) we provide a first of its kind high-resolution distributed acoustic sensor dataset that is suitable for testing OOD regression modeling, allowing other researchers to benchmark progress in this area; and 3) we demonstrate with an extensive evaluation the generalization performance of the proposed method against existing approaches and then show that our method achieves state-of-the-art performance. We also demonstrate a wider applicability of the proposed method by exhibiting improved generalization performances on other types of regression datasets, including Udacity and Rotation-MNIST datasets.",10.1109/TII.2022.3154783,https://ieeexplore.ieee.org/stamp/stamp.jsp?arnumber=9722972,Distributed acoustic sensor (DAS);distributed acoustic sensor dataset;out-of-distribution (OOD) regression;regression mixup,9.0,,removed,no,no,no,no
Beyond Supervised Power Control in Massive MIMO Network: Simple Deep Neural Network Solutions,Z. Zhang; M. Hua; C. Li; Y. Huang; L. Yang,IEEE Transactions on Vehicular Technology,2022,"Power control in massive multiple input multiple output (MIMO) systems is an appealing technique to improve network performance and reliability. The traditional methods to solve such problems are based on the convex optimization theory, which incurs high computational complexity. In contrast, this work leverages deep neural networks to maximize the minimum data rate of the downlink users in the massive MIMO network. Based on the different setups in the practical systems, namely in-distribution case, weakly out-of-distribution case, and out-of-distribution case, we propose three approaches to solve them. Specifically, first, we establish a densely connected neural network for solving the power control problem. Then, for the case where the test data and training data come from the same distributions (the in-distribution case), we use the established neural network to obtain an approximately optimal power control strategy, and propose a self-training-based algorithm to use the unlabeled samples collected in the actual system to further improve the system performance. For the case that the test data and training data come from different distributions and a small amount of labeled target domain data can be obtained (the weakly out-of-distribution case), we propose a pre-training and fine-tuning algorithm to solve the problem. For the issue that we can not obtain the labels of the target domain data (the out-of-distribution case), we transform the problem into a covariate shift problem and propose an algorithm by weighting the loss function. Numerical results demonstrate that the proposed schemes not only match the optimal solution well but also have low online inference complexity.",10.1109/TVT.2022.3146434,https://ieeexplore.ieee.org/stamp/stamp.jsp?arnumber=9695267,Power control;massive MIMO;deep neural network;out-of-distribution,2.0,,removed,no,no,no,yes
Beyond the Distribution: Perturbation Toward Domain Distribution Boundary for Strengthening Generalizable Semi-Supervised Segmentation,S. Li; J. Zhao; Y. Hao; C. Zhang; Z. Song,IEEE Signal Processing Letters,2025,"The generalization capability of models during inference in medical imaging, especially across data from different centers, is crucial, particularly in the context of limited data availability. Semi-supervised domain generalization learning has explored the use of unlabeled data to help the model generalize to unseen domains. However, existing methods primarily focus on decoupling and fusing information within the source distribution, resulting in limited improvement to the generalization ability. In contrast, we extend the exploration beyond source distributions and propose domain distribution boundary perturbation consistency learning for semi-supervised domain generalization in segmentation. We first use normalizing flows to map features to a mixture of Gaussian distributions, enabling the model to capture complex and diverse feature distributions across domains. Then, we perturb the features towards the domain boundaries and apply consistency regularization to maintain the quality of pseudo-labels while encouraging exploration of out-of-distribution features. This exploration aids the model’s adaptation to unseen domains and enhances generalization. Our method is simple and effective, outperforming existing state-of-the-art approaches on three public benchmark datasets and achieving optimal generalization performance.",10.1109/LSP.2025.3601998,https://ieeexplore.ieee.org/stamp/stamp.jsp?arnumber=11134572,Semi-supervised domain generalization;mixed Gaussian distribution;boundary perturbation,,yes,moved,no,no,no,no
Bilateral Proxy Federated Domain Generalization for Privacy-Preserving Medical Image Diagnosis,H. Lai; Y. Luo; B. Li; J. Lu; J. Yuan,IEEE Journal of Biomedical and Health Informatics,2025,"Contemporary domain generalization methods have demonstrated effectiveness in aiding the generalized diagnosis of medical images with multi-source data by joint optimization. However, the centralized training paradigm employed by these approaches becomes infeasible when data are non-shared across domains due to the high privacy of medical data. Despite attempts by existing federated domain generalization methods to address this issue, the simultaneous attainment of strict privacy protection and a satisfactory level of generalization ability on out-of-distribution data remains a persistent challenge. In this paper, to tackle this challenging problem, we propose a novel approach called the Bilateral Proxy Framework (BPF). The BPF leverages the client-side proxies to facilitate the strict privacy-preserving communications with the server and ensure smoother and more stable convergences of local models through mutual distillation. Meanwhile, the server-side proxy adopts a distance-based strategy and a parameter moving average scheme, which enhances the stability and robustness of the global model, particularly by averting abrupt parameter changes that could result in fluctuations or overfitting. Through these advancements, our framework strives to enhance the generalization capability of the global model, enabling more accurate and reliable medical image diagnosis in federated settings. The effectiveness of our method is demonstrated with superior performance over state-of-the-arts on both simulated and real-world distribution medical image diagnosis tasks.",10.1109/JBHI.2024.3456440,https://ieeexplore.ieee.org/stamp/stamp.jsp?arnumber=10675516,Domain generalization;federated learning;multi-source data;privacy protection;proxy model;medical image diagnosis,2.0,yes,moved,no,no,no,no
BoosterNet: Improving Domain Generalization of Deep Neural Nets using Culpability-Ranked Features,N. Bayasi; G. Hamarneh; R. Garbi,2022 IEEE/CVF Conference on Computer Vision and Pattern Recognition (CVPR),2022,"Deep learning (DL) models trained to minimize empirical risk on a single domain often fail to generalize when applied to other domains. Model failures due to poor generalizability are quite common in practice and may prove quite perilous in mission-critical applications, e.g., diagnostic imaging where real-world data often exhibits pronounced variability. Such limitations have led to increased interest in domain generalization (DG) approaches that improve the ability of models learned from a single or multiple source domains to generalize to out-of-distribution (OOD) test domains. In this work, we propose BoosterNet, a lean add-on network that can be simply appended to any arbitrary core network to improve its generalization capability without requiring any changes in its architecture or training procedure. Specifically, using a novel measure of feature culpability, BoosterNet is trained episodically on the most and least culpable data features extracted from critical units in the core network based on their contribution towards class-specific prediction errors, which have shown to improve generalization. At inference time, corresponding test image features are extracted from the closest class-specific units, determined by smart gating via a Siamese network, and fed to BoosterNet for improved generalization. We evaluate the performance of BoosterNet within two very different classification problems, digits and skin lesions, and demonstrate a marked improvement in model generalization to OOD test domains compared to SOTA.",10.1109/CVPR52688.2022.00062,https://ieeexplore.ieee.org/stamp/stamp.jsp?arnumber=9879506,Deep learning architectures and techniques; Efficient learning and inferences,6.0,yes,moved,no,no,no,no
Brave the Wind and the Waves: Discovering Robust and Generalizable Graph Lottery Tickets,K. Wang; Y. Liang; X. Li; G. Li; B. Ghanem; R. Zimmermann; Z. Zhou; H. Yi; Y. Zhang; Y. Wang,IEEE Transactions on Pattern Analysis and Machine Intelligence,2024,"The training and inference of Graph Neural Networks (GNNs) are costly when scaling up to large-scale graphs. Graph Lottery Ticket (GLT) has presented the first attempt to accelerate GNN inference on large-scale graphs by jointly pruning the graph structure and the model weights. Though promising, GLT encounters robustness and generalization issues when deployed in real-world scenarios, which are also long-standing and critical problems in deep learning ideology. In real-world scenarios, the distribution of unseen test data is typically diverse. We attribute the failures on out-of-distribution (OOD) data to the incapability of discerning causal patterns, which remain stable amidst distribution shifts. In traditional spase graph learning, the model performance deteriorates dramatically as the graph/network sparsity exceeds a certain high level. Worse still, the pruned GNNs are hard to generalize to unseen graph data due to limited training set at hand. To tackle these issues, we propose the Resilient Graph Lottery Ticket (RGLT) to find more robust and generalizable GLT in GNNs. Concretely, we reactivate a fraction of weights/edges by instantaneous gradient information at each pruning point. After sufficient pruning, we conduct environmental interventions to extrapolate potential test distribution. Finally, we perform last several rounds of model averages to further improve generalization. We provide multiple examples and theoretical analyses that underpin the universality and reliability of our proposal. Further, RGLT has been experimentally verified across various independent identically distributed (IID) and out-of-distribution (OOD) graph benchmarks.",10.1109/TPAMI.2023.3342184,https://ieeexplore.ieee.org/stamp/stamp.jsp?arnumber=10356750,Deep learning;graph convolutional network;lottery ticket hypothesis;node classification;out-of-distribution generalization,8.0,,removed,no,no,no,yes
Calibrated OOD Classification for Packet Streams: A Deep Learning Approach,M. W. Khan; S. Ayub,"2025 4th International Conference on Communication, Computing and Digital Systems (C-CODE)",2025,"Out-of-Distribution (OOD) detection in network traffic is essential for ensuring the reliability and security of modern communication systems. This paper proposes a practical framework for OOD classification in streaming packet data, with an emphasis on video traffic patterns. We evaluate three architectures: a Sequential Convolutional Neural Network (SCNN) trained with a hybrid loss that combines Categorical Cross-Entropy and Kullback-Leibler divergence, a Bidirectional Long Short-Term Memory (BiLSTM) network trained with standard cross-entropy, and a classical One-Class Support Vector Machine (SVM) baseline. Experiments show that the SCNN with hybrid loss achieves the best balance of accuracy (92.5 %), AUROC (0.94), and calibration, outperforming both BiLSTM and SVM while maintaining low inference latency. These results confirm that combining deep sequential modeling with calibration-aware loss leads to more reliable OOD detection. The study also highlights trade-offs between deep learning and classical methods and points to future extensions, including Transformer-based models and adversarial robustness for deployment in real-time network monitoring systems.",10.1109/C-CODE67372.2025.11204105,https://ieeexplore.ieee.org/stamp/stamp.jsp?arnumber=11204105,Out of Distribution;Loss Function;SCNN;Network Traffic,,,removed,no,no,no,no
Calibrated Out-of-Distribution Detection with a Generic Representation,T. Vojíř; J. Šochman; R. Aljundi; J. Matas,2023 IEEE/CVF International Conference on Computer Vision Workshops (ICCVW),2023,"Out-of-distribution detection is a common issue in deploying vision models in practice and solving it is an essential building block in safety critical applications. Most of the existing OOD detection solutions focus on improving the OOD robustness of a classification model trained exclusively on in-distribution (ID) data. In this work, we take a different approach and propose to leverage generic pre-trained representation. We propose a novel OOD method, called GROOD, that formulates the OOD detection as a Neyman-Pearson task with well calibrated scores and which achieves excellent performance, predicated by the use of a good generic representation. Only a trivial training process is required for adapting GROOD to a particular problem. The method is simple, general, efficient, calibrated and with only a few hyper-parameters. The method achieves state-of-the-art performance on a number of OOD benchmarks, reaching near perfect performance on several of them. The source code is available at https://github.com/vojirt/GROOD.",10.1109/ICCVW60793.2023.00485,https://ieeexplore.ieee.org/stamp/stamp.jsp?arnumber=10350539,out of distribution;CLIP;anomaly;calibration;generic representation,5.0,yes,moved,no,no,no,no
Calibrated Uncertainty Estimation for Trustworthy Deep IoT Attack Detection,B. Pal; M. S. Islam; A. W. -C. Liew,IEEE Transactions on Dependable and Secure Computing,2025,"The rapid proliferation of Internet of Things (IoT) devices has exposed us to a growing threat landscape. Advancements in artificial intelligence (AI), particularly deep learning (DL) techniques, offer innovative solutions for trustworthy IoT attack detection. Despite the resource-constrained nature of IoT devices, most existing AI-based IoT attack detection methods rely on complex deep learning models for automated feature extraction and generalization. However, DL models are inherently overconfident and tend to produce unreliable predictions both in-distribution and under distribution shifts when deployed. The large model size, coupled with deterministic and overconfident predictions, and limited focus on estimating the uncertainty, hinders the trustworthy deployment of DL models in applications where reliability is critical, not just high accuracy. In this paper, we present a framework for confidence calibration and uncertainty estimation of DL models in the context of IoT attack detection. Specifically, we propose a novel framework for the trustworthy design of deep IoT attack detection models, along with a lightweight DL model that achieves state-of-the-art (SoTA) attack detection performance. We demonstrate how both our DL model and other SoTA DL models can be effectively integrated into the proposed framework to ensure trustworthy IoT attack detection. Evaluated on the large-scale benchmark IoT-23 network traffic dataset in terms of calibration, uncertainty, and distribution shift, our approach delivers superior and trustworthy IoT attack detection performance.",10.1109/TDSC.2025.3598350,https://ieeexplore.ieee.org/stamp/stamp.jsp?arnumber=11123772,Trustworthy AI;Deep Learning;IoT Security;Uncertainty Quantification;Confidence Calibration;Out-of-Distribution,,,removed,no,no,no,no
Causal Deconfounding for Spurious Correlation in Domain Generalization,B. Qin; Y. Li; J. Li; X. Wu; Y. Wang; J. Cao,2025 IEEE International Conference on Multimedia and Expo (ICME),2025,"Existing machine learning techniques often blindly exploit data correlation, which may result in learning domain-dependent spurious correlation, thereby exacerbating the challenges of model generalization in out-of-distribution (OOD) scenarios. However, the essential definition of spurious correlation lacks causal mechanism analysis, leaving the manner in which they degrade models’ OOD generalization capabilities unclear. To this end, we construct a structural causal model (SCM) for the representation learning process and uncover a key insight: the deficiency of models in OOD generalization stems from confounding bias induced by spurious correlation. This bias misguides the model to rely on domain-sensitive correlation between spurious features and labels. In this regard, we leverage the modeled SCM graph to guide the adjustment of spurious features and implement backdoor adjustment. Then we further propose to control confounding bias by introducing a propensity score weighted estimator, which can be integrated into any existing OOD method as a plug-and-play module. The empirical results comprehensively demonstrate the effectiveness of our method on synthetic and large-scale real OOD datasets.",10.1109/ICME59968.2025.11209213,https://ieeexplore.ieee.org/stamp/stamp.jsp?arnumber=11209213,Domain Generalization;Out-of-Distribution;Spurious Correlation;Causal Representation Learning,,yes,moved,no,no,no,no
Causal Interventional Prompt Tuning for Few-Shot Out-of-Distribution Generalization,J. Wen; Y. Liu; C. Huang; C. Liu; Y. Xu; X. Cao,IEEE Transactions on Pattern Analysis and Machine Intelligence,2025,"Fine-tuning pre-trained vision-language models (VLMs) has shown substantial benefits in a wide range of downstream tasks, often achieving impressive performance with minimal labeled data. Parameter-efficient fine-tuning techniques, in particular, have demonstrated their effectiveness in enhancing downstream task performance. However, these methods frequently struggle to generalize to out-of-distribution (OOD) data due to their reliance on non-causal representations, which can introduce biases and spurious correlations that negatively impact decision-making. Such spurious factors hinder the model's generalization ability beyond the training distribution. To address these challenges, in this paper, we propose a novel causal intervention-based prompt tuning method to adapt VLMs to few-shot OOD generalization. Specifically, we leverage the front-door adjustment technique from causal inference to mitigate the effects of spurious correlations and enhance the model's focus on causal relationships. Built upon VLMs, our approach begins by decoupling causal and non-causal representations in the vision-language alignment process. The causal representation that captures only essential semantically relevant information can serve as a mediator variable between the input image and output label, mitigating the biases from the latent confounder. To further enrich this causal representation, we propose a novel text-based diversity augmentation technique that uses textual features to provide additional semantic context. This augmentation technique can enhance the diversity of the causal representation, making it more robust and generalizable to various OOD scenarios. Experimental results across multiple OOD datasets demonstrate that our method significantly outperforms existing approaches, achieving state-of-the-art generalization performance.",10.1109/TPAMI.2025.3621250,https://ieeexplore.ieee.org/stamp/stamp.jsp?arnumber=11202726,CLIP;Few-shot classification;Causal inference;Out-of-Distribution generalization,,,removed,no,no,no,no
Causal Invariant Hierarchical Molecular Representation for Out-of-distribution Molecular Property Prediction,X. Wen; Y. Guo; S. Wei; W. Long; L. Zhu; R. Zhu,2024 IEEE International Conference on Bioinformatics and Biomedicine (BIBM),2024,"Molecular representation learning is widely used in the field of drug discovery, due to its ability to accurately capture the complex features of compounds in high-dimensional space. However, existing molecular representation learning models are prone to be influenced by spurious parts during distribution shifts (also known as out-of-distribution, or OOD), which results in models mistakenly treating these spurious parts as crucial features of molecules, thereby limiting the generalization capability of the models. To tackle this issue, a novel invariant molecular representation learning model, called Causal Invariant Hierarchical Molecular Representation Graph Neural Networks (CHiMoGNN), is proposed for OOD molecular property prediction. In CHiMoGNN, a Feature Enhancement (FE) module is designed to leverage the multi-level molecular parts to enhance the expression of invariant features, thereby enhancing the model’s capability to capture key molecular information. In addition, a Cartesian Product based Environmental Impact (EI) module is adopted to generate counterfactual samples with environmental diversity. Consequently, these samples are utilized to train a classifier that maintains consistent performance across various environments. Extensive experiments on seven real-world datasets demonstrate that CHiMoGNN outperforms 9 state-of-the-art models, achieving a 5.73% increase in average ROC-AUC, and the results also show that CHiMoGNN can effectively maintain generalization in various distribution shifts. Code and datasets are available at https://github.com/Chertuion/CHiMoGNN.",10.1109/BIBM62325.2024.10822583,https://ieeexplore.ieee.org/stamp/stamp.jsp?arnumber=10822583,Molecular invariant representation;Molecular property prediction;Out-of-distribution,,,removed,no,no,no,no
Causal Knowledge in Data Fusion Subject to Latent Confounding and Measurement Error,J. Yu; T. Pychynski; M. F. Huber,2024 IEEE International Conference on Multisensor Fusion and Integration for Intelligent Systems (MFI),2024,"Data fusion is the process of integrating data from multiple sources to produce more accurate and reliable information. It is often the case that data are subject to latent confounding and measurement error in real-world scenarios. In this paper, we evaluate fusion strategies based on different levels of contained causal knowledge to solve quality prediction under varied conditions of latent confounding and measurement error. We show that the machine learning-based fusion strategy achieves the best prediction quality when data are independent and identically distributed (i.i.d.). However, in the presence of latent confounding, the causality-based fusion strategy makes prediction models more robust against severe distribution shifts. Moreover, the out-of-distribution (OOD) generalizability of prediction models is also affected by measurement error in the data. If causal knowledge needs to be inferred from data by applying causal discovery methods, we demonstrate that measurement error can adversely impair causal discovery. We advocate that caution needs to be exercised when using standard causal discovery methods if the circumstances under which the data were generated are unknown.",10.1109/MFI62651.2024.10705789,https://ieeexplore.ieee.org/stamp/stamp.jsp?arnumber=10705789,,1.0,yes,moved,no,no,no,yes
Causality-Guided Context-Aware Multimodal Public Speaking Anxiety Detection for Out-of-Distribution Generalization,T. Zhang; J. Tan; Z. Xiong; B. Wu; C. Zheng,"ICASSP 2025 - 2025 IEEE International Conference on Acoustics, Speech and Signal Processing (ICASSP)",2025,"Public Speaking Anxiety Detection (PSAD) is a complex and challenging task that involves detecting anxiety through diverse multimodal cues. While deep neural networks have achieved remarkable success in this task, their performance tends to degrade significantly under distribution shifts, especially in Out-Of-Distribution (OOD) scenarios. Given the substantial impact of latent contexts in PSAD, it is crucial to explore how contexts influence OOD generalization. Causality plays a fundamental role in uncovering the relationships between multimodal data and labels. Understanding these causal relationships helps tackle the OOD generalization challenge via causal invariance under context-driven shifts. In this work, we propose a novel Context-Aware Multimodal Adversarial Learning (CAMAL) framework to model and debias complex multimodal contexts in PSAD. A dual adversarial learning strategy jointly optimizes the causal independence between multimodal causal features and contexts. Experimental results on two benchmark datasets demonstrate the superiority of our approach over state-of-the-art baselines under distribution shifts.",10.1109/ICASSP49660.2025.10888426,https://ieeexplore.ieee.org/stamp/stamp.jsp?arnumber=10888426,public speaking anxiety detection;out-of-distribution;context-aware;multimodal debiasing,,,removed,no,yes,no,no
CB-RML: Dynamic Regret Minimization via Coin-Betting Regularization and Meta-Learning,S. Dutta; S. Manakkadu; S. R. Thangiah,2025 IEEE International Conference on AI and Data Analytics (ICAD),2025,"We address the challenge of dynamic regret minimization in non-stationary environments, where traditional online learning algorithms struggle to adapt to shifting data distributions. Existing approaches typically require prior knowledge of environmental dynamics or careful parameter tuning, limiting their practical utility. This paper introduces the Coin-Betting Regularized Meta-Learner (CB-RML), a novel framework that achieves parameter-free adaptation while maintaining provable regret guarantees. Our key contributions are threefold: (1) a three-timescale adaptation mechanism combining per-iteration learning rate updates $(\eta_{t+1}^{(k)}=\eta_{0} / \sqrt{1+\sum\Vert\theta_{s}^{(k)}-\theta_{s-1}^{(k)}\Vert^{2}})$, partition-based restarts, and meta-regularization through $S_{t}=$ $\sum\left\Vert g_{t}\right\Vert^{2}$; (2) a parameter-free design requiring only $\eta_{0}>0$ and $\beta>0$, eliminating the need for knowledge of $V_{T}, G$, or shift counts; and (3) an automatic drift detection mechanism via $\left\Vert g_{t}-g_{t-1}\right\Vert >\gamma \sqrt{\log t /\left|I_{k}\right|}$, enabling adaptation to both gradual and abrupt concept shifts. Theoretical analysis demonstrates that CB-RML achieves dynamic regret bounded by $\mathcal{O}\left(\sqrt{T\left(1+V_{T}\right)}\right)$, where $V_{T}$ quantifies environmental variation, while maintaining computational efficiency. Experimental results across synthetic and real-world benchmarks validate our theoretical claims, showing superior performance compared to state-of-the-art baselines in scenarios with unanticipated distribution shifts. The framework's combination of theoretical rigor and practical applicability advances the frontier of robust online learning in dynamic environments.",10.1109/ICAD65464.2025.11114058,https://ieeexplore.ieee.org/stamp/stamp.jsp?arnumber=11114058,dynamic regret;online learning;non-stationary optimization;regret minimization;adaptive algorithms,,,removed,no,no,no,no
CL-FML: Cluster-Based & Label-Aware Federated Meta-Learning for On-Demand Classification Tasks,T. Aladwani; C. Anagnostopoulos; S. P. Parambath; F. Deligianni,2024 IEEE 11th International Conference on Data Science and Advanced Analytics (DSAA),2024,"Distributed analytics involving classification tasks demand robust model training. Real-time arbitrary classification tasks on distributed clients pose challenges due to constraints in data sharing. Federated (Meta)-Learning (FML) has been introduced for global distributed (meta)-model training, which generalizes well over distributed data and classification tasks. Current FML approaches assume fixed labels over unskewed class proportions and data distributions along with uniform task distributions. However, global meta-models can only be used for tasks that do not require addressing arbitrary out-of- distribution label issues. In real-world cases, class imbalance and label shifting are common issues in clients' data. On-demand tasks arriving at clients involve unseen labels. Therefore, 'one (meta)-model-fits-all‘ is not the best option. To address these challenges, we introduce multiple cluster-based meta-models, each one tailored to specific label distribution. Our framework, coined Cluster-based & Label-aware Federated Meta-Learning (CL-FML), involves distributed client clustering based on label shifting and cluster-based FML identifying the most suitable clients to engage per task. CL-FML leverages lightweight data augmentation to deal with arbitrary class-imbalanced tasks. Our comprehensive experiments and comparative assessment against baselines showcase that CL-FML efficiently achieves high accuracy by fast convergence, significantly reducing training rounds and communication load.",10.1109/DSAA61799.2024.10722828,https://ieeexplore.ieee.org/stamp/stamp.jsp?arnumber=10722828,Federated Learning;Federated Meta-learning;Label shifting;Distributed clustering,,yes,moved,no,no,no,no
Class-wise Thresholding for Robust Out-of-Distribution Detection,M. Guarrera; B. Jin; T. -W. Lin; M. A. Zuluaga; Y. Chen; A. Sangiovanni-Vincentelli,2022 IEEE/CVF Conference on Computer Vision and Pattern Recognition Workshops (CVPRW),2022,"We consider the problem of detecting Out-of-Distribution (OoD) input data when using deep neural networks, and we propose a simple yet effective way to improve the robustness of several popular OoD detection methods against label shift. Our work is motivated by the observation that most existing OoD detection algorithms consider all training/test data as a whole, regardless of which class entry each input activates (inter-class differences). Through extensive experimentation, we have found that such practice leads to a detector whose performance is sensitive and vulnerable to label shift. To address this issue, we propose a class-wise thresholding scheme that can apply to most existing OoD detection algorithms and can maintain similar OoD detection performance even in the presence of label shift in the test distribution.",10.1109/CVPRW56347.2022.00321,https://ieeexplore.ieee.org/stamp/stamp.jsp?arnumber=9857153,,4.0,yes,moved,no,no,no,yes
CLIP-driven Coarse-to-fine Semantic Guidance for Fine-grained Open-set Semi-supervised Learning,X. Li; Y. Huang; Q. Guan,2025 IEEE/CVF Conference on Computer Vision and Pattern Recognition (CVPR),2025,"Fine-grained open-set semi-supervised learning (OSSL) investigates a practical scenario where unlabeled data may contain fine-grained out-of-distribution (OOD) samples. Due to the subtle visual differences among in-distribution (ID) samples, as well as between ID and OOD samples, it is extremely challenging to separate the ID and OOD samples. Recent Vision-Language Models, such as CLIP, have shown excellent generalization capabilities. However, it tends to focus on general attributes, and thus is insufficient to distinguish the fine-grained details. To tackle the issues, in this paper, we propose a novel CLIP-driven coarse-to-fine semantic-guided framework, named CFSG-CLIP, to progressively focus on the distinctive fine-grained clues. Specifically, CFSG-CLIP comprises a coarse-guidance branch and a fine-guidance branch derived from the pre-trained CLIP model. In the coarse-guidance branch, we design a semantic filtering module to initially filter and highlight local visual features guided by cross-modality features. Then, in the fine-guidance branch, we further design a visual-semantic injection strategy, which embeds category-related visual cues into the visual encoder to further refine the local visual features. By the designed dual-guidance framework, local subtle cues are progressively discovered to distinct the subtle difference between ID and OOD samples. Extensive experiments demonstrate that CFSG-CLIP achieves competitive performance on multiple fine-grained datasets. The source code is available at https://github.com/LxxxxK/CFSG-CLIP.",10.1109/CVPR52734.2025.02822,https://ieeexplore.ieee.org/stamp/stamp.jsp?arnumber=11092558,open-set;semi-supervised learning;fine-grained;ood detection,,,removed,no,yes,no,no
Cloud-Device Collaborative Adaptation to Continual Changing Environments in the Real-World,Y. Gan; M. Pan; R. Zhang; Z. Ling; L. Zhao; J. Liu; S. Zhang,2023 IEEE/CVF Conference on Computer Vision and Pattern Recognition (CVPR),2023,"When facing changing environments in the real world, the lightweight model on client devices suffers from severe performance drops under distribution shifts. The main limitations of the existing device model lie in (1) unable to update due to the computation limit of the device, (2) the limited generalization ability of the lightweight model. Meanwhile, recent large models have shown strong generalization capability on the cloud while they can not be deployed on client devices due to poor computation constraints. To enable the device model to deal with changing environments, we propose a new learning paradigm of Cloud-Device Collaborative Continual Adaptation, which encourages collaboration between cloud and device and improves the generalization of the device model. Based on this paradigm, we further propose an Uncertainty-based Visual Prompt Adapted (U-VPA) teacher-student model to transfer the generalization capability of the large model on the cloud to the device model. Specifically, we first design the Uncertainty Guided Sampling (UGS) to screen out challenging data continuously and transmit the most out-of-distribution samples from the device to the cloud. Then we propose a Visual Prompt Learning Strategy with Uncertainty guided updating (VPLU) to specifically deal with the selected samples with more distribution shifts. We transmit the visual prompts to the device and concatenate them with the incoming data to pull the device testing distribution closer to the cloud training distribution. We conduct extensive experiments on two object detection datasets with continually changing environments. Our proposed U-VPA teacher-student framework outperforms previous state-of-the-art test time adaptation and device-cloud collaboration methods. The code and datasets will be released.",10.1109/CVPR52729.2023.01170,https://ieeexplore.ieee.org/stamp/stamp.jsp?arnumber=10204872,Vision applications and systems,11.0,yes,moved,no,no,no,yes
COCO-O: A Benchmark for Object Detectors under Natural Distribution Shifts,X. Mao; Y. Chen; Y. Zhu; D. Chen; H. Su; R. Zhang; H. Xue,2023 IEEE/CVF International Conference on Computer Vision (ICCV),2023,"Practical object detection application can lose its effectiveness on image inputs with natural distribution shifts. This problem leads the research community to pay more attention on the robustness of detectors under Out-Of-Distribution (OOD) inputs. Existing works construct datasets to benchmark the detector’s OOD robustness for a specific application scenario, e.g., Autonomous Driving. However, these datasets lack universality and are hard to benchmark general detectors built on common tasks such as COCO. To give a more comprehensive robustness assessment, we introduce COCO-O(ut-of-distribution), a test dataset based on COCO with 6 types of natural distribution shifts. COCO-O has a large distribution gap with training data and results in a significant 55.7% relative performance drop on a Faster R-CNN detector. We leverage COCO-O to conduct experiments on more than 100 modern object detectors to investigate if their improvements are credible or just over-fitting to the COCO test set. Unfortunately, most classic detectors in early years do not exhibit strong OOD generalization. We further study the robustness effect on recent breakthroughs of detector’s architecture design, augmentation and pre-training techniques. Some empirical findings are revealed: 1) Compared with detection head or neck, backbone is the most important part for robustness; 2) An end-to-end detection transformer design brings no enhancement, and may even reduce robustness; 3) Large-scale foundation models have made a great leap on robust object detection. We hope our COCO-O could provide a rich testbed for robustness study of object detection. The dataset will be available at https://github.com/alibaba/easyrobust/tree/main/benchmarks/coco_o.",10.1109/ICCV51070.2023.00583,https://ieeexplore.ieee.org/stamp/stamp.jsp?arnumber=10376670,,16.0,yes,moved,no,yes,no, yes
Episodic Projection Network for Out-of-Distribution Detection in Few-shot Learning,J. Fan; Z. Ou; X. Yu; J. Yang; S. Wang; X. Kang; H. Zhang; M. Song,2022 26th International Conference on Pattern Recognition (ICPR),2022,"The increasing demands of safety-critical computer vision applications have attracted extensive research on Out-of-Distribution (OOD) detection in recent years. Nevertheless, a large proportion of real-world tasks are in low-data regime, and the gap between meta-learning paradigm and OOD detection mechanism causes low performance in few-shot settings. In order to bridge the gap, we first propose an simple yet effective Episodic Projection Scheme (EPS). EPS is designed to project feature vectors to task-specific feature space for OOD detection, without sacrificing generalization of few-shot models. We then construct a multi-modal representation space for few-shot OOD detection by employing representations of the labels and their synonyms. At last, we put forward a few-shot OOD detection framework named Episodic Projection Network (EPN), which can integrate many kinds of perturbation based OOD algorithms with ease. To verify effectiveness of the proposed scheme, we implement several OOD algorithms into EPN and conduct experiments on two few-shot classification datasets, i.e., Omniglot and mini-ImageNet. Experimental results demonstrate that accuracy has been increased by 5% by integrating the OOD algorithms into the EPN framework.",10.1109/ICPR56361.2022.9956184,https://ieeexplore.ieee.org/stamp/stamp.jsp?arnumber=9956184,,,yes,yes,no,yes,no,yes
CodeS: Towards Code Model Generalization Under Distribution Shift,Q. Hu; Y. Guo; X. Xie; M. Cordy; M. Papadakis; L. Ma; Y. Le Traon,2023 IEEE/ACM 45th International Conference on Software Engineering: New Ideas and Emerging Results (ICSE-NIER),2023,"Distribution shift has been a longstanding challenge for the reliable deployment of deep learning (DL) models due to unexpected accuracy degradation. Although DL has been becoming a driving force for large-scale source code analysis in the big code era, limited progress has been made on distribution shift analysis and benchmarking for source code tasks. To fill this gap, this paper initiates to propose CodeS, a distribution shift benchmark dataset, for source code learning. Specifically, CodeS supports two programming languages (Java and Python) and five shift types (task, programmer, time-stamp, token, and concrete syntax tree). Extensive experiments based on CodeS reveal that 1) out-of-distribution detectors from other domains (e.g., computer vision) do not generalize to source code, 2) all code classification models suffer from distribution shifts, 3) representation-based shifts have a higher impact on the model than others, and 4) pretrained bimodal models are relatively more resistant to distribution shifts.",10.1109/ICSE-NIER58687.2023.00007,https://ieeexplore.ieee.org/stamp/stamp.jsp?arnumber=10173924,source code learning;distribution shift,9.0,,removed,yes,no,no,yes
Common Corruptions for Evaluating and Enhancing Robustness in Air-to-Air Visual Object Detection,A. Arsenos; V. Karampinis; E. Petrongonas; C. Skliros; D. Kollias; S. Kollias; A. Voulodimos,IEEE Robotics and Automation Letters,2024,"The main barrier to achieving fully autonomous flights lies in autonomous aircraft navigation. Managing non-cooperative traffic presents the most important challenge in this problem. The most efficient strategy for handling non-cooperative traffic is based on monocular video processing through deep learning models. This letter contributes to the vision-based deep learning aircraft detection and tracking literature by investigating the impact of data corruption arising from environmental and hardware conditions on the effectiveness of these methods. More specifically, we designed 7 types of common corruptions for camera inputs taking into account real-world flight conditions. By applying these corruptions to the Airborne Object Tracking (AOT) dataset we constructed the first robustness benchmark dataset named AOT-C for air-to-air aerial object detection. The corruptions included in this dataset cover a wide range of challenging conditions such as adverse weather and sensor noise. The second main contribution of this letter is to present an extensive experimental evaluation involving 8 diverse object detectors to explore the degradation in the performance under escalating levels of corruptions (domain shifts). Based on the evaluation results, the key observations that emerge are the following: 1) One-stage detectors of the YOLO family demonstrate better robustness, 2) Transformer-based and multi-stage detectors like Faster R-CNN are extremely vulnerable to corruptions, 3) Robustness against corruptions is related to the generalization ability of models. The third main contribution is to present that finetuning on our augmented synthetic data results in improvements in the generalisation ability of the object detector in real-world flight experiments.",10.1109/LRA.2024.3408485,https://ieeexplore.ieee.org/stamp/stamp.jsp?arnumber=10545584,Common Corruptions;out-of-distribution robustness;aerial detection;aerial systems;autonomous vehicle navigation;collision avoidance;perception and autonomy;robot safety,3.0,yes,moved,no,no,no,no
Compound Domain Generalization via Meta-Knowledge Encoding,C. Chen; J. Li; X. Han; X. Liu; Y. Yu,2022 IEEE/CVF Conference on Computer Vision and Pattern Recognition (CVPR),2022,"Domain generalization (DG) aims to improve the generalization performance for an unseen target domain by using the knowledge of multiple seen source domains. Mainstream DG methods typically assume that the domain label of each source sample is known a priori, which is challenged to be satisfied in many real-world applications. In this paper, we study a practical problem of compound DG, which relaxes the discrete domain assumption to the mixed source domains setting. On the other hand, current DG algorithms prioritize the focus on semantic invariance across domains (one-vs-one), while paying less attention to the holistic semantic structure (many-vs-many). Such holistic semantic structure, referred to as meta-knowledge here, is crucial for learning generalizable representations. To this end, we present COmpound domain generalization via Meta-knowledge ENcoding (COMEN), a general approach to automatically discover and model latent domains in two steps. Firstly, we introduce Style-induced Domain-specific Normalization (SDNorm) to re-normalize the multi-modal underlying distributions, thereby dividing the mixture of source domains into latent clusters. Secondly, we harness the prototype representations, the centroids of classes, to perform relational modeling in the embedding space with two parallel and complementary modules, which explicitly encode the semantic structure for the out-of-distribution generalization. Experiments on four standard DG benchmarks reveal that COMEN exceeds the state-of-the-art performance without the need of domain supervision.",10.1109/CVPR52688.2022.00698,https://ieeexplore.ieee.org/stamp/stamp.jsp?arnumber=9879911,Transfer/low-shot/long-tail learning; Recognition: detection;categorization;retrieval; Representation learning,46.0,yes,moved,no,no,no,no
Comprehensive Framework for Robustness evaluation on Numeric data classification,S. Jaiswal; K. C. Gollapudi; R. Susma,2024 15th International Conference on Computing Communication and Networking Technologies (ICCCNT),2024,"As its an era of Artificial Intelligence, and we have started relying on decisions made by machine in almost every domain. To do so, we need a framework on responsible AI which can help bring out better analytics on models’ decision. This paper presents a comprehensive framework for evaluating the robustness of classification models on numeric data. Robustness evaluation is crucial for ensuring model reliability in real-world applications where data distribution may vary. The framework encompasses a range of evaluation metrics and techniques tailored specifically for numeric data classification problems. It addresses challenges such as model sensitivity to data perturbations, generalization across diverse datasets, and performance under adversarial conditions. We have built a framework to analyze model’s behavior in most of the corner cases. Through extensive experimentation and analysis, the framework provides insights into model behavior, strengths, and weaknesses, aiding practitioners in selecting robust classification solutions for their applications. To evaluate the model, we have added data augmentation, counterfactual analysis, adversarial testing, randomized smoothing, and Out-of-distribution detection in the framework, so that we are able to do rigorous evaluation of any model. We have tested our framework on six different classification models working on six different datasets primarily on healthcare domain.",10.1109/ICCCNT61001.2024.10725606,https://ieeexplore.ieee.org/stamp/stamp.jsp?arnumber=10725606,Robustness;responsible AI;adversarial testing;counterfactual analysis;randomized smoothing;out of distribution;classification;healthcare,,,removed,no,no,no,no
ComS2T: A Complementary Spatiotemporal Learning System for Data-Adaptive Model Evolution,Z. Zhou; Q. Huang; B. Wang; J. Hou; K. Yang; Y. Liang; Y. Zheng; Y. Wang,IEEE Transactions on Pattern Analysis and Machine Intelligence,2025,"Spatiotemporal (ST) learning has become a crucial technique to enable smart cities and sustainable urban development. Current ST learning models capture the heterogeneity via various spatial convolution and temporal evolution blocks. However, rapid urbanization leads to fluctuating distributions in urban data and city structures, resulting in existing methods suffering generalization and data adaptation issues. Despite efforts, existing methods fail to deal with newly arrived observations, and the limitation of those methods with generalization capacity lies in the repeated training that leads to inconvenience, inefficiency and resource waste. Motivated by complementary learning in neuroscience, we introduce a prompt-based complementary spatiotemporal learning termed ComS2T, to empower the evolution of models for data adaptation. We first disentangle the neural architecture into two disjoint structures, a stable neocortex for consolidating historical memory, and a dynamic hippocampus for new knowledge update. Then we train the dynamic spatial and temporal prompts by characterizing distribution of main observations to enable prompts adaptive to new data. This data-adaptive prompt mechanism, combined with a two-stage training process, facilitates fine-tuning of the neural architecture conditioned on prompts, thereby enabling efficient adaptation during testing. Extensive experiments validate the efficacy of ComS2T in adapting various spatiotemporal out-of-distribution scenarios while maintaining effective inferences.",10.1109/TPAMI.2025.3576805,https://ieeexplore.ieee.org/stamp/stamp.jsp?arnumber=11024209,Spatiotemporal learning;complementary learning system;OOD generalization;urban computing,2.0,,removed,no,no,no,no
Conditional Diffusion Model with OOD Mitigation as High-Dimensional Offline Resource Allocation Planner in Clustered Ad Hoc Networks,K. Meng; S. Zhang; R. Li; C. Wang; M. Lei; Z. Zhao,IEEE Transactions on Communications,2025,"In modern clustered ad hoc networks, efficient and dynamic resource allocation is crucial for ensuring Quality of Service (QoS) under dynamic and uncertain environments. However, the challenges posed by limited sample efficiency, high interaction cost, and high-dimensional action space limit the effectiveness of the widely adopted Model-Free Reinforcement Learning (MFRL) solutions. In contrast, Model-Based RL (MBRL) offers an alternative approach to boost sample efficiency and stabilize the training by explicitly leveraging a learned environment model. Nevertheless, designing accurate and stable dynamics models in noisy, real-world communication scenarios remains a key bottleneck. To address these issues, we propose a Conditional Diffusion Model Planner (CDMP) for high-dimensional offline resource allocation in clustered ad hoc networks. By leveraging the powerful generative capability of Diffusion Models (DMs), our approach enables the accurate modeling of complex environmental dynamics and utilizes an inverse dynamics model for effective policy planning. Beyond simply adopting DMs in offline RL, we further incorporate the CDMP algorithm with a theoretically guaranteed, uncertainty-aware penalty metric, which theoretically and empirically manifests itself in mitigating the Out-of-Distribution (OOD)-induced distributional shift, a common issue for offline settings with scarce training data. Extensive experiments also show that our model outperforms MFRL in average reward and QoS, while demonstrating superior performance over other MBRL algorithms. These results highlight the practicality and scalability of our model in real-world network resource allocation tasks.",10.1109/TCOMM.2025.3606417,https://ieeexplore.ieee.org/stamp/stamp.jsp?arnumber=11151241,Ad hoc network;communication resource allocation;model-based reinforcement learning;conditional diffusion model;model-uncertainty quantification,,,removed,no,no,no,no
Consistent Augmentation Learning for Generalizing CLIP to Unseen Domains,Q. Xuan; T. Yu; L. Bai; Y. Ruan,IEEE Access,2024,"Domain generalization (DG) is a challenging transfer learning task focused on learning invariant knowledge from limited source domains, thereby enhancing generalization to the out-of-distribution data in unseen domains. Recent advancements in vision-language models (VLMs) have notably boosted the capability of deep models to generalize across unseen target domains. Models like CLIP have recently demonstrated promising zero-shot transferability by image-text matching, making it a robust tool for domain generalization. In this work, we explore generic methods to leverage CLIP for DG tasks in image classification. Specifically, we propose Consistent Augmentation Learning (CAL), a simple and effective extension of CLIP within the domain generalization framework. In the training phase, CAL introduces a new fine-tuning method called Consistent Augmentation Fine-Tuning (CAFT), which leverages feature consistency across different augmented views of the same sample. In the inference phase, CAL introduces a new Test-Time Augmentation strategy called Entropy-guided Test-time Augmentation (ETTA), which enhances the prediction confidence and robustness of the fine-tuned CLIP model by leveraging information extracted from test images. Extensive experiments have shown that CAL is successful in extracting domain-invariant features, thereby greatly enhancing the generalization capability of CLIP and achieving the state-of-the-art performance across three challenging benchmarks: Domainbed generalization, ImageNet classification, and Base-to-New generalization.",10.1109/ACCESS.2024.3479691,https://ieeexplore.ieee.org/stamp/stamp.jsp?arnumber=10716475,Vision-language models;domain generalization;test time augmentation,3.0,,removed,no,no,no,no
Context-Enhanced Zero-Shot Video Temporal Grounding with Adaptive Boundary Refinement,F. Li; H. Hu; F. Pan; Y. Wang; Y. Guo; X. Lu,2025 IEEE International Conference on Multimedia and Expo (ICME),2025,"In this paper, we introduce a novel training-free framework for Video Temporal Grounding (VTG) that combines pre-trained Visual Language Models (VLMs) and Large Language Models (LLMs). Existing methods often struggle with capturing the semantics of natural language queries and identifying the dynamic transitions at event boundaries. To address these challenges, our approach uses VLMs to generate detailed contextual descriptions of video content, providing richer prompts for LLMs to understand and reason about event temporal relations. Furthermore, we introduce an adaptive event boundary refinement strategy, ensuring better coverage of the full event phases. Our framework demonstrates superior performance in zero-shot settings on several benchmark datasets, including Charades-STA and ActivityNet Captions, and exhibits remarkable robustness in out-of-distribution (OOD) scenarios.",10.1109/ICME59968.2025.11209776,https://ieeexplore.ieee.org/stamp/stamp.jsp?arnumber=11209776,Video temporal grounding;vision language model;prompt learning;out-of-distribution generalization,,,removed,no,no,no,no
Continual Learning for Out-of-Distribution Pedestrian Detection,M. Molahasani; A. Etemad; M. Greenspan,2023 IEEE International Conference on Image Processing (ICIP),2023,"A continual learning solution is proposed to address the out-of-distribution generalization problem for pedestrian detection. While recent pedestrian detection models have achieved impressive performance on various datasets, they remain sensitive to shifts in the distribution of the inference data. Our method adopts and modifies Elastic Weight Consolidation to a backbone object detection network, in order to penalize the changes in the model weights based on their importance towards the initially learned task. We show that when trained with one dataset and fine-tuned on another, our solution learns the new distribution and maintains its performance on the previous one, avoiding catastrophic forgetting. We use two popular datasets, CrowdHuman and CityPersons for our cross-dataset experiments, and show considerable improvements over standard fine-tuning, with a 9% and 18% miss rate percent reduction improvement in the CrowdHuman and CityPersons datasets, respectively.",10.1109/ICIP49359.2023.10222758,https://ieeexplore.ieee.org/stamp/stamp.jsp?arnumber=10222758,Out-of-Distribution Generalization;Continual Learning;Pedestrian Detection,2.0,yes,moved,no,no,no,yes
Continual Learning With Unknown Task Boundary,X. Zhu; J. Yi; L. Zhang,IEEE Transactions on Neural Networks and Learning Systems,2025,"Most existing studies on continual learning (CL) consider the task-based setting, where task boundaries are known to learners during training. However, they may be impractical for real-world problems, where new tasks arrive with unnotified distribution shifts. In this article, we introduce a new boundary-unknown continual learning scenario called continuum incremental learning (CoIL), where the incremental unit may be a concatenation of several tasks or a subset of one task. To identify task boundaries, we design a continual out-of-distribution (OOD) detection method based on softmax probabilities, which can detect OOD samples for the latest learned task. Then, we incorporate it with continual learning approaches to solve the CoIL problem. Furthermore, we investigate the more challenging task-reappear setting and propose a method named continual learning with unknown task boundary (CLUTaB). CLUTaB first adopts in-distribution detection and OOD loss to determine whether a set of data is sampled from any learned distribution. Then, a two-step inference technique is designed to improve the continual learning performance. Experiments show that our methods work well with existing continual learning approaches and achieve good performance on CIFAR-100 and mini-ImageNet datasets.",10.1109/TNNLS.2024.3412934,https://ieeexplore.ieee.org/stamp/stamp.jsp?arnumber=10560050,Continual learning (CL);continuum incremental learning (CoIL);deep learning;out-of-distribution (OOD) detection,3.0,yes,moved,no,no,no,yes
Contrastive Invariant Risk Minimization for Grounded Situation Recognition,Z. Yuan; C. Zhao; Y. Tang; L. Guo; X. Wu; C. Xu,2025 IEEE International Conference on Multimedia and Expo (ICME),2025,"Grounded situation recognition (GSR) is a comprehensive structured scene understanding task that predicts the salient activity (verb), entities (nouns) involved in the activity with their roles, as well as the corresponding bounding-box groundings of the entities from the given image. Existing I.I.D.-based methods for GSR are limited in their ability to recognize novel verb-noun combinations. To address this problem, in this paper, we novelly consider GSR as a Non-I.I.D. task and focus on learning verb-invariant and role-specific representations for verb and noun predictions. Based on the causality, a novel Contrastive Invariant Risk Minimization (CIRM) model for GSR is proposed. In the proposed CIRM, invariant risk minimization is integrated into a transformer architecture to learn invariant representations for verb prediction. To enhance the intra-verb compactness and the inter-verb separability, contrastive learning is utilized to learn discriminative features. As far as we know, this is the first work that regards the task of GSR as a problem of out-of-distribution generalization. Extensive experiments on the benchmark SWiG dataset demonstrate the effectiveness of our proposed CIRM over other state-of-the-art methods in all evaluation metrics.",10.1109/ICME59968.2025.11210121,https://ieeexplore.ieee.org/stamp/stamp.jsp?arnumber=11210121,Grounded Situation Recognition;Invariant Risk Minimization;Contrastive Learning,,,removed,no,no,no,no
Contrastive Learning with Positive Augmentation in Open World Test-Time Training,J. Xie; Y. Bi; H. Wang,2025 28th International Conference on Computer Supported Cooperative Work in Design (CSCWD),2025,"Test-time training (TTT) seeks to adapt models trained on a source domain to unseen target domains during testing, addressing challenges of distribution shifts. While previous studies have concentrated on improving model performance against common corruptions and exploring robustness in real-world scenarios, the issue of generalizing pre-trained models to target domains comprising both corrupted and semantically distinct data remains underexplored. This paper introduces a contrastive test-time training approach that incorporates sample identification and discriminability regularization to address these challenges. We utilize entropy as an indicator to selectively filter strong out-of-distribution (OOD) data from test samples, enhancing model adaptation to target corrupted samples. By employing contrastive representation learning, our approach improves feature effectiveness and model robustness. Additionally, we define a feature diversity regularization loss to balance the model's transfer and discriminative capabilities. Experimental results demonstrate that our method surpasses state-of-the-art techniques in three evaluation metrics across multiple benchmark datasets.",10.1109/CSCWD64889.2025.11033454,https://ieeexplore.ieee.org/stamp/stamp.jsp?arnumber=11033454,,,yes,moved,no,no,no,no
Crafting Distribution Shifts for Validation and Training in Single Source Domain Generalization,N. Efthymiadis; G. Tolias; O. Chum,2025 IEEE/CVF Winter Conference on Applications of Computer Vision (WACV),2025,"Single-source domain generalization attempts to learn a model on a source domain and deploy it to unseen target domains. Limiting access only to source domain data imposes two key challenges - how to train a model that can generalize and how to verify that it does. The standard practice of validation on the training distribution does not accurately reflect the model's generalization ability, while validation on the test distribution is a malpractice to avoid. In this work, we construct an independent validation set by transforming source domain images with a comprehensive list of augmentations, covering a broad spectrum of potential distribution shifts in target domains. We demonstrate a high correlation between validation and test performance for multiple methods and across various datasets. The proposed validation achieves a relative accuracy improvement over the standard validation equal to 15.4% or 1.6% when used for method selection or learning rate tuning, respectively. Furthermore, we introduce a novel family of methods that increase the shape bias through enhanced edge maps. To benefit from the augmentations during training and preserve the independence of the validation set, a k-fold validation process is designed to separate the augmentation types used in training and validation. The method that achieves the best performance on the augmented validation is selected from the proposed family. It achieves state-of-the-art performance on various standard benchmarks. Code at: https://github.com/NikosEfth/crafting-shifts",10.1109/WACV61041.2025.00190,https://ieeexplore.ieee.org/stamp/stamp.jsp?arnumber=10944046,single-source domain generalization;domain genetalization;cross-domain;cross-domain learning;out-of-distribution;out-of-distribution learning;validation protocol,,yes,moved,no,no,no,no
COUNTS: Benchmarking Object Detectors and Multimodal Large Language Models under Distribution Shifts,J. Li; X. Zhang; H. Zou; Y. Guo; R. Xu; Y. Liu; C. Zhu; Y. He; P. Cui,2025 IEEE/CVF Conference on Computer Vision and Pattern Recognition (CVPR),2025,"Current object detectors often suffer significant performance degradation in real-world applications when encountering distributional shifts. Consequently, the out-of-distribution (OOD) generalization capability of object detectors has garnered increasing attention from researchers. Despite this growing interest, there remains a lack of a large-scale, comprehensive dataset and evaluation benchmark with fine-grained annotations tailored to assess the OOD generalization on more intricate tasks like object detection and grounding. To address this gap, we introduce COUNTS, a large-scale OOD dataset with object-level annotations. COUNTS encompasses 14 natural distributional shifts, over 222K samples, and more than 1,196K labeled bounding boxes. Leveraging COUNTS, we introduce two novel benchmarks: O(OD)1 and OODG. O(OD)1 is designed to comprehensively evaluate the OOD generalization capabilities of object detectors by utilizing controlled distribution shifts between training and testing data. OODG, on the other hand, aims to assess the OOD generalization of grounding abilities in multimodal large language models (MLLMs). Our findings reveal that, while large models and extensive pre-training data substantially enhance performance in in-distribution (IID) scenarios, significant limitations and opportunities for improvement persist in OOD contexts for both object detectors and MLLMs. In visual grounding tasks, even the advanced GPT-4o and Gemini-1.5 only achieve 56.7% and 28.0% accuracy, respectively. We hope COUNTS facilitates advancements in the development and assessment of robust object detectors and MLLMs capable of maintaining high performance under distributional shifts.",10.1109/CVPR52734.2025.00858,https://ieeexplore.ieee.org/stamp/stamp.jsp?arnumber=11093413,,,,removed,no,yes,no,no
Cross Contrasting Feature Perturbation for Domain Generalization,C. Li; D. Zhang; W. Huang; J. Zhang,2023 IEEE/CVF International Conference on Computer Vision (ICCV),2023,"Domain generalization (DG) aims to learn a robust model from source domains that generalize well on unseen target domains. Recent studies focus on generating novel domain samples or features to diversify distributions complementary to source domains. Yet, these approaches can hardly deal with the restriction that the samples synthesized from various domains can cause semantic distortion. In this paper, we propose an online one-stage Cross Contrasting Feature Perturbation (CCFP) framework to simulate domain shift by generating perturbed features in the latent space while regularizing the model prediction against domain shift. Different from the previous fixed synthesizing strategy, we design modules with learnable feature perturbations and semantic consistency constraints. In contrast to prior work, our method does not use any generative-based models or domain labels. We conduct extensive experiments on a standard DomainBed benchmark with a strict evaluation protocol for a fair comparison. Comprehensive experiments show that our method outperforms the previous state-of-the-art, and quantitative analyses illustrate that our approach can alleviate the domain shift problem in out-of-distribution (OOD) scenarios. https://github.com/hackmebroo/CCFP",10.1109/ICCV51070.2023.00128,https://ieeexplore.ieee.org/stamp/stamp.jsp?arnumber=10377401,,16.0,yes,moved,no,no,no,yes
CrossFuse: Learning Infrared and Visible Image Fusion by Cross-Sensor Top-K Vision Alignment and Beyond,Y. Shi; C. Shi; Z. Weng; Y. Tian; X. Xian; L. Lin,IEEE Transactions on Circuits and Systems for Video Technology,2025,"Infrared and visible image fusion (IVIF) is increasingly applied in critical fields such as video surveillance and autonomous driving systems. Significant progress has been made in deep learning-based fusion methods. However, these models frequently encounter out-of-distribution (OOD) scenes in real-world applications, which severely impact their performance and reliability. Therefore, addressing the challenge of OOD data is crucial for the safe deployment of these models in open-world environments. Unlike existing research, our focus is on the challenges posed by OOD data in real-world applications and on enhancing the robustness and generalization of models. In this paper, we propose an infrared-visible fusion framework based on Multi-View Augmentation. For external data augmentation, Top-k Selective Vision Alignment is employed to mitigate distribution shifts between datasets by performing RGB-wise transformations on visible images. This strategy effectively introduces augmented samples, enhancing the adaptability of the model to complex real-world scenarios. Additionally, for internal data augmentation, self-supervised learning is established using Weak-Aggressive Augmentation. This enables the model to learn more robust and general feature representations during the fusion process, thereby improving robustness and generalization. Extensive experiments demonstrate that the proposed method exhibits superior performance and robustness across various conditions and environments. Our approach significantly enhances the reliability and stability of IVIF tasks in practical applications.",10.1109/TCSVT.2025.3544746,https://ieeexplore.ieee.org/stamp/stamp.jsp?arnumber=10900459,Infrared;visible image;fusion;top-k;cross-sensor;vision alignment;multi-view,2.0,yes,moved,no,no,no,yes
Cross-Domain Few-Shot Incremental Learning for Point-Cloud Recognition,Y. Tan; X. Xiang,2024 IEEE/CVF Winter Conference on Applications of Computer Vision (WACV),2024,"Sensing 3D objects is critical when 2D object recognition is not accessible. A robot pre-trained on a large point-cloud dataset will encounter unseen classes of 3D objects after deploying it. Therefore, the robot should be able to learn continuously in real-world scenarios. Few-shot class-incremental learning (FSCIL) requires the model to learn from few-shot new examples continually and not forget past classes. However, there is an implicit but strong assumption in the FSCIL that the distribution of the base and incremental classes is the same. In this paper, we focus on cross-domain FSCIL for point-cloud recognition. We decompose the catastrophic forgetting into base class forgetting and incremental class forgetting and alleviate them separately. We utilize the base model to discriminate base samples and new samples by treating base samples as in-distribution samples, and new objects as out-of-distribution samples. We retain the base model to avoid catastrophic forgetting of base classes and train an extra domain-specific module for all new samples to adapt to new classes. At inference, we first discriminate whether the sample belongs to the base class or the new class. Once classified at the model level, test samples are then passed to the corresponding model for class-level classification. To better mitigate the forgetting of new classes, we adopt the soft label and hard label replay together. Extensive experiments on synthetic-to-real incremental 3D datasets show that our proposed method can balance the performance between the base and new objects and outperforms the previous state-of-the-art methods.",10.1109/WACV57701.2024.00230,https://ieeexplore.ieee.org/stamp/stamp.jsp?arnumber=10484150,Algorithms;Machine learning architectures;formulations;and algorithms;Algorithms;3D computer vision;Algorithms;Image recognition and understanding,9.0,,removed,no,no,no,no
Cross-GAN Auditing: Unsupervised Identification of Attribute Level Similarities and Differences Between Pretrained Generative Models,M. L. Olson; S. Liu; R. Anirudh; J. J. Thiagarajan; P. -T. Bremer; W. -K. Wong,2023 IEEE/CVF Conference on Computer Vision and Pattern Recognition (CVPR),2023,"Generative Adversarial Networks (GANs) are notoriously difficult to train especially for complex distributions and with limited data. This has driven the need for tools to audit trained networks in human intelligible format, for example, to identify biases or ensure fairness. Existing GAN audit tools are restricted to coarse-grained, modeldata comparisons based on summary statistics such as FID or recall. In this paper, we propose an alternative approach that compares a newly developed GAN against a prior baseline. To this end, we introduce Cross-GAN Auditing (xGA) that, given an established “reference” GAN and a newly proposed “client” GAN, jointly identifies intelligible attributes that are either common across both GANs, novel to the client GAN, or missing from the client GAN. This provides both users and model developers an intuitive assessment of similarity and differences between GANs. We introduce novel metrics to evaluate attribute-based GAN auditing approaches and use these metrics to demonstrate quantitatively that xGA outperforms baseline approaches. We also include qualitative results that illustrate the common, novel and missing attributes identified by xGA from GANs trained on a variety of image datasets 1",10.1109/CVPR52729.2023.00771,https://ieeexplore.ieee.org/stamp/stamp.jsp?arnumber=10204482,Image and video synthesis and generation,3.0,,removed,no,no,no,no
Cross-Modal Feature Alignment and MMD Improve Robustness of Prompt Tuning,J. Sun; R. Sharma; V. S. Lokhande; C. Chen,2025 IEEE/CVF Winter Conference on Applications of Computer Vision (WACV),2025,"Prompt Tuning has emerged as a prominent research paradigm for adapting vision-language models to various downstream tasks. However, recent research indicates that prompt tuning methods often lead to overfitting due to limited training samples. In this paper, we propose a Cross-modal Aligned Feature Tuning (CRAFT) method to address this issue. Cross-modal alignment is conducted by first selecting anchors from the alternative domain and deriving relative representations of the embeddings for the selected anchors. Optimizing for a feature alignment loss over anchor-aligned text and image modalities creates a more unified text-image common space. Overfitting in prompt tuning also deteriorates model performance on out-of-distribution samples. To further improve the prompt model's robustness, we propose minimizing Maximum Mean Discrepancy (MMD) over the anchor-aligned feature spaces to mitigate domain shift. The experiment on four different prompt tuning structures consistently shows the improvement of our method, with increases of up to 6.1% in the Base-to-Novel generalization task, 5.8% in the group robustness task, and 2.7% in the out-of-distribution tasks. The code is available at https://github.com/lingchensun/Craft.",10.1109/WACV61041.2025.00462,https://ieeexplore.ieee.org/stamp/stamp.jsp?arnumber=10943962,cross-modal alignment;prompt tuning;out-of-distribution;vision-language model,,,removed,no,no,no,yes
CSDACD: Domain-Adaptive Change Detection Network for Cross-Seasonal Remote Sensing Images,Y. Huang; P. Zhang,IEEE Geoscience and Remote Sensing Letters,2024,"Change detection (CD) is a crucial task in Earth remote sensing, and it plays a significant role in analyzing changes in a region. However, bitemporal images acquisition may cause domain shift problems due to the seasonal difference. Most cross-seasonal CD methods currently in use make it difficult to capture the impact of domain shift. In contrast, domain adaptation (DA) methods struggle with fuzzy semantic correspondence and suboptimal use of generated data, which leads to incomplete target images. To address these problems, we propose CSDACD, an end-to-end DA CD network that integrates DA images into the CD network. In addition, we introduce the semantic change alignment (SCA) module to include the registration and semantic change information of bitemporal images and design three data fusion modules to enhance the adaptability of DA and CD networks. Our experiments show that the CSDACD outperforms the state-of-the-art (SOTA) methods in cross-seasonal CD tasks, achieving an F1 score of 98.73% and an IoU of 97.49% in the CDD dataset. Source code and models are available at https://github.com/24kironhead/CSDACD.",10.1109/LGRS.2024.3431212,https://ieeexplore.ieee.org/stamp/stamp.jsp?arnumber=10604841,Change detection (CD);domain adaptation (DA);generative adversarial network;remote sensing images,1.0,yes,moved,no,no,no,no
Data Distribution Transfer for Out Of Distribution Generalization,F. Wang; R. Li; K. Zhang; X. Yuan; C. Zhao,2022 IEEE 24th International Workshop on Multimedia Signal Processing (MMSP),2022,"Modern deep neural networks suffer from performance degradation when evaluated on testing data under different distributions from training data. The goal of out-of-distribution generalization is to solve this problem by learning transferable knowledge from source domains to generalize to invisible target domains. This paper presents a data augmentation method for out-of-distribution generalization. The main assumption is that the main data distribution of an image mostly contains domain-related information, such as color, illumination, texture content, etc, which hurts the domain shifts. To force the model to pay less attention to this part of the information, we propose a new data augmentation method based on the main distribution transition. Extensive experiments on two data set have demonstrated that the proposed method is able to achieve state-of-the-art performance for domain generalization. At the same time, our method can not only combine with other methods to produce a superposition generalization effect but also generate obfuscation data cheaply.",10.1109/MMSP55362.2022.9949199,https://ieeexplore.ieee.org/stamp/stamp.jsp?arnumber=9949199,deep learning;domain generalization;out-of-distribution generalization;domain shifts;data augmentation,1.0,yes,moved,no,no,no,yes
Decompose-and-Compose: A Compositional Approach to Mitigating Spurious Correlation,F. H. Noohdani; P. Hosseini; A. Y. Parast; H. Y. Araghi; M. S. Baghshah,2024 IEEE/CVF Conference on Computer Vision and Pattern Recognition (CVPR),2024,"While standard Empirical Risk Minimization (ERM) training is proven effective for image classification on in-distribution data, it fails to perform well on out-of-distribution samples. One of the main sources of distribution shift for image classification is the compositional nature of images. Specifically, in addition to the main object or component(s) determining the label, some other image components usually exist, which may lead to the shift of input distribution between train and test environments. More importantly, these components may have spurious corre-lations with the label. To address this issue, we propose Decompose-and-Compose (DaC), which improves robustness to correlation shift by a compositional approach based on combining elements of images. Based on our observations, models trained with ERM usually highly attend to either the causal components or the components having a high spurious correlation with the label (especially in datapoints on which models have a high confidence). In fact, according to the amount of spurious correlation and the easiness of classification based on the causal or non-causal components, the model usually attends to one of these more (on samples with high confidence). Following this, we first try to identify the causal components of images using class activation maps of models trained with ERM. Afterwards, we intervene on images by combining them and retraining the model on the augmented data, including the counterfac-tual ones. This work proposes a group-balancing method by intervening on images without requiring group labels or information regarding the spurious features during training. The method has an overall better worst group accuracy compared to previous methods with the same amount of supervision on the group labels in correlation shift. Our code is available at https://github.com/fhn98/DaC.",10.1109/CVPR52733.2024.02612,https://ieeexplore.ieee.org/stamp/stamp.jsp?arnumber=10657638,Spurious Correlation,3.0,yes,moved,no,no,no,yes
De-Pessimism Offline Reinforcement Learning via Value Compensation,Z. Huang; J. Zhao; S. Sun,IEEE Transactions on Neural Networks and Learning Systems,2025,"Offline reinforcement learning (RL) has been widely used in practice due to its efficient data utilization, but it still faces the challenge of training vulnerability caused by policy deviation. Existing offline RL methods that add policy constraints or perform conservative Q-value estimation are pessimistic, making the learned policy suboptimal. In this article, we address the pessimism problem by focusing on accurate Q-value estimation. We propose the de-pessimism (DEP) operator to estimate Q values using the optimal Bellman operator or the compensation operator according to whether the actions are in the behavior support set. The compensation operator qualitatively determines the positive or negative nature of out-of-distribution (OOD) actions based on their performance compared with the behavior actions. It leverages differences in state values to compensate for the Q value of positive OOD actions, thereby alleviating pessimism. We theoretically demonstrate the convergence of DEP and its effectiveness in policy improvement. To further advance the practical application, we integrate DEP into the soft actor-critic (SAC) algorithm, yielding the value-compensated de-pessimism offline RL (DoRL-VC). Experimentally, DoRL-VC achieves state-of-the-art (SOTA) performance across mujoco locomotion, Maze 2-D, and challenging Adroit tasks, illustrating the efficacy of DEP in mitigating pessimism.",10.1109/TNNLS.2024.3443082,https://ieeexplore.ieee.org/stamp/stamp.jsp?arnumber=10645715,De-pessimism (DEP);offline reinforcement learning (RL);out-of-distribution (OOD) action;value compensation,1.0,,removed,no,no,no,no
Deep Stable Learning for Out-Of-Distribution Generalization,X. Zhang; P. Cui; R. Xu; L. Zhou; Y. He; Z. Shen,2021 IEEE/CVF Conference on Computer Vision and Pattern Recognition (CVPR),2021,"Approaches based on deep neural networks have achieved striking performance when testing data and training data share similar distribution, but can significantly fail otherwise. Therefore, eliminating the impact of distribution shifts between training and testing data is crucial for building performance-promising deep models. Conventional methods assume either the known heterogeneity of training data (e.g. domain labels) or the approximately equal capacities of different domains. In this paper, we consider a more challenging case where neither of the above assumptions holds. We propose to address this problem by removing the dependencies between features via learning weights for training samples, which helps deep models get rid of spurious correlations and, in turn, concentrate more on the true connection between discriminative features and labels. Extensive experiments clearly demonstrate the effectiveness of our method on multiple distribution generalization benchmarks compared with state-of-the-art counterparts. Through extensive experiments on distribution generalization benchmarks including PACS, VLCS, MNIST-M, and NICO, we show the effectiveness of our method compared with state-of-the-art counterparts.",10.1109/CVPR46437.2021.00533,https://ieeexplore.ieee.org/stamp/stamp.jsp?arnumber=9577393,,210.0,yes,moved,no,no,no,no
Delving Deep into the Generalization of Vision Transformers under Distribution Shifts,C. Zhang; M. Zhang; S. Zhang; D. Jin; Q. Zhou; Z. Cai; H. Zhao; X. Liu; Z. Liu,2022 IEEE/CVF Conference on Computer Vision and Pattern Recognition (CVPR),2022,"Vision Transformers (ViTs) have achieved impressive performance on various vision tasks, yet their generalization under distribution shifts (DS) is rarely understood. In this work, we comprehensively study the out-of-distribution (OOD) generalization of ViTs. For systematic investigation, we first present a taxonomy of DS. We then perform extensive evaluations of ViT variants under different DS and compare their generalization with Convolutional Neural Network (CNN) models. Important observations are obtained: 1) ViTs learn weaker biases on backgrounds and textures, while they are equipped with stronger inductive biases towards shapes and structures, which is more consistent with human cognitive traits. Therefore, ViTs generalize better than CNNs under DS. With the same or less amount of parameters, ViTs are ahead of corresponding CNNs by more than 5% in top-1 accuracy under most types of DS. 2) As the model scale increases, ViTs strengthen these biases and thus gradually narrow the in-distribution and OOD performance gap. To further improve the generalization of ViTs, we design the Generalization-Enhanced ViTs (GE-ViTs) from the perspectives of adversarial learning, information theory, and self-supervised learning. By comprehensively investigating these GE-ViTs and comparing with their corresponding CNN models, we observe: 1) For the enhanced model, larger ViTs still benefit more for the OOD generalization. 2) GE-ViTs are more sensitive to the hyper-parameters than their corresponding CNN models. We design a smoother learning strategy to achieve a stable training process and obtain performance improvements on OOD data by 4% from vanilla ViTs. We hope our comprehensive study could shed light on the design of more generalizable learning architectures. Codes and datasets are released in https://github.com/Phoenix1153/ViT_OOD_generalization.",10.1109/CVPR52688.2022.00713,https://ieeexplore.ieee.org/stamp/stamp.jsp?arnumber=9879891,Recognition: detection;categorization;retrieval; Representation learning,58.0,yes,moved,no,yes,no,yes
Deep Stable Representation Learning on Electronic Health Records,Y. Luo; Z. Liu; Q. Liu,2022 IEEE International Conference on Data Mining (ICDM),2022,"Deep learning models have achieved promising disease prediction performance of the Electronic Health Records (EHR) of patients. However, most models developed under the I.I.D. hypothesis fail to consider the agnostic distribution shifts, diminishing the generalization ability of deep learning models to Out-Of-Distribution (OOD) data. In this setting, spurious statistical correlations between procedures and diagnoses that may change in different environments will be exploited, which can cause sub-optimal performances of deep learning models and spurious correlation between historical EHR and future diagnosis. To address this problem, we propose to use a causal representation learning method called Causal Healthcare Embedding (CHE). CHE aims at eliminating the spurious statistical relationship by removing the dependencies between diagnoses and procedures. We introduce the Hilbert-Schmidt Independence Criterion (HSIC) to measure the degree of independence between the embedded diagnosis and procedure features. Based on causal view analyses, we perform the sample weighting technique to get rid of such spurious relationship for the stable learning of EHR across different environments. Moreover, our proposed CHE method can be used as a flexible plug-and-play module to enhance existing deep learning models on EHR. Extensive experiments on two public datasets and five state-of-the-art baselines unequivocally show that CHE can improve the prediction accuracy of deep learning models on out-of-distribution data by a large margin. In addition, the interpretability study shows that CHE could successfully leverage causal structures to reflect a more reasonable contribution of historical records for predictions.",10.1109/ICDM54844.2022.00134,https://ieeexplore.ieee.org/stamp/stamp.jsp?arnumber=10027709,Healthcare informatics;causal inference;electronic health records;out-of-distribution,,,removed,no,no,no,yes
Detecting Out-of-distribution through the Lens of Neural Collapse,L. Liu; Y. Qin,2025 IEEE/CVF Conference on Computer Vision and Pattern Recognition (CVPR),2025,"Out-of-Distribution (OOD) detection is critical for safe deployment; however, existing detectors often struggle to generalize across datasets of varying scales and model architectures, and some can incur high computational costs in real-world applications. Inspired by the phenomenon of Neural Collapse, we propose a versatile and efficient OOD detection method. Specifically, we re-characterize prior observations that in-distribution (ID) samples form clusters, demonstrating that, with appropriate centering, these clusters align closely with model weight vectors. Additionally, we reveal that ID features tend to expand into a simplex Equiangular Tight Frame, explaining the common observation that ID features are situated farther from the origin than OOD features. Incorporating both insights from Neural Collapse, our OOD detector leverages feature proximity to weight vectors and complements this approach by using feature norms to effectively filter out OOD samples. Extensive experiments on off-the-shelf models demonstrate the robustness of our OOD detector across diverse scenarios, mitigating generalization discrepancies and enhancing overall performance, with inference latency comparable to that of the basic softmax-confidence detector. Code is available at: https://github.com/litianliu/NCI-OOD.",10.1109/CVPR52734.2025.01437,https://ieeexplore.ieee.org/stamp/stamp.jsp?arnumber=11094805,,,yes,moved,no,no,no,no
Delving Into Generalizable Label Distribution Learning,X. Zhao; L. Qi; Y. An; X. Geng,IEEE Transactions on Pattern Analysis and Machine Intelligence,2025,"Owing to the excellent capability in dealing with label ambiguity, Label Distribution Learning (LDL), as an emerging machine learning paradigm, has received extensive research in recent years. Though remarkable progress has been achieved in various tasks, one limitation with existing LDL methods is that they are all based on the i.i.d. assumption that training and test data are identically and independently distributed. As a result, they suffer obvious performance degradation and are no longer applicable when tested in out-of-distribution scenarios, which severely limits the application of LDL in many tasks. In this paper, we identify and investigate the Generalizable Label Distribution Learning (GLDL) problem. To handle such a challenging problem, we delve into the characteristics of GLDL and find that the label annotations changing with the variability of the domains is the underlying reason for the performance degradation of the existing methods. Inspired by this observation, we explore domain-invariant feature-label correlation information to reduce the impact of label annotations changing with domains and propose two practical methods. Extensive experiments verify the superior performance of the proposed methods. Our work fills the gap in benchmarks and techniques for practical GLDL problems.",10.1109/TPAMI.2025.3581552,https://ieeexplore.ieee.org/stamp/stamp.jsp?arnumber=11045292,Label distribution learning;domain generalization;generalizable label distribution learning;label correlation,,,removed,no,no,no,no
Detection and Retrieval of Out-of-Distribution Objects in Semantic Segmentation,P. Oberdiek; M. Rottmann; G. A. Fink,2020 IEEE/CVF Conference on Computer Vision and Pattern Recognition Workshops (CVPRW),2020,"When deploying deep learning technology in self-driving cars, deep neural networks are constantly exposed to domain shifts. These include, e.g., changes in weather conditions, time of day, and long-term temporal shift. In this work we utilize a deep neural network trained on the Cityscapes dataset containing urban street scenes and infer images from a different dataset, the A2D2 dataset, containing also countryside and highway images. We present a novel pipeline for semantic segmenation that detects out-of-distribution (OOD) segments by means of the deep neural network's prediction and performs image retrieval after feature extraction and dimensionality reduction on image patches. In our experiments we demonstrate that the deployed OOD approach is suitable for detecting out-of-distribution concepts. Furthermore, we evaluate the image patch retrieval qualitatively as well as quantitatively by means of the semi-compatible A2D2 ground truth and obtain mAP values of up to 52.2%.",10.1109/CVPRW50498.2020.00172,https://ieeexplore.ieee.org/stamp/stamp.jsp?arnumber=9150788,,19.0,yes,moved,no,no,no,yes
Evolving Domain Generalization via Latent Structure-Aware Sequential Autoencoder,T. Qin; S. Wang; H. Li,IEEE Transactions on Pattern Analysis and Machine Intelligence,2023,"Domain generalization (DG) refers to the problem of generalizing machine learning systems to out-of-distribution (OOD) data with knowledge learned from several provided source domains. Most prior works confine themselves to stationary and discrete environments to tackle such generalization issue arising from OOD data. However, in practice, many tasks in non-stationary environments (e.g., autonomous-driving car system, sensor measurement) involve more complex and continuously evolving domain drift, emerging new challenges for model deployment. In this paper, we first formulate this setting as the problem of evolving domain generalization. To deal with the continuously changing domains, we propose MMD-LSAE, a novel framework that learns to capture the evolving patterns among domains for better generalization. Specifically, MMD-LSAE characterizes OOD data in non-stationary environments with two types of distribution shifts: covariate shift and concept shift, and employs deep autoencoder modules to infer their dynamics in latent space separately. In these modules, the inferred posterior distributions of latent codes are optimized to align with their corresponding prior distributions via minimizing maximum mean discrepancy (MMD). We theoretically verify that MMD-LSAE has the inherent capability to implicitly facilitate mutual information maximization, which can promote superior representation learning and improved generalization of the model. Furthermore, the experimental results on both synthetic and real-world datasets show that our proposed approach can consistently achieve favorable performance based on the evolving domain generalization setting.",10.1109/TPAMI.2023.3319984,https://ieeexplore.ieee.org/stamp/stamp.jsp?arnumber=10268347,Domain generalization;non-stationary environments;autoencoder;kernel methods,3.0,yes,moved,no,yes,no,yes
Distribution Shift Inversion for Out-of-Distribution Prediction,R. Yu; S. Liu; X. Yang; X. Wang,2023 IEEE/CVF Conference on Computer Vision and Pattern Recognition (CVPR),2023,"Machine learning society has witnessed the emergence of a myriad of Out-of-Distribution (OoD) algorithms, which address the distribution shift between the training and the testing distribution by searching for a unified predictor or invariant feature representation. However, the task of directly mitigating the distribution shift in the unseen testing set is rarely investigated, due to the unavailability of the testing distribution during the training phase and thus the impossibility of training a distribution translator mapping between the training and testing distribution. In this paper, we explore how to bypass the requirement of testing distribution for distribution translator training and make the distribution translation useful for OoD prediction. We propose a portable Distribution Shift Inversion (DSI) algorithm, in which, before being fed into the prediction model, the OoD testing samples are first linearly combined with additional Gaussian noise and then transferred back towards the training distribution using a diffusion model trained only on the source distribution. Theoretical analysis reveals the feasibility of our method. Experimental results, on both multiple-domain generalization datasets and single-domain generalization datasets, show that our method provides a general performance gain when plugged into a wide range of commonly used OoD algorithms. Our code is available at https://github.com/yu-rp/Distribution-Shift-Iverson.",10.1109/CVPR52729.2023.00350,https://ieeexplore.ieee.org/stamp/stamp.jsp?arnumber=10203913,Transfer;meta;low-shot;continual;or long-tail learning,12.0,yes,moved,no,no,no,yes
Diffusion Model Dynamic Trajectory Splicing Decision Transformer,X. Li; B. Jin,"2025 IEEE 6th International Seminar on Artificial Intelligence, Networking and Information Technology (AINIT)",2025,"Offline Reinforcement Rearning (RL) faces critical challenges in balancing policy improvement with distributional shift, particularly when leveraging trajectory-based models like the Decision Transformer (DT). This paper introduces a novel framework that integrates uncertainty-aware action generation and conservative value estimation to address these challenges. A diffusion model dynamically adjusts the number of candidate actions based on environmental uncertainty, expanding exploration in high-risk states while maintaining efficiency in predictable scenarios. The framework further employs an Implicit Q-Learning (IQL)-based critic network to filter generated actions through a dual mechanism: discarding out-of-distribution actions via a value threshold and selecting the optimal action through conservative Q-maximization. By synergizing trajectory modeling with uncertainty quantification and value constraints, our approach effectively mitigates distributional shift while preserving the flexibility of policy learning. Extensive evaluations on D4RL benchmarks demonstrate the framework's robustness across diverse datasets, from suboptimal to expert-level trajectories, and highlight its potential for real-world applications where safety and adaptability are paramount. The source code is publicly accessible at https://github.com/Beardoglxh/DFDT.",10.1109/AINIT65432.2025.11035760,https://ieeexplore.ieee.org/stamp/stamp.jsp?arnumber=11035760,Offline Reinforcement Learning;Decision Transformer;Diffusion Model,,,removed,no,no,no,no
Diffusion Policies for Out-of-Distribution Generalization in Offline Reinforcement Learning,S. E. Ada; E. Oztop; E. Ugur,IEEE Robotics and Automation Letters,2024,"Offline Reinforcement Learning (RL) methods leverage previous experiences to learn better policies than the behavior policy used for data collection. However, they face challenges handling distribution shifts due to the lack of online interaction during training. To this end, we propose a novel method named State Reconstruction for Diffusion Policies (SRDP) that incorporates state reconstruction feature learning in the recent class of diffusion policies to address the problem of out-of-distribution (OOD) generalization. Our method promotes learning of generalizable state representation to alleviate the distribution shift caused by OOD states. To illustrate the OOD generalization and faster convergence of SRDP, we design a novel 2D Multimodal Contextual Bandit environment and realize it on a 6-DoF real-world UR10 robot, as well as in simulation, and compare its performance with prior algorithms. In particular, we show the importance of the proposed state reconstruction via ablation studies. In addition, we assess the performance of our model on standard continuous control benchmarks (D4RL), namely the navigation of an 8-DoF ant and forward locomotion of half-cheetah, hopper, and walker2d, achieving state-of-the-art results. Finally, we demonstrate that our method can achieve 167% improvement over the competing baseline on a sparse continuous control navigation task where various regions of the state space are removed from the offline RL dataset, including the region encapsulating the goal.",10.1109/LRA.2024.3363530,https://ieeexplore.ieee.org/stamp/stamp.jsp?arnumber=10423845,Reinforcement learning;deep learning methods;learning from demonstration,6.0,,removed,no,no,no,yes
Distribution Shifts at Scale: Out-of-distribution Detection in Earth Observation,B. Ekim; G. A. Tadesse; C. Robinson; G. Hacheme; M. Schmitt; R. Dodhia; J. M. Lavista Ferres,2025 IEEE/CVF Conference on Computer Vision and Pattern Recognition Workshops (CVPRW),2025,"Training robust deep learning models is crucial in Earth Observation, where globally deployed models often face distribution shifts that degrade performance, especially in low-data regions. Out-of-distribution (OOD) detection addresses this by identifying inputs that deviate from indistribution (ID) data. However, existing methods either assume access to OOD data or compromise primary task performance, limiting real-world use. We introduce TARDIS, a post-hoc OOD detection method designed for scalable geospatial deployment. Our core innovation lies in generating surrogate distribution labels by leveraging ID data within the feature space. TARDIS takes a pre-trained model, ID data, and data from an unknown distribution (WILD), separates WILD into surrogate ID and OOD labels based on internal activations, and trains a binary classifier to detect distribution shifts. We validate on EuroSAT and xBD across 17 setups covering covariate and semantic shifts, showing near-upper-bound surrogate labeling performance in 13 cases and matching the performance of top post-hoc activation-and scoring-based methods. Finally, deploying TARDIS on Fields of the World reveals actionable insights into pre-trained model behavior at scale. The code is available at https://github.com/microsoft/geospatial-ood-detection",10.1109/CVPRW67362.2025.00213,https://ieeexplore.ieee.org/stamp/stamp.jsp?arnumber=11147590,distribution shifts;out-of-distribution detection;domain shift;geospatial machine learning,,yes,moved,no,yes,no,no
Distilling the Unknown to Unveil Certainty,Z. Zhao; L. Cao; Y. Zhang; K. -Y. Lin; W. -S. Zheng,IEEE Transactions on Pattern Analysis and Machine Intelligence,2025,"Out-of-distribution (OOD) detection is critical for identifying test samples that deviate from in-distribution (ID) data, ensuring network robustness and reliability. This paper presents a flexible framework for OOD knowledge distillation that extracts OOD-sensitive information from a network to develop a binary classifier capable of distinguishing between ID and OOD samples in both scenarios, with and without access to training ID data. To accomplish this, we introduce Confidence Amendment (CA), an innovative methodology that transforms an OOD sample into an ID one while progressively amending prediction confidence derived from the network to enhance OOD sensitivity. This approach enables the simultaneous synthesis of both ID and OOD samples, each accompanied by an adjusted prediction confidence, thereby facilitating the training of a binary classifier sensitive to OOD. Theoretical analysis provides bounds on the generalization error of the binary classifier, demonstrating the pivotal role of confidence amendment in enhancing OOD sensitivity. Extensive experiments spanning various datasets and network architectures confirm the efficacy of the proposed method in detecting OOD samples.",10.1109/TPAMI.2025.3584386,https://ieeexplore.ieee.org/stamp/stamp.jsp?arnumber=11059808,Deep neural networks;out-of-distribution detection;knowledge distillation;generalization error bound,,,removed,no,yes,no,yes
Distribution Mismatch Correction for Acoustic Scene Classification,L. Maier; A. Fuchs; F. Pernkopf,Speech Communication; 15th ITG Conference,2023,"While deep learning methods have shown immense benefits for Acoustic Scene Classification (ASC) tasks in terms of performance, they also introduce new challenges as these methods are prone to suffer from large performance degradation for out of distribution data. To build robust ASC models that can achieve reliable performance across multiple recording devices, the architecture has to be able to quickly adapt to changing input and activation distributions. We present ASCMobConvNet, a CNN architecture based on Mobile Inverted Bottleneck Convolutions. In order to better adapt to domain shifts and the resulting change in activation distributions, it uses sub-spectral normalization layers in combination with residual normalization instead of batch normalization layers. Furthermore, the model corrects non-parametric mismatches in the activation distributions through the integration of Wasserstein distribution correction layers. Using our proposed architecture we are able to achieve an test accuracy of 68:10% on the TAU Urban Acoustic Scenes 2020 Mobile development dataset. Using Wasserstein distribution correction layers we can further improve the accuracy by 0:68 %.",10.30420/456164041,https://ieeexplore.ieee.org/stamp/stamp.jsp?arnumber=10363029,,,,removed,no,no,no,no
Distributional Shift Adaptation using Domain-Specific Features,A. Tahir; L. Cheng; R. Guo; H. Liu,2022 IEEE International Conference on Big Data (Big Data),2022,"Machine learning algorithms typically assume that the training and test samples come from the same distributions, i.e., in-distribution. However, in open-world scenarios, streaming big data can be Out-Of-Distribution (OOD), rendering these algorithms ineffective. Prior solutions to the OOD challenge seek to identify invariant features across different training domains. The underlying assumption is that these invariant features should also work reasonably well in the unlabeled target domain. By contrast, this work is interested in the domain-specific features that include both invariant features and features unique to the target domain. We propose a simple yet effective approach that relies on correlations in general regardless of whether the features are invariant or not. Our approach uses the most confidently predicted samples identified by an OOD base model (teacher model) to train a new model (student model) that effectively adapts to the target domain. Empirical evaluations on benchmark datasets show that the performance is improved over the SOTA by ∼10-20%.",10.1109/BigData55660.2022.10020444,https://ieeexplore.ieee.org/stamp/stamp.jsp?arnumber=10020444,,1.0,yes,moved,no,no,no,no
Exploring Inlier and Outlier Specification for Improved Medical OOD Detection,V. Narayanaswamy; Y. Mubarka; R. Anirudh; D. Rajan; J. J. Thiagarajan,2023 IEEE/CVF International Conference on Computer Vision Workshops (ICCVW),2023,"We address the crucial task of developing well-calibrated out-of-distribution (OOD) detectors, in order to enable safe deployment of medical image classifiers. Calibration enables deep networks to protect against trivial decision rules and controls over-generalization, thereby supporting model reliability. Given the challenges involved in curating appropriate calibration datasets, synthetic augmentations have gained significant popularity for inlier/outlier specification. Despite the rapid progress in data augmentation techniques, our study reveals a remarkable finding: the synthesis space and augmentation type play a pivotal role in effectively calibrating OOD detectors. Using the popular energy-based OOD detection framework, we find that the optimal protocol is to synthesize latent-space inliers along with diverse pixel-space outliers. Through extensive empirical studies conducted on multiple medical imaging benchmarks, we consistently demonstrate the superiority of our approach, achieving substantial improvements of 15% - 35% in AUROC compared to the state-of-the-art across various open-set recognition settings.",10.1109/ICCVW60793.2023.00493,https://ieeexplore.ieee.org/stamp/stamp.jsp?arnumber=10350854,,6.0,yes,moved,no,yes,no,yes
"Divergent Domains, Convergent Grading: Enhancing Generalization in Diabetic Retinopathy Grading",S. Chokuwa; M. H. Khan,2025 IEEE/CVF Winter Conference on Applications of Computer Vision (WACV),2025,"Diabetic Retinopathy (DR) constitutes 5% of global blindness cases. While numerous deep learning approaches have sought to enhance traditional DR grading methods, they often falter when confronted with new out-of-distribution data thereby impeding their widespread application. In this study, we introduce a novel deep learning method for achieving domain generalization (DG) in DR grading and make the following contributions. First, we propose a new way of generating image-to-image diagnostically relevant fundus augmentations conditioned on the grade of the original fundus image. These augmentations are tailored to emulate the types of shifts in DR datasets thus increase the model's robustness. Second, we address the limitations of the standard classification loss in DG for DR fundus datasets by proposing a new DG-specific loss - domain alignment loss; which ensures that the feature vectors from all domains corresponding to the same class converge onto the same manifold for better domain generalization. Third, we tackle the coupled problem of data imbalance across DR domains and classes by proposing to employ Focal loss which seamlessly integrates with our new alignment loss. Fourth, due to inevitable observer variability in DR diagnosis that induces label noise, we propose leveraging self-supervised pretraining. This approach ensures that our DG model remains robust against early susceptibility to label noise, even when only a limited dataset of non-DR fundus images is available for pretraining. Our method demonstrates significant improvements over the strong Empirical Risk Minimization baseline and other recently proposed state-of-the-art DG methods for DR grading. Code is available at dg-adr.",10.1109/WACV61041.2025.00361,https://ieeexplore.ieee.org/stamp/stamp.jsp?arnumber=10943907,,,yes,moved,no,no,no,yes
Domain Adaptation Method Based on Multi-Scale Brain Network Feature Fusion for Brain Diseases Diagnosis,L. Zhao; B. Li; Q. Zhu,"2025 IEEE International Conference on Pattern Recognition, Machine Vision and Artificial Intelligence (PRMVAI)",2025,"Brain networks are essential for human cognition and crucial in diagnosing brain diseases. Traditional single-site methods, limited by small and homogeneous samples, struggle to generalize. In contrast, multi-site methods enhance diagnostic accuracy by integrating diverse data but face domain shifts due to inter-center data differences. To mitigate this issue, domain adaptation approaches strive to diminish the distributional discrepancies between source and target domains. However, they often overlook the complex topological structures in brain networks. This paper proposes a domain adaptation method based on multiscale brain network feature fusion for multi-site brain disease diagnosis. It utilizes graph convolutional networks to extract brain network features at different scales, thereby fully capturing the complex topological structure information. Moreover, it employs adversarial domain adaptation and prototype learning to mitigate domain and semantic shifts, thereby enhancing model generalization. Our approach significantly outperforms conventional domain adaptation methods in experiments conducted on multi-site Attention Deficit Hyperactivity Disorder (ADHD) datasets.",10.1109/PRMVAI65741.2025.11108666,https://ieeexplore.ieee.org/stamp/stamp.jsp?arnumber=11108666,Multi-scale feature fusion;Domain adaptation,,yes,moved,no,no,no,no
Distributionally Robust Policy Learning via Adversarial Environment Generation,A. Z. Ren; A. Majumdar,IEEE Robotics and Automation Letters,2022,"Our goal is to train control policies that generalize well to unseen environments. Inspired by the Distributionally Robust Optimization (DRO) framework, we propose DRAGEN — Distributionally Robust policy learning via Adversarial Generation of ENvironments — for iteratively improving robustness of policies to realistic distribution shifts by generating adversarial environments. The key idea is to learn a generative model for environments whose latent variables capture cost-predictive and realistic variations in environments. We perform DRO with respect to a Wasserstein ball around the empirical distribution of environments by generating realistic adversarial environments via gradient ascent on the latent space. We demonstrate strong Out-of-Distribution (OoD) generalization in simulation for (i) swinging up a pendulum with onboard vision and (ii) grasping realistic 3D objects. Grasping experiments on hardware demonstrate better sim2real performance compared to domain randomization.",10.1109/LRA.2021.3139949,https://ieeexplore.ieee.org/stamp/stamp.jsp?arnumber=9669029,Reinforcement learning;data sets for robot learning;generalization;continual learning;grasping,6.0,,removed,no,no,no,yes
Feature-Space Semantic Invariance: Enhanced OOD Detection for Open-Set Domain Generalization,H. Wang; C. Zhao; F. Chen,2024 IEEE International Conference on Big Data (BigData),2024,"Open-set domain generalization addresses a real-world challenge: training a model to generalize across unseen domains (domain generalization) while also detecting samples from unknown classes not encountered during training (open-set recognition). However, most existing approaches tackle these issues separately, limiting their practical applicability. To overcome this limitation, we propose a unified framework for open-set domain generalization by introducing Feature-space Semantic Invariance (FSI). FSI maintains semantic consistency across different domains within the feature space, enabling more accurate detection of OOD instances in unseen domains. Additionally, we adapt a generative model to produce synthetic data with novel domain styles or class labels, enhancing model robustness. Initial experiments show that our method improves AUROC by 9.1% to 18.9% on ColoredMNIST, while also significantly increasing in-distribution classification accuracy.",10.1109/BigData62323.2024.10825325,https://ieeexplore.ieee.org/stamp/stamp.jsp?arnumber=10825325,open-set domain generalization;OOD detection,1.0,yes,no,no,no,no,no
Diversify: A General Framework for Time Series Out-of-Distribution Detection and Generalization,W. Lu; J. Wang; X. Sun; Y. Chen; X. Ji; Q. Yang; X. Xie,IEEE Transactions on Pattern Analysis and Machine Intelligence,2024,"Time series remains one of the most challenging modalities in machine learning research. Out-of-distribution (OOD) detection and generalization on time series often face difficulties due to their non-stationary nature, wherein the distribution changes over time. The dynamic distributions within time series present significant challenges for existing algorithms, especially in identifying invariant distributions, as most focus on scenarios where domain information is provided as prior knowledge. This paper aims to address the issues induced by non-stationarity in time series through the exploration of subdomains within a complete dataset for generalized representation learning. We propose Diversify, a general framework, for OOD detection and generalization on dynamic distributions of time series. Diversify operates through an iterative process: first identifying the ’worst-case’ latent distribution scenario, then working to minimize the gaps between these latent distributions. We implement Diversify by combining existing OOD detection methods according to either extracted features or outputs of models for detection while we also directly utilize outputs for classification. Theoretical insights support the framework's validity. Extensive experiments are conducted on seven datasets with different OOD settings across gesture recognition, speech commands recognition, wearable stress and affect detection, and sensor-based human activity recognition. Qualitative and quantitative results demonstrate that Diversify learns more generalized features and significantly outperforms other baselines.",10.1109/TPAMI.2024.3355212,https://ieeexplore.ieee.org/stamp/stamp.jsp?arnumber=10402053,Domain generalization;OOD detection;out-of-distribution;representation learning;time series,13.0,,removed,no,yes,no,yes
Domain Generalised Fully Convolutional One Stage Detection,K. Seemakurthy; P. Bosilj; E. Aptoula; C. Fox,2023 IEEE International Conference on Robotics and Automation (ICRA),2023,"Real-time vision in robotics plays an important role in localising and recognising objects. Recently, deep learning approaches have been widely used in robotic vision. However, most of these approaches have assumed that training and test sets come from similar data distributions, which is not valid in many real world applications. This study proposes an approach to address domain generalisation (i.e. out-of-distribution generalisation, OODG) where the goal is to train a model via one or more source domains, that will generalise well to unknown target domains using single stage detectors. All existing approaches which deal with OODG either use slow two stage detectors or operate under the covariate shift assumption which may not be useful for real-time robotics. This is the first paper to address domain generalisation in the context of single stage anchor free object detector FCOS without the covariate shift assumption. We focus on improving the generalisation ability of object detection by proposing new regularisation terms to address the domain shift that arises due to both classification and bounding box regression. Also, we include an additional consistency regularisation term to align the local and global level predictions. The proposed approach is implemented as a Domain Generalised Fully Convolutional One Stage (DGFCOS) detection and evaluated using four object detection datasets which provide domain metadata (GWHD, Cityscapes, BDD100K, Sim10K) where it exhibits a consistent performance improvement over the baselines and is able to run in real-time for robotics.",10.1109/ICRA48891.2023.10160937,https://ieeexplore.ieee.org/stamp/stamp.jsp?arnumber=10160937,,4.0,yes,moved,no,yes,no,yes
Domain Aligned CLIP for Few-shot Classification,M. W. Gondal; J. Gast; I. A. Ruiz; R. Droste; T. Macri; S. Kumar; L. Staudigl,2024 IEEE/CVF Winter Conference on Applications of Computer Vision (WACV),2024,"Large vision-language representation learning models like CLIP have demonstrated impressive performance for zero-shot transfer to downstream tasks while largely benefiting from inter-modal (image-text) alignment via contrastive objectives. This downstream performance can further be enhanced by full-scale fine-tuning which is often compute intensive, requires large labelled data, and can reduce out-of-distribution (OOD) robustness. Furthermore, sole reliance on inter-modal alignment might overlook the rich information embedded within each individual modality. In this work, we introduce a sample-efficient domain adaptation strategy for CLIP, termed Domain Aligned CLIP (DAC), which improves both intra-modal (image-image) and inter-modal alignment on target distributions without fine-tuning the main model. For intra-modal alignment, we introduce a lightweight adapter that is specifically trained with an intra-modal contrastive objective. To improve intermodal alignment, we introduce a simple framework to modulate the precomputed class text embeddings. The proposed few-shot fine-tuning framework is computationally efficient, robust to distribution shifts, and does not alter CLIP’s parameters. We study the effectiveness of DAC by benchmarking on 11 widely used image classification tasks with consistent improvements in 16-shot classification upon strong baselines by about 2.3% and demonstrate competitive performance on 4 OOD robustness benchmarks.",10.1109/WACV57701.2024.00562,https://ieeexplore.ieee.org/stamp/stamp.jsp?arnumber=10483755,Algorithms;Vision + language and/or other modalities;Algorithms;Image recognition and understanding,10.0,,removed,no,no,no,yes
Domain Generalization by Learning from Privileged Medical Imaging Information,S. Korevaar; R. Tennakoon; R. O’Brien; D. Mahapatra; A. Bab-Hadiashar,2024 IEEE International Symposium on Biomedical Imaging (ISBI),2024,"Learning the ability to generalize knowledge between similar contexts is particularly important in medical imaging as data distributions can shift substantially from one hospital to another, or even from one machine to another. To strengthen generalization, most state-of-the-art techniques inject knowledge of the data distribution shifts by enforcing constraints on learned features or regularizing parameters. We offer an alternative approach: Learning from Privileged Medical Imaging Information (LPMII). We show that using some privileged information such as tumor shape or location leads to stronger domain generalization ability than current state-of-the-art techniques. This paper demonstrates that by using privileged information to predict the severity of intra-layer retinal fluid in optical coherence tomography scans, the classification accuracy of a deep learning model operating on out-of-distribution data improves from 0.911 to 0.935. This paper provides a strong starting point for using privileged information in other medical problems requiring generalization.",10.1109/ISBI56570.2024.10635157,https://ieeexplore.ieee.org/stamp/stamp.jsp?arnumber=10635157,Deep learning;medical imaging;generalization;segmentation;classification;privileged information;multi-task learning;optical coherence tomography;OCT,1.0,yes,moved,no,no,no,yes
Domain Generalization for Medical Image Analysis: A Review,J. S. Yoon; K. Oh; Y. Shin; M. A. Mazurowski; H. -I. Suk,Proceedings of the IEEE,2024,"Medical image analysis (MedIA) has become an essential tool in medicine and healthcare, aiding in disease diagnosis, prognosis, and treatment planning, and recent successes in deep learning (DL) have made significant contributions to its advances. However, deploying DL models for MedIA in real-world situations remains challenging due to their failure to generalize across the distributional gap between training and testing samples—a problem known as domain shift. Researchers have dedicated their efforts to developing various DL methods to adapt and perform robustly on unknown and out-of-distribution (OOD) data distributions. This article comprehensively reviews domain generalization (DG) studies specifically tailored for MedIA. We provide a holistic view of how DG techniques interact within the broader MedIA system, going beyond methodologies to consider the operational implications on the entire MedIA workflow. Specifically, we categorize DG methods into data-level, feature-level, model-level, and analysis-level methods. We show how those methods can be used in various stages of the MedIA workflow with DL equipped from data acquisition to model prediction and analysis. Furthermore, we critically analyze the strengths and weaknesses of various methods, unveiling future research opportunities.",10.1109/JPROC.2024.3507831,https://ieeexplore.ieee.org/stamp/stamp.jsp?arnumber=10780969,Deep learning (DL);domain generalization (DG);medical image analysis (MedIA);out-of-distribution (OOD),27.0,yes,moved,no,no,no,yes
Domain Generalization using Large Pretrained Models with Mixture-of-Adapters,G. Lee; W. Jang; J. Kim; J. Jung; S. Kim,2025 IEEE/CVF Winter Conference on Applications of Computer Vision (WACV),2025,"Learning robust vision models that perform well in out-of-distribution (OOD) situations is an important task for model deployment in real-world settings. Despite extensive research in this field, many proposed methods have only shown minor performance improvements compared to the simplest empirical risk minimization (ERM) approach, which was evaluated on a benchmark with a limited hy-perparameter search space. Our focus in this study is on leveraging the knowledge of large pretrained models to improve handling of OOD scenarios and tackle domain generalization problems. However, prior research has revealed that naively fine-tuning a large pretrained model can impair OOD robustness. Thus, we employ parameter-efficient fine-tuning (PEFT) techniques to effectively preserve OOD robustness while working with large models. Our extensive experiments and analysis confirm that the most effective approaches involve ensembling diverse models and increasing the scale of pretraining. As a result, we achieve state-of-the-art performance in domain generalization tasks. Our code and project page are available at: https://cvlab-kaist.github.io/MoA",10.1109/WACV61041.2025.00801,https://ieeexplore.ieee.org/stamp/stamp.jsp?arnumber=10944011,domain generalization;parameter-efficient fine-tuning;mixture-of-experts,1.0,yes,moved,no,no,no,no
Domain-Adaptive and Subgroup-Specific Cascaded Temperature Regression for Out-of-Distribution Calibration,J. Wang; J. Chen; B. Su,"ICASSP 2024 - 2024 IEEE International Conference on Acoustics, Speech and Signal Processing (ICASSP)",2024,"Although deep neural networks yield high classification accuracy given sufficient training data, their predictions are typically overconfident or under-confident, i.e., the prediction confidences cannot truly reflect the accuracy. Post-hoc calibration tackles this problem by calibrating the prediction confidences without re-training the classification model. However, current approaches assume congruence between test and validation data distributions, limiting their applicability to out-of-distribution scenarios. To this end, we propose a novel meta-set-based cascaded temperature regression method for post-hoc calibration. Our method tailors fine-grained scaling functions to distinct test sets by simulating various domain shifts through data augmentation on the validation set. We partition each meta-set into subgroups based on predicted category and confidence level, capturing diverse uncertainties. A regression network is then trained to derive category-specific and confidence-level-specific scaling, achieving calibration across meta-sets. Extensive experimental results on MNIST, CIFAR-10, and TinyImageNet demonstrate the effectiveness of the proposed method.",10.1109/ICASSP48485.2024.10446995,https://ieeexplore.ieee.org/stamp/stamp.jsp?arnumber=10446995,Post-hoc calibration;out-of-distribution;category-specific scaling;confidence-level-specific scaling,,yes,moved,no,no,no,yes
"Domain Generalization in Machine Learning Models for Wireless Communications: Concepts, State-of-the-Art, and Open Issues",M. Akrout; A. Feriani; F. Bellili; A. Mezghani; E. Hossain,IEEE Communications Surveys & Tutorials,2023,"Data-driven machine learning (ML) is promoted as one potential technology to be used in next-generation wireless systems. This led to a large body of research work that applies ML techniques to solve problems in different layers of the wireless transmission link. However, most of these applications rely on supervised learning which assumes that the source (training) and target (test) data are independent and identically distributed (i.i.d). This assumption is often violated in the real world due to domain or distribution shifts between the source and the target data. Thus, it is important to ensure that these algorithms generalize to out-of-distribution (OOD) data. In this context, domain generalization (DG) tackles the OOD-related issues by learning models on different and distinct source domains/datasets with generalization capabilities to unseen new domains without additional finetuning. Motivated by the importance of DG requirements for wireless applications, we present a comprehensive overview of the recent developments in DG and the different sources of domain shift. We also summarize the existing DG methods and review their applications in selected wireless communication problems, and conclude with insights and open questions.",10.1109/COMST.2023.3326399,https://ieeexplore.ieee.org/stamp/stamp.jsp?arnumber=10288574,ML-aided wireless networks;out-of-distribution generalization;domain generalization,32.0,,removed,no,no,no,yes
Domain Generalization of Deep Learning Models Under Subgroup Shift in Breast Cancer Prognosis,S. R. Stahlschmidt; B. Ulfenborg; G. Falkman; J. Synnergren,2024 IEEE Conference on Computational Intelligence in Bioinformatics and Computational Biology (CIBCB),2024,"Making breast cancer prognosis from gene expression profiles of the primary tumor has become a promising application of deep learning. Yet, to be relevant to real world applications in the clinic and for knowledge discovery, these models must be robust to common distribution shifts. In this study, we evaluate recently proposed methods for improving domain and subgroup shifts. We test the in-distribution and out-of-distribution generalization of multiple episode learning, stochastic weight averaging, group distributionally robust optimization, and a subsampling scheme on one training and four external breast cancer prognosis datasets. The evaluation found that the methods can, to various degrees, improve generalization across domains, although there remain, partially high, generalization gaps. Additionally, in-distribution and out-of-distribution generalization differs between clinical subtypes of breast cancer. Thus, we conclude that further research into methods specifically addressing challenges in breast cancer prognosis from gene expression data are warranted.",10.1109/CIBCB58642.2024.10702166,https://ieeexplore.ieee.org/stamp/stamp.jsp?arnumber=10702166,domain generalization;subgroup shift;breast cancer;survival analysis;gene expression,,,removed,no,no,no,yes
Domaindiff: Boost out-of-Distribution Generalization with Synthetic Data,Q. Miao; J. Yuan; S. Zhang; F. Wu; K. Kuang,"ICASSP 2024 - 2024 IEEE International Conference on Acoustics, Speech and Signal Processing (ICASSP)",2024,"In contemporary machine learning, enhancing model generalization through diversified datasets is essential. Yet, collecting additional data often faces prohibitive costs and privacy constraints, with no guarantee of improved diversity. In this paper, we propose Domain-Diff, featuring a pivotal Word-to-Image Mapping (WIM) mechanism. WIM constructs precise mapping between prompts and images, where the prompts only comprise style and class words. It generates intra-domain data by employing identical prompts to produce source-style images, preserving style and class consistency, thereby diversifying the dataset. Expanding on this innovation, we fuse multiple WIMs and use the prompts with multiple style words to create inter-domain data, which captures a fusion style of multiple source domains. Inter-domain data significantly widens the training data distribution, amplifying diversity. Experimental results demonstrate DomainDiff’s transformative potential, improving model performance on real-world data compared to using only real data. These findings highlight DomainDiff’s utility in enhancing generalization across diverse real-world scenarios.",10.1109/ICASSP48485.2024.10446788,https://ieeexplore.ieee.org/stamp/stamp.jsp?arnumber=10446788,Domain generalization;image generation;data distribution shift;model robustness,3.0,yes,moved,no,no,no,no
Domain Generalization: A Survey,K. Zhou; Z. Liu; Y. Qiao; T. Xiang; C. C. Loy,IEEE Transactions on Pattern Analysis and Machine Intelligence,2023,"Generalization to out-of-distribution (OOD) data is a capability natural to humans yet challenging for machines to reproduce. This is because most learning algorithms strongly rely on the i.i.d. assumption on source/target data, which is often violated in practice due to domain shift. Domain generalization (DG) aims to achieve OOD generalization by using only source data for model learning. Over the last ten years, research in DG has made great progress, leading to a broad spectrum of methodologies, e.g., those based on domain alignment, meta-learning, data augmentation, or ensemble learning, to name a few; DG has also been studied in various application areas including computer vision, speech recognition, natural language processing, medical imaging, and reinforcement learning. In this paper, for the first time a comprehensive literature review in DG is provided to summarize the developments over the past decade. Specifically, we first cover the background by formally defining DG and relating it to other relevant fields like domain adaptation and transfer learning. Then, we conduct a thorough review into existing methods and theories. Finally, we conclude this survey with insights and discussions on future research directions.",10.1109/TPAMI.2022.3195549,https://ieeexplore.ieee.org/stamp/stamp.jsp?arnumber=9847099,Out-of-distribution generalization;domain shift;model robustness;machine learning,525.0,,removed,no,no,no,yes
Foundation Models and Fine-Tuning: A Benchmark for Out of Distribution Detection,F. Cappio Borlino; L. Lu; T. Tommasi,IEEE Access,2024,"The rise of foundation models is pushing Computer Vision research towards a paradigm shift, in the wake of what already happened in the Natural Language Processing field. These models, trained at scale on huge data collections, provide high-quality representations that generalize well enough to be applied directly to downstream tasks, often outperforming task-specific models. The Out Of Distribution (OOD) detection problem, which involves the ability to recognize when test samples come from a previously unseen semantic category, represents one of the research fields in which this paradigm shift could have the greatest impact. However, existing testbeds are limited in scale and scope and get easily saturated when adopting foundation-based pretrainings. With this work, we introduce a new benchmark covering realistic yet harder OOD detection tasks to properly assess the performance of large pretrained models. We design an experimental framework to analyze specific choices in the model learning and use (which dataset, pretraining objective, OOD scoring function) and extensively evaluate the comparison to standard approaches that leverage a training phase on the available In Distribution (ID) data. The results highlight the actual performance benefits of leveraging foundation models in this context without any further learning effort, and identify situations where task-specific fine-tuning remains the best choice.",10.1109/ACCESS.2024.3409587,https://ieeexplore.ieee.org/stamp/stamp.jsp?arnumber=10547247,Fine-tuning-free;semantic novelty detection;open set recognition;out of distribution detection,,yes,yes,no,no,no,yes
Domain-aware Node Representation Learning for Graph Out-of-Distribution Generalization,Y. Qiao; Y. Liu; Q. He; X. Ao,"ICASSP 2025 - 2025 IEEE International Conference on Acoustics, Speech and Signal Processing (ICASSP)",2025,"Graph Neural Networks (GNNs) have demonstrated impressive success across diverse fields when data satisfies in-distribution (ID) assumption. Nevertheless, GNN performance significantly declines in cases of distribution shifts between training and testing graph data. This degradation primarily stems from spurious correlations between irrelevant domain information and target labels in out-of-distribution (OOD) scenarios. Thus, maximizing the utilization of domain information becomes imperative. In light of this, we propose a novel approach named Domain-aware Node Representation Learning (DNRL), comprehensively incorporates domain information to bolster generalization capability. Specifically, DNRL selectively interpolates nodes with the same label but different domains, extending training data into unseen domains and alleviating the effects caused by domain-related spurious correlations. Futhermore, by introducing a domain-aware contrastive learning strategy, our method implicitly decouples domain information from node information to learn domain-independent node representations. Extensive experiments on graph out-of-distribution benchmarks demonstrate that DNRL can achieve effective OOD generalization performance across diverse domains.",10.1109/ICASSP49660.2025.10889630,https://ieeexplore.ieee.org/stamp/stamp.jsp?arnumber=10889630,graph neural network;out-of-distribution;domain augmentation,,,removed,no,no,no,no
DOMAIN: Mildly Conservative Model-Based Offline Reinforcement Learning,X. -Y. Liu; X. -H. Zhou; M. -J. Gui; G. -T. Li; X. -L. Xie; S. -Q. Liu; S. -Y. Wang; Q. -C. Zhang; B. Luo; Z. -G. Hou,"IEEE Transactions on Systems, Man, and Cybernetics: Systems",2025,"Model-based reinforcement learning (RL), which learns an environment model from the offline dataset and generates more out-of-distribution model data, has become an effective approach to the problem of distribution shift in offline RL. Due to the gap between the learned and actual environment, conservatism should be incorporated into the algorithm to balance accurate offline data and imprecise model data. The conservatism of current algorithms mostly relies on model uncertainty estimation. However, uncertainty estimation is unreliable and leads to poor performance in certain scenarios, and the previous methods ignore differences between the model data, which brings great conservatism. To address the above issues, this article proposes a mildly conservative model-based offline RL algorithm (DOMAIN) without estimating model uncertainty, and designs the adaptive sampling distribution of model samples, which can adaptively adjust the model data penalty. In this article, we theoretically demonstrate that the Q value learned by the DOMAIN outside the region is a lower bound of the true Q value, the DOMAIN is less conservative than previous model-based offline RL algorithms, and has the guarantee of safety policy improvement. The results of extensive experiments show that DOMAIN outperforms prior RL algorithms and the average performance has improved by 1.8% on the D4RL benchmark.",10.1109/TSMC.2025.3578666,https://ieeexplore.ieee.org/stamp/stamp.jsp?arnumber=11072806,Adaptive sampling distribution;mildly conservative;model-based offline reinforcement learning (RL),1.0,,removed,no,no,no,yes
Enhanced Generalization Ability of Infrared Small Target Detection via Perturbed Training and Adaptive Test,G. Chen; W. Wang; Z. Wang; X. Li; H. Wu,IEEE Transactions on Geoscience and Remote Sensing,2024,"While deep learning (DL) methods based on empirical risk minimization (ERM) have achieved superior detection performance on public infrared small target detection (IRSTD) datasets, the learned models suffer severe performance degradation when dealing with out-of-distribution (OOD) data. The primary challenge in practical infrared systems lies in enhancing the generalization ability to ensure reliable detection performance in diverse scenarios. In this article, we propose a single-source domain generalization (SDG) and test-time adaptation (TTA) approach for IRSTD, aiming to train a domain-agnostic DL model in the presence of only one source domain and enabling it to perform well on any unseen target domain. During the training process, perturbed images and networks (PINs) are utilized to enhance the diversity of features extracted from a single source domain with limited samples. A Y-shaped multibranch network employs a combination of the self-supervised recovery task and the supervised detection task. Their losses jointly guide the network to converge explicitly to the flat minima in the loss landscape. During the test process, we apply domain-guided adaptation (DGA) to the learned model. The feature statistics of the dynamically inputted image batches are considered as cues to the target domain. Batch normalization (BN) layers are adaptively fine-tuned online based on the differences in feature statistics between the source model and target images. We conducted extensive ablation studies to demonstrate the rationality and effectiveness of each component of the framework. Compared to other SDG, TTA, and model-driven IRSTD methods, PIN-DGA can more effectively improve the detection performance of DL methods on unseen target domains. As a model-agnostic framework, we verified its compatibility with current state-of-the-art networks. On three OOD datasets, our method can improve the average probability of detection (PD) by 16.08 and reduce false alarm targets (FATs) by 33%. The codes are available at https://github.com/jzchenriver/PIN-DGA.",10.1109/TGRS.2024.3486751,https://ieeexplore.ieee.org/stamp/stamp.jsp?arnumber=10736658,Deep learning (DL);infrared small target detection (IRSTD);self-supervised learning (SSL);sharpness-aware minimization;single domain generalization (DG);test-time adaptation (TTA),4.0,yes,moved,no,yes,no,no
DPU: Dynamic Prototype Updating for Multimodal Out-of-Distribution Detection,S. Li; H. Gong; H. Dong; T. Yang; Z. Tu; Y. Zhao,2025 IEEE/CVF Conference on Computer Vision and Pattern Recognition (CVPR),2025,"Out-of-distribution (OOD) detection is crucial for ensuring the robustness of machine learning models by identifying samples that deviate from the training distribution. While traditional OOD detection has predominantly focused on single-modality inputs, such as images, recent advancements in multimodal models have shown the potential of utilizing multiple modalities (e.g., video, optical flow, audio) to improve detection performance. However, existing approaches often neglect intra-class variability within in-distribution (ID) data, assuming that samples of the same class are perfectly cohesive and consistent. This assumption can lead to performance degradation, especially when prediction discrepancies are indiscriminately amplified across all samples. To address this issue, we propose Dynamic Prototype Updating (DPU), a novel plug-and-play framework for multimodal OOD detection that accounts for intra-class variations. Our method dynamically updates class center representations for each class by measuring the variance of similar samples within each batch, enabling tailored adjustments. This approach allows us to intensify prediction discrepancies based on the updated class centers, thereby enhancing the model’s robustness and generalization across different modalities. Extensive experiments on two tasks, five datasets, and nine base OOD algorithms demonstrate that DPU significantly improves OOD detection performances, setting a new state-of-the-art in multimodal OOD detection, including improvements up to 80% in Far-OOD detection. To improve accessibility and reproducibility, our code is released at https://github.com/lili0415/DPU-OOD-Detection.",10.1109/CVPR52734.2025.00953,https://ieeexplore.ieee.org/stamp/stamp.jsp?arnumber=11094038,,1.0,,removed,no,yes,no,no
DriveGEN: Generalized and Robust 3D Detection in Driving via Controllable Text-to-Image Diffusion Generation,H. Lin; Z. Guo; Y. Zhang; S. Niu; Y. Li; R. Zhang; S. Cui; Z. Li,2025 IEEE/CVF Conference on Computer Vision and Pattern Recognition (CVPR),2025,"In autonomous driving, vision-centric 3D detection aims to identify 3D objects from images. However, high data collection costs and diverse real-world scenarios limit the scale of training data. Once distribution shifts occur between training and test data, existing methods often suffer from performance degradation, known as Out-of-Distribution (OOD) problems. To address this, controllable Text-to-Image (T2I) diffusion offers a potential solution for training data enhancement, which is required to generate diverse OOD scenarios with precise 3D object geometry. Nevertheless, existing controllable T2I approaches are restricted by the limited scale of training data or struggle to preserve all annotated 3D objects. In this paper, we present DriveGEN, a method designed to improve the robustness of 3D detectors in Driving via Training-Free Controllable Text-to-Image Diffusion Generation. Without extra diffusion model training, DriveGEN consistently preserves objects with precise 3D geometry across diverse OOD generations, consisting of 2 stages: 1) Self-Prototype Extraction: We empirically find that self-attention features are semantic-aware but require accurate region selection for 3D objects. Thus, we extract precise object features via layouts to capture 3D object geometry, termed self-prototypes. 2) Prototype-Guided Diffusion: To preserve objects across various OOD scenarios, we perform semantic-aware feature alignment and shallow feature alignment during denoising. Extensive experiments demonstrate our effectiveness in improving 3D detection. The code is available at github.com/Hongbin98/DriveGEN.",10.1109/CVPR52734.2025.02561,https://ieeexplore.ieee.org/stamp/stamp.jsp?arnumber=11095033,autonomous driving;robustness 3d object detection;training-free controllable diffusion generation,,,removed,no,no,no,no
Dual Test-Time Training for Out-of-Distribution Recommender System,X. Yang; Y. Wang; J. Chen; W. Fan; X. Zhao; E. Zhu; X. Liu; D. Lian,IEEE Transactions on Knowledge and Data Engineering,2025,"Deep learning has been widely applied in recommender systems, which has recently achieved revolutionary progress. However, most existing learning-based methods assume that the user and item distributions remain unchanged between the training phase and the test phase. However, the distribution of user and item features can naturally shift in real-world scenarios, potentially resulting in a substantial decrease in recommendation performance. This phenomenon can be formulated as an Out-Of-Distribution (OOD) recommendation problem. To address this challenge, we propose a novel Dual Test-Time-Training framework for OOD Recommendation, termed DT3OR. In DT3OR, we incorporate a model adaptation mechanism during the test-time phase to carefully update the recommendation model, allowing the model to adapt specially to the shifting user and item features. To be specific, we propose a self-distillation task and a contrastive task to assist the model learning both the user’s invariant interest preferences and the variant user/item characteristics during the test-time phase, thus facilitating a smooth adaptation to the shifting features. Furthermore, we provide theoretical analysis to support the rationale behind our dual test-time training framework. To the best of our knowledge, this paper is the first work to address OOD recommendation via a test-time-training strategy. We conduct experiments on five datasets with various backbones. Comprehensive experimental results have demonstrated the effectiveness of DT3OR compared to other state-of-the-art baselines.",10.1109/TKDE.2025.3548160,https://ieeexplore.ieee.org/stamp/stamp.jsp?arnumber=10925929,Out-Of-Distribution;recommender system;test-time-training;user/item feature shift,13.0,,removed,no,no,no,yes
Dual-Level Freezing of Gait Recognition Algorithm,Q. Chen; Z. Chen; F. Zhang; S. Chen; K. Ren; N. Lu,IEEE Sensors Journal,2025,"With the increasing proportion of the elderly population, assistive treatment systems for Parkinson’s patients with the issue of freezing of gait (FoG) become essential. However, the scarcity of high-quality FoG data poses a challenge to the research on methods with high generalization ability. To mitigate the issue of limited data, this article introduces out-of-distribution (OOD) detection to compensate for the shortage of FoG data by using cross-domain data. Furthermore, we designed a dual-level architecture with a Gaussian kernel-based label fusion module to improve the model’s generalization ability across different PD patients. The performance of the proposed models is tested on the FoG dataset, which was collected from 24 patients, provided by GYENNO Science Co. Ltd., and Ruijin Hospital in Shanghai, China. Additionally, a Raspberry Pi-based data collection system is built to further validate the model’s effectiveness in different environments. The proposed model has been proven to be superior based on the experimental results.",10.1109/JSEN.2025.3557407,https://ieeexplore.ieee.org/stamp/stamp.jsp?arnumber=10960482,Anomaly detection (AD);deep learning;freezing of gait (FOG);out-of-distribution detection,,,removed,no,yes,no,yes
Gated Information Bottleneck for Generalization in Sequential Environments,F. Alesiani; S. Yu; X. Yu,2021 IEEE International Conference on Data Mining (ICDM),2021,"Deep neural networks suffer from poor generalization to unseen environments when the underlying data distribution is different from that in the training set. By learning minimum sufficient representations from training data, the information bottleneck (IB) approach has demonstrated its effectiveness to improve generalization in different AI applications. In this work, we propose a new neural network-based IB approach, termed gated information bottleneck (GIB), that dynamically drops spurious correlations and progressively selects the most task-relevant features across different environments by a trainable soft mask (on raw features). GIB enjoys a simple and tractable objective, without any variational approximation or distributional assumption. We empirically demonstrate the superiority of GIB over other popular neural network-based IB approaches in adversarial robustness and out-of-distribution (OOD) detection. Meanwhile, we also establish the connection between IB theory and invariant causal representation learning, and observed that GIB demonstrates appealing performance when different environments arrive sequentially, a more practical scenario where invariant risk minimization (IRM) fails.",10.1109/ICDM51629.2021.00010,https://ieeexplore.ieee.org/stamp/stamp.jsp?arnumber=9679115,Causal Learning;Information Bottleneck;Out of distribution;Sequential Learning;Generalization;Deep Learning;Information Theory;Adversarial Attack,5.0,yes,yes,no,yes,yes,yes
Efficient Distribution-Aware Ensemble Learning for Multi-Sensor Systems,P. Goodarzi; J. Schauer; A. Schütze,2025 IEEE International Instrumentation and Measurement Technology Conference (I2MTC),2025,"Domain shift presents a significant challenge in machine learning (ML) applications. Ensuring high prediction quality in real-world scenarios requires robust handling of out-of-distribution (OOD) data. To address this, we propose a novel ensemble learning framework tailored for multi-sensor systems, adaptable to a wide range of dataset variations. The framework integrates hyperparameter tuning and model selection directly into the training process, enabling efficient training of deep ensembles. Leveraging the power of deep ensembles, the framework not only enhances in-distribution accuracy but also effectively detects OOD data and domain shifts. We evaluated the framework using five publicly available datasets, achieving an average in-distribution accuracy of 98%, with OOD accuracy dropping to 57%. Additionally, the framework’s OOD detection capability achieved an average area under the receiver operating characteristic curve (AUROC) of 91%.",10.1109/I2MTC62753.2025.11079212,https://ieeexplore.ieee.org/stamp/stamp.jsp?arnumber=11079212,Deep ensemble;multi-sensor;condition monitoring;domain shift;out-of-distribution;AutoML,,,removed,no,no,no,no
Efficient Multi-Class Out-of-Distribution Reasoning for Perception Based Networks: Work-in-Progress,S. Ramakrishna; Z. Rahiminasab; A. Easwaran; A. Dubey,2020 International Conference on Embedded Software (EMSOFT),2020,"Perception-based deep neural networks used in Cyber Physical Systems are known to fail when faced with inputs that are out-of-distribution (ODD). ODD detection is a complex problem as we need to first identify the shift in the test data from the training distribution and then we need to isolate the responsible generative factor(s) (weather, lighting levels, traffic density, etc.), Unlike the state of the art that uses multi-chained one-class classifiers, we propose an efficient single monitor that uses the principle of disentanglement to train the latent space of a variational autoencoder to be sensitive to distribution shifts in different generative factors. We demonstrate our approach using an end-to-end driving controller in the CARLA simulator.",10.1109/EMSOFT51651.2020.9244027,https://ieeexplore.ieee.org/stamp/stamp.jsp?arnumber=9244027,ß-VAE;Disentanglement;Inductive Conformal Prediction;Mutual Information Gap,1.0,,removed,no,no,no,yes
Efficient Spatio-Temporal Out-of-Distribution Detection for Autonomous Systems,J. Ren; S. Li; Y. Li; X. Yang; L. Liu; S. Li,2024 4th International Conference on Intelligent Technology and Embedded Systems (ICITES),2024,"Learning-enabled components (LECs) are increasingly deployed in autonomous systems to provide adaptive and intelligent decision making in a complex dynamic environment. However, most LECs are typically data-driven, and they may exhibit erroneous predictions impacting system safety when there are some distribution shifts between real testing scenarios and training scenarios. In this paper, we introduce an efficient spatio-temporal Out-of-Distribution (OOD) detection scheme for time-series data to improve the detection performance and robustness over the state-of-the-art. Specifically, the optical flow method is employed to extract the spatio-temporal features in the high-dimensional time series data, and the extracted spatio-temporal optical flow features are encoded with the variational autoencoder to obtain input manifold for the OOD detection. Moreover, we proposed a martingale-based inductive conformal anomaly detection method to achieve lower bounded false alarms owing to the statistical foundation and robustness characteristic of martingale. The experimental evaluation demonstrates that our proposed approach significantly outperforms the existing methods in terms of detection capability and robustness.",10.1109/ICITES62688.2024.10777452,https://ieeexplore.ieee.org/stamp/stamp.jsp?arnumber=10777452,Out-of-Distribution detection;time-series data;autonomous systems satety,1.0,,removed,no,no,no,yes
Effortless Training of Joint Energy-Based Models with Sliced Score Matching,X. Liu; D. Staudt; C. -T. Lin; C. Zach,2022 26th International Conference on Pattern Recognition (ICPR),2022,"Standard discriminative classifiers can be upgraded to joint energy-based models (JEMs) by combining the classification loss with a log-evidence loss. Hence, such models intrinsically allow detection of out-of-distribution (OOD) samples, and empirically also provide better calibrated posteriors, i.e. prediction uncertainties. However, the training procedure suggested for JEMs (using stochastic gradient Langevin dynamics—or SGLD— to maximize the evidence) is reported to be brittle. In this work we propose to utilize score matching—in particular sliced score matching—to obtain a stable training method for JEMs. We observe empirically that the combination of score matching with the standard classification loss leads to improved OOD detection and better calibrated classifiers for otherwise identical DNN architectures. Additionally, we also analyze the impact of replacing the regular soft-max layer for classification with a gated soft-max one in order to improve the intrinsic transformation invariance and generalization ability.1",10.1109/ICPR56361.2022.9956495,https://ieeexplore.ieee.org/stamp/stamp.jsp?arnumber=9956495,,1.0,,removed,no,yes,no,yes
Empathetic Response Generation via Regularized Q-Learning,J. -T. Chien; Y. -C. Wu,2024 Asia Pacific Signal and Information Processing Association Annual Summit and Conference (APSIPA ASC),2024,"This study presents a new offline reinforcement learning to improve the diversity of dialogue generation while the issue of limited training data is tackled. In particular, a regularized Q-function is introduced to generate the empathetic response where the distribution shift between the learned policy and the behavior policy is penalized and the resulting out-of-distribution response is mitigated. Importantly, an emotion aware reward function is designed to guide the agent to sufficiently learn various dialogue traits and emotions for empathetic response generation. In addition, a soft sampling method is implemented to draw the action to ensure the agent to reach those candidate responses which are marginal but appropriate. The flexibility of response generation is accordingly enhanced through the reward function by considering the informative dialogue features. The experiments on the emotional conversation generation show the merit of the proposed method.",10.1109/APSIPAASC63619.2025.10849064,https://ieeexplore.ieee.org/stamp/stamp.jsp?arnumber=10849064,,1.0,,removed,no,no,no,yes
Energy-Propagation Graph Neural Networks for Enhanced Out-of-Distribution Fault Analysis in Intelligent Construction Machinery Systems,X. Li; M. Li; J. Gu; Y. Wang; J. Yao; J. Feng,IEEE Internet of Things Journal,2025,"In intelligent fault diagnosis for construction machinery, robust and precise detection of out-of-distribution (OOD) data is crucial for enhancing operational efficiency and reducing downtime. This article introduces the energy-driven graph neural OOD (EGN-OOD) detector, a novel framework designed to address the complexities of OOD data in dynamic Internet of Things (IoT) environments. By integrating graph neural networks with energy-based models, our approach captures intricate fault correlations and improves the accuracy of fault diagnosis. The EGN-OOD framework uses the maximal information coefficient to transform sensor-acquired vibration data, typical in IoT applications, into graph representations. This conversion produces an adjacency matrix that outlines the nonlinear interactions among different fault types. Additionally, the framework includes an energy score-based OOD detection module that redefines classifier logits to create an energy function, enabling precise differentiation between in-distribution (ID) and OOD data. To enhance model robustness in semi-supervised settings, a propagation mechanism-based energy score update scheme is implemented, iteratively refining energy values within the graph. Empirical validation on a framework for monitoring mechanical equipment bearing wear demonstrates the EGN-OOD framework’s exceptional ability to detect and diagnose various fault conditions. This validation confirms the framework’s robust generalization capabilities and precision in fault detection and underscores its integration within IoT infrastructures, facilitating smarter diagnostic processes. The results provide substantial technical support for the intelligent diagnosis of construction machinery, advancing IoT-driven solutions for sustainable and intelligent construction practices.",10.1109/JIOT.2024.3463718,https://ieeexplore.ieee.org/stamp/stamp.jsp?arnumber=10684265,Construction machinery;energy-driven detection;graph neural networks (GNNs);Internet of Things (IoT)-driven;out-of-distribution (OOD),18.0,,removed,no,yes,no,yes
Enhanced Dual-Pattern Matching With Vision-Language Representation for Out-of-Distribution Detection,X. Xiang; Z. Xu; Z. Zhang; Z. Zeng; X. Chen,IEEE Transactions on Pattern Analysis and Machine Intelligence,2025,"Out-of-distribution (OOD) detection presents a significant challenge in deploying pattern recognition and machine learning models, as they frequently fail to generalize to data from unseen distributions. Recent advancements in vision-language models (VLMs), particularly CLIP, have demonstrated promising results in OOD detection through their rich multimodal representations. However, current CLIP-based OOD detection methods predominantly rely on single-modality in-distribution (ID) data (e.g., textual cues), overlooking the valuable information contained in ID visual cues. In this work, we demonstrate that incorporating ID visual information is crucial for unlocking CLIP’s full potential in OOD detection. We propose a novel approach, Dual-Pattern Matching (DPM), which effectively adapts CLIP for OOD detection by jointly exploiting both textual and visual ID patterns. Specifically, DPM refines visual and textual features through the proposed Domain-Specific Feature Aggregation (DSFA) and Prompt Enhancement (PE) modules. Subsequently, DPM stores class-wise textual features as textual patterns and aggregates ID visual features as visual patterns. During inference, DPM calculates similarity scores relative to both patterns to identify OOD data. Furthermore, we enhance DPM with lightweight adaptation mechanisms to further boost OOD detection performance. Comprehensive experiments demonstrate that DPM surpasses state-of-the-art methods on multiple benchmarks, highlighting the effectiveness of leveraging multimodal information for OOD detection. The proposed dual-pattern approach provides a simple yet robust framework for leveraging vision-language representations in OOD detection tasks.",10.1109/TPAMI.2025.3590717,https://ieeexplore.ieee.org/stamp/stamp.jsp?arnumber=11085112,OOD detection;vision-language models,,,removed,no,no,no,no
Enhancing Out-of-Distribution Detection with Multitesting-based Layer-wise Feature Fusion,J. Li; S. Li; S. Wang; Y. Zeng; F. Tan; C. Xie,2024 IEEE Conference on Artificial Intelligence (CAI),2024,"Deploying machine learning in open environments presents the challenge of encountering diverse test inputs that differ significantly from the training data. These out-of-distribution samples may exhibit shifts in local or global features compared to the training distribution. The machine learning (ML) community has responded with a number of methods aimed at distinguishing anomalous inputs from original training data. However, the majority of previous studies have primarily focused on the output layer or penultimate layer of pre-trained deep neural networks. In this paper, we propose a novel framework, Multitesting-based Layer-wise Out-of-Distribution (OOD) Detection (MLOD), to identify distributional shifts in test samples at different levels of features through rigorous multiple testing procedure. Our approach distinguishes itself from existing methods as it does not require modifying the structure or fine-tuning of the pre-trained classifier. Through extensive experiments, we demonstrate that our proposed framework can seamlessly integrate with any existing distance-based inspection method while efficiently utilizing feature extractors of varying depths. Our scheme effectively enhances the performance of out-of-distribution detection when compared to baseline methods. In particular, MLOD-Fisher achieves superior performance in general. When trained using KNN on CIFAR10, MLOD-Fisher significantly lowers the false positive rate (FPR) from 24.09% to 7.47% on average compared to merely utilizing the features of the last layer.",10.1109/CAI59869.2024.00102,https://ieeexplore.ieee.org/stamp/stamp.jsp?arnumber=10605567,Out-of-Distribution Detection;Multiple Hypothesis Testing;Feature Fusion,,yes,moved,no,no,no,yes
Enhancing Distribution and Label Consistency for Graph Out-of-Distribution Generalization,S. Wang; X. Yang; R. Islam; H. Chen; M. Xu; J. Li; Y. Cai,2024 IEEE International Conference on Data Mining (ICDM),2024,"To deal with distribution shifts in graph data, various graph out-of-distribution (OOD) generalization techniques have been recently proposed. These methods often employ a two-step strategy that first creates augmented environments and subsequently identifies invariant subgraphs to improve generalizability. Nevertheless, this approach could be suboptimal from the perspective of consistency. First, the process of augmenting environments by altering the graphs while preserving labels may lead to graphs that are not realistic or meaningfully related to the origin distribution, thus lacking distribution consistency. Second, the extracted subgraphs are obtained from directly modifying graphs, and may not necessarily maintain a consistent predictive relationship with their labels, thereby impacting label consistency. In response to these challenges, we introduce an innovative approach that aims to enhance these two types of consistency for graph OOD generalization. We propose a modifier to obtain both augmented and invariant graphs in a unified manner. With the augmented graphs, we enrich the training data without compromising the integrity of label-graph relationships. The label consistency enhancement in our framework further preserves the supervision information in the invariant graph. We conduct extensive experiments on real-world datasets to demonstrate the superiority of our framework over other state-of-the-art baselines.",10.1109/ICDM59182.2024.00108,https://ieeexplore.ieee.org/stamp/stamp.jsp?arnumber=10884460,Graph Neural Networks;Distribution Shifts;Out-of-Distribution (OOD) Generalization,2.0,,removed,no,no,no,no
InfoBound: A Provable Information-Bounds Inspired Framework for Both OoD Generalization and OoD Detection,L. Zhu; Y. Yang; Z. Nie; Y. Gao; J. Li; Q. Gu; X. Wang; C. Zhou; N. Ye,IEEE Transactions on Pattern Analysis and Machine Intelligence,2025,"In real-world scenarios, distribution shifts give rise to the importance of two problems: out-of-distribution (OoD) generalization, which focuses on models’ generalization ability against covariate shifts (i.e., the changes of environments), and OoD detection, which aims to be aware of semantic shifts (i.e., test-time unseen classes). Real-world testing environments often involve a combination of both covariate and semantic shifts. While numerous methods have been proposed to address these critical issues, only a few works tackled them simultaneously. Moreover, prior works often improve one problem but sacrifice the other. To overcome these limitations, we delve into boosting OoD detection and OoD generalization from the perspective of information theory, which can be easily applied to existing models and different tasks. Building upon the theoretical bounds for mutual information and conditional entropy, we provide a unified approach, composed of Mutual Information Minimization (MI-Min) and Conditional Entropy Maximizing (CE-Max). Extensive experiments and comprehensive evaluations on multi-label image classification and object detection have demonstrated the superiority of our method. It successfully mitigates trade-offs between the two challenges compared to competitive baselines.",10.1109/TPAMI.2025.3595676,https://ieeexplore.ieee.org/stamp/stamp.jsp?arnumber=11112669,OoD generalization;OoD detention;mutual information;conditional entropy;bound minimization,,yes,yes,no,yes,no,yes
MADOD: Generalizing OOD Detection to Unseen Domains via G-Invariance Meta-Learning,H. Wang; C. Zhao; F. Chen,2024 IEEE International Conference on Big Data (BigData),2024,"Real-world machine learning applications often face simultaneous covariate and semantic shifts, challenging traditional domain generalization and out-of-distribution (OOD) detection methods. We introduce Meta-learned Across Domain Out-of-distribution Detection (MADOD), a novel framework designed to address both shifts concurrently. MADOD leverages meta-learning and G-invariance to enhance model generalizability and OOD detection in unseen domains. Our key innovation lies in task construction: we randomly designate in-distribution classes as pseudo-OODs within each meta-learning task, simulating OOD scenarios using existing data. This approach, combined with energy-based regularization, enables the learning of robust, domain-invariant features while calibrating decision boundaries for effective OOD detection. Operating in a test domain-agnostic setting, MADOD eliminates the need for adaptation during inference, making it suitable for scenarios where test data is unavailable. Extensive experiments on real-world and synthetic datasets demonstrate MADOD’s superior performance in semantic OOD detection across unseen domains, achieving an AUPR improvement of 8.48% to 20.81%, while maintaining competitive in-distribution classification accuracy, representing a significant advancement in handling both covariate and semantic shifts.",10.1109/BigData62323.2024.10825441,https://ieeexplore.ieee.org/stamp/stamp.jsp?arnumber=10825441,domain generalization;OOD detection;semantic shift;covariate shift;meta-learning,1.0,yes,yes,no,yes,no,no
Entanglement Learning: an Information-Theoretic Framework for Adaptive Convolutional Neural Networks,W. Hafez; A. Nazeri; C. Reid; S. Elshami,2025 IEEE Conference on Artificial Intelligence (CAI),2025,"While Convolutional Neural Networks (CNNs) have transformed industrial computer vision systems, their adaptability to dynamic environments post-deployment remains a critical challenge, particularly when encountering out-ofdistribution objects, or unseen environments. We introduce Entanglement Learning (EL), an information-theoretic framework that enables CNN adaptability by measuring the mutual information between multiple layers (e.g. convolutional layer activations, fully connected layer output, and output class distributions). Our framework quantifies these relationships in bits, providing metrics for detecting environmental changes such as sensor drift, hardware degradation, or feature distribution shifts. Out-of-distribution samples and adversarial perturbations generate distinctive entropy patterns that diverge from the training distribution's information flow. We implement this framework through an Information Digital Twin (IDT), a computational module operating parallel to the CNN that establishes a performance baseline by analyzing CNN mutual information patterns under nominal conditions, then monitors variations from baseline to generate parameter adjustment signals. This concept can be applied to industrial vision systems for autonomous vehicles adapting to unseen environmental conditions and robotic vision systems enabling precise object manipulation. This work establishes a conceptual foundation for developing self-monitoring computer vision systems capable of maintaining robust performance while providing inherent safeguards against distribution shifts and adversarial manipulation.",10.1109/CAI64502.2025.00139,https://ieeexplore.ieee.org/stamp/stamp.jsp?arnumber=11050476,Convolutional Neural Networks (CNNs) Entanglement Learning (EL);Adaptive AI;Information Digital Twin (IDT),,yes,moved,no,no,no,no
Enhancing System Self-Awareness and Trust of AI: A Case Study in Trajectory Prediction and Planning,L. Ullrich; Z. Mujirishvili; K. Graichen,2025 IEEE Intelligent Vehicles Symposium (IV),2025,"In the trajectory planning of automated driving, data-driven statistical artificial intelligence (AI) methods are increasingly established for predicting the emergent behavior of other road users. While these methods achieve exceptional performance in defined datasets, they usually rely on the independent and identically distributed (i.i.d.) assumption and thus tend to be vulnerable to distribution shifts that occur in the real world. In addition, these methods lack explainability due to their black box nature, which poses further challenges in terms of the approval process and social trustworthiness. Therefore, in order to use the capabilities of data-driven statistical AI methods in a reliable and trustworthy manner, the concept of TrustMHE is introduced and investigated in this paper. TrustMHE represents a complementary approach, independent of the underlying AI systems, that combines AI-driven out-of-distribution detection with control-driven moving horizon estimation (MHE) to enable not only detection and monitoring, but also intervention. The effectiveness of the proposed TrustMHE is evaluated and proven in three simulation scenarios.",10.1109/IV64158.2025.11097712,https://ieeexplore.ieee.org/stamp/stamp.jsp?arnumber=11097712,,,,removed,no,no,no,yes
"Out of Distribution Detection, Generalization, and Robustness Triangle with Maximum Probability Theorem",A. E. Marvasti; E. E. Marvasti; U. Bagci,"2022 International Conference on Electrical, Computer, Communications and Mechatronics Engineering (ICECCME)",2022,"Maximum Probability Framework, powered by Maximum Probability Theorem, is a recent theoretical development in artificial intelligence, aiming to formally define probabilistic models, guiding development of objective functions, and regularization of probabilistic models. MPT uses the probability distribution that the models assume on random variables to provide an upper bound on the probability of the model. We apply MPT to challenging out-of-distribution (OOD) detection problems in computer vision by incorporating MPT as a regularization scheme in the training of CNNs and their energy-based variants. We demonstrate the effectiveness of the proposed method on 1080 trained models, with varying hyperparameters, and conclude that the MPT-based regularization strategy stabilizes and improves the generalization and robustness of base models in addition to enhanced OOD performance on CIFAR10, CIFAR100, and MNIST datasets.",10.1109/ICECCME55909.2022.9988128,https://ieeexplore.ieee.org/stamp/stamp.jsp?arnumber=9988128,Out of distribution detection;maximum probability theorem;robustness;deep learning;regularization,,yes,yes,no,yes,no,no
Evaluating and Improving Domain Invariance in Contrastive Self-Supervised Learning by Extrapolating the Loss Function,S. Zare; H. Van Nguyen,IEEE Access,2023,"Despite the remarkable progress of self-supervised learning (SSL), how self-supervised representations generalize to out-of-distribution data remains little understood. In this paper, we study the effects of distribution shifts on self-supervised representations. Our findings indicate that self-supervised representation learning is more robust than traditional supervised learning (52.8% versus 17.1% on the CMNIST dataset, 63.6% versus 60.6% on the Waterbirds dataset). However, self-supervised representations still suffer significantly from domain shifts, especially when spurious correlations are present. Motivated by this limitation, we propose a risk-extrapolated information NCE (ReinformNCE) to facilitate self-supervised learning algorithms to learn more stable representations. Our approach integrates the infoNCE loss function and a robust optimization approach that extrapolates the risks of training domains. Extensive experiments show that ReinformNCE helps to extract domain-invariant self-supervised representations and it substantially improves the robustness of the self-supervised representations (68.2% versus 52.8% on the CMNIST dataset, 77.9% versus 63.6% on the Waterbirds dataset). To the best of our knowledge, this is the first work demonstrating the feasibility of learning domain-invariant representations based on robust optimization theory and without supervised information.",10.1109/ACCESS.2023.3339775,https://ieeexplore.ieee.org/stamp/stamp.jsp?arnumber=10345630,Self-supervised learning;invariant learning;robust optimization;out-of-distribution generalization,2.0,yes,moved,no,no,no,yes
Prototype Governed Contrastive Learning for Robust Image Classification in Histopathology,A. Tinaikar; G. Raipuria; N. Singhal,2023 IEEE 20th International Symposium on Biomedical Imaging (ISBI),2023,"When covariate and domain shifts are present, the performance of deep learning models suffers dramatically. In a safety-critical discipline like histopathology, the management of out-of-distribution (OOD) samples remains a significant obstacle. This work proposes a supervised training and prediction technique using the innovative Prototype-Governed Contrastive Loss (PGCL) to solve limitations of standard classification methods in dealing with OOD samples. We demonstrate that the proposed approach improves OOD detection without sacrificing in-distribution (ID) classification performance. Extensive tests are conducted on a dataset of human colorectal cancer cases utilizing different CNN and Transformer-based model architectures. Several OOD detection methods described in the scientific literature are also compared. The prediction confidence derived from the PGCL framework resulted in a considerable performance increase over methods using cross-entropy models and comparable performance to semi-supervised approaches.",10.1109/ISBI53787.2023.10230675,https://ieeexplore.ieee.org/stamp/stamp.jsp?arnumber=10230675,Out-of-Distribution;Contrastive learning;Histopathology;Contrastive loss,1.0,yes,yes,no,yes,no,yes
Estimating Example Difficulty using Variance of Gradients,C. Agarwal; D. D'souza; S. Hooker,2022 IEEE/CVF Conference on Computer Vision and Pattern Recognition (CVPR),2022,"In machine learning, a question of great interest is understanding what examples are challenging for a model to classify. Identifying atypical examples ensures the safe de-ployment of models, isolates samples that require further human inspection and provides interpretability into model behavior. In this work, we propose Variance of Gradients (VoG) as a valuable and efficient metric to rank data by difficulty and to surface a tractable subset of the most chal-lenging examples for human-in-the-loop auditing. We show that data points with high VoG scores are far more difficult for the model to learn and over-index on corrupted or mem-orized examples. Further, restricting the evaluation to the test set instances with the lowest VoG improves the model's generalization performance. Finally, we show that VoG is a valuable and efficient ranking for out-of-distribution detection.",10.1109/CVPR52688.2022.01012,https://ieeexplore.ieee.org/stamp/stamp.jsp?arnumber=9879352,Transparency;fairness;accountability;privacy and ethics in vision,39.0,,removed,no,no,no,yes
Estimating TOA Reliability With Variational Autoencoders,M. Stahlke; S. Kram; F. Ott; T. Feigl; C. Mutschler,IEEE Sensors Journal,2022,"Radio frequency (RF)-based localization yields centimeter-accurate positions under mild propagation conditions. However, propagation conditions predominant in indoor environments (e.g. industrial production) are often challenging as signal blockage, diffraction and dense multipath lead to errors in the time of flight (TOF) estimation and hence to a degraded localization accuracy. A major topic in high-precision RF-based localization is the identification of such anomalous signals that negatively affect the localization performance, and to mitigate the errors introduced by them. As such signal and error characteristics depend on the environment, data-driven approaches have shown to be promising. However, there is a trade-off to a bad generalization and a need for an extensive and time-consuming recording of training data associated with it. We propose to use generative deep learning models for out-of-distribution detection based on channel impulse responses (CIRs). We use a Variational Autoencoder (VAE) to predict an anomaly score for the channel of a TOF-based Ultra-wideband (UWB) system. Our experiments show that a VAE trained only on line-of-sight (LOS) training data generalizes well to new environments and detects non-line-of-sight CIRs with an accuracy of 85%. We also show that integrating our anomaly score into a TOF-based extended Kalman filter (EKF) improves tracking performance by over 25%.",10.1109/JSEN.2021.3101933,https://ieeexplore.ieee.org/stamp/stamp.jsp?arnumber=9503384,NLOS identification;NLOS mitigation;channel quality estimation;CIR;UWB;deep learning;VAE,24.0,,removed,no,no,no,yes
Revisiting Confidence Estimation: Towards Reliable Failure Prediction,F. Zhu; X. -Y. Zhang; Z. Cheng; C. -L. Liu,IEEE Transactions on Pattern Analysis and Machine Intelligence,2024,"Reliable confidence estimation is a challenging yet fundamental requirement in many risk-sensitive applications. However, modern deep neural networks are often overconfident for their incorrect predictions, i.e., misclassified samples from known classes, and out-of-distribution (OOD) samples from unknown classes. In recent years, many confidence calibration and OOD detection methods have been developed. In this paper, we find a general, widely existing but actually-neglected phenomenon that most confidence estimation methods are harmful for detecting misclassification errors. We investigate this problem and reveal that popular calibration and OOD detection methods often lead to worse confidence separation between correctly classified and misclassified examples, making it difficult to decide whether to trust a prediction or not. Finally, we propose to enlarge the confidence gap by finding flat minima, which yields state-of-the-art failure prediction performance under various settings including balanced, long-tailed, and covariate-shift classification scenarios. Our study not only provides a strong baseline for reliable confidence estimation but also acts as a bridge between understanding calibration, OOD detection, and failure prediction.",10.1109/TPAMI.2023.3342285,https://ieeexplore.ieee.org/stamp/stamp.jsp?arnumber=10356834,Confidence estimation;uncertainty quantification;failure prediction;misclassification detection;selective classification;out-of-distribution detection;confidence calibration;model reliability;trustworthy;flat minima,14.0,yes,yes,no,yes,no,yes
Selecting Augmentation Methods for Domain Generalization and Out-of-Distribution Detection Using Unlabeled Data,Ü. T. Küçüktaş; F. Uysal; F. Hardalaç,2024 32nd Signal Processing and Communications Applications Conference (SIU),2024,"As deep learning increasingly becomes integral to a variety of real-world applications, the significance of domain generalization and out-of-distribution (OOD) detection has grown. These areas are crucial for models to not only perform well across different unseen domains but also to identify data that significantly deviates from the distribution encountered during training. In this scenario, data augmentation emerges as a key component, enhancing the model’s capability to generalize and detect OOD instances efficiently.In this work, we propose that the domains of unknown data (“known unknowns”) and the target domain for generalization can be considered as separate entities with distinct boundaries in the embedding space. We suggest that through the careful selection and application of augmentations, it is possible to alter the training data’s boundaries in this space. Specifically, augmentations can expand and shift these boundaries, distancing them from OOD regions while bringing them closer to the target domain. This strategic adjustment aims to enhance the model’s performance in domain generalization and OOD detection.To tackle this challenge, we present a new approach for choosing the most effective augmentations based on their influence on the embedding space.",10.1109/SIU61531.2024.10600981,https://ieeexplore.ieee.org/stamp/stamp.jsp?arnumber=10600981,Deep learning;Domain Generalization;Out of Distribution Detection;Augmentation,,,REMOVED,no,yes,no,yes
Evaluating Multimodal Large Language Models across Distribution Shifts and Augmentations,A. A. Verma; A. Saeidi; S. Hegde; A. Therala; F. D. Bardoliya; N. Machavarapu; S. A. K. Ravindhiran; S. Malyala; A. Chatterjee; Y. Yang; C. Baral,2024 IEEE/CVF Conference on Computer Vision and Pattern Recognition Workshops (CVPRW),2024,"Foundational models such as Multimodal Large Language Models (MLLMs) with their ability to interpret images and generate intricate responses has led to their widespread adoption across multiple computer vision and natural language processing tasks. However, they suffer from hallucinations and struggle to reason over complex reasoning tasks. In this work, we evaluate the performance of MLLMs across multiple multimodal augmentations and evaluate their performance in out-of-distribution settings. We benchmark 3 models, across 2 vision-language datasets, VQAv2 and CLEVR, and assess their performance across adversarial transformations in both the vision and language modalities. We introduce image perturbations using various augmentations, including noise addition, blurring, and median filtering and generate adversarial questions which contain conjunctions, disjunctions and negations. Additionally, we conduct a detailed fine-grained analysis to assess the model’s performance on particular question categories, such as those related to shape and color, across images featuring identical or varying objects. Our findings indicate a notable decrease in the performance of current MLLMs for synthetic images, with a gradual decline observed across both vision and language augmentations. Specifically, Gaussian Noise Addition emerges as the most detrimental augmentation, and we observe a significant drop in performance with complex questions containing multiple connectives. In these times of rapid development and deployment of MLLMs in real-world settings, we believe our findings are a first step towards benchmarking the robustness and out-of-distribution behavior of such models.",10.1109/CVPRW63382.2024.00540,https://ieeexplore.ieee.org/stamp/stamp.jsp?arnumber=10677899,Foundational Models;Evaluation;Robustness,1.0,,removed,no,no,no,no
Evaluating the Generalization Ability of Spatiotemporal Model in Urban Scenario,H. Wang; J. Chen; T. Pan; Z. Dong; R. Jiang; X. Song,IEEE Transactions on Mobile Computing,2025,"Spatiotemporal neural networks have shown great promise in urban scenarios by effectively capturing temporal and spatial correlations. However, urban environments are constantly evolving, and current model evaluations are often limited to traffic scenarios and use data mainly collected only a few weeks after training period to evaluate model performance. The generalization ability of these models remains largely unexplored. To address this, we propose a Spatiotemporal Out-of-Distribution (ST-OOD) benchmark, which comprises six urban scenario: bike-sharing, 311 services, pedestrian counts, traffic speed, traffic flow, ride-hailing demand, and bike-sharing, each with in-distribution (same year) and out-of-distribution (next years) settings. We extensively evaluate state-of-the-art spatiotemporal models and find that their performance degrades significantly in out-of-distribution settings, with most models performing even worse than a simple Multi-Layer Perceptron (MLP). Our findings suggest that current leading methods tend to over-rely on parameters to overfit training data, which may lead to good performance on in-distribution data but often results in poor generalization. We also investigated whether dropout could mitigate the negative effects of overfitting. Our results showed that a slight dropout rate could significantly improve generalization performance on most datasets, with minimal impact on in-distribution performance. However, balancing in-distribution and out-of-distribution performance remains a challenging problem. We hope that the proposed benchmark will encourage further research on this critical issue.",10.1109/TMC.2025.3590606,https://ieeexplore.ieee.org/stamp/stamp.jsp?arnumber=11084960,Graph neural networks;spatial computing;spatial databases,1.0,,removed,no,no,no,no
Semantically Coherent Out-of-Distribution Detection,J. Yang; H. Wang; L. Feng; X. Yan; H. Zheng; W. Zhang; Z. Liu,2021 IEEE/CVF International Conference on Computer Vision (ICCV),2021,"Current out-of-distribution (OOD) detection benchmarks are commonly built by defining one dataset as in-distribution (ID) and all others as OOD. However, these benchmarks unfortunately introduce some unwanted and impractical goals, e.g., to perfectly distinguish CIFAR dogs from ImageNet dogs, even though they have the same semantics and negligible covariate shifts. These unrealistic goals will result in an extremely narrow range of model capabilities, greatly limiting their use in real applications. To overcome these drawbacks, we re-design the benchmarks and propose the semantically coherent out-of-distribution detection (SC-OOD). On the SC-OOD benchmarks, existing methods suffer from large performance degradation, suggesting that they are extremely sensitive to low-level discrepancy between data sources while ignoring their inherent semantics. To develop an effective SC-OOD detection approach, we leverage an external unlabeled set and design a concise framework featured by unsupervised dual grouping (UDG) for the joint modeling of ID and OOD data. The proposed UDG can not only enrich the semantic knowledge of the model by exploiting unlabeled data in an unsupervised manner, but also distinguish ID/OOD samples to enhance ID classification and OOD detection tasks simultaneously. Extensive experiments demonstrate that our approach achieves the state-of-the-art performance on SC-OOD benchmarks. Code and benchmarks are provided on our project page: https://jingkang50.github.io/projects/scood.",10.1109/ICCV48922.2021.00819,https://ieeexplore.ieee.org/stamp/stamp.jsp?arnumber=9711116,Transfer/Low-shot/Semi/Unsupervised Learning;Recognition and classification,72.0,yes,yes,no,yes,no,yes
SLE: Out-of-Distribution Detection With Shallow Layer-Driven Enhancement,Z. Yang; C. Liu; X. Qian,IEEE Transactions on Multimedia,2025,"Out-of-distribution detection aims to protect models against overconfidently categorizing samples from unknown categories, i.e., out-of-distribution data (OOD), into known categories, i.e., in-distribution data (ID). From the perspective of feature distribution, the difference between OOD samples and ID samples can be decomposed into semantic shifts and covariate shifts. Most DL-based methods only extract deeper features, which represent semantic shifts, to discern feature variances in the data, ignoring the exploration of covariance shifts. In this paper, we propose a Shallow Layer-driven Enhanced OOD detection method (SLE), which enhances the difference of OOD samples by exploiting covariate shifts in shallow features. Specifically, it contains three main components: Hierarchical Feature Extractor (HFE), Adaptive Dimensionality Reduction Strategy (ADR), Cross-layer Score Aggregator (CSA). HFE is responsible for extracting both deeper and shallow features from the deep network. ADR adaptively reduces all hierarchical feature dimensionality according to sample characteristics, avoiding feature redundancy. CSA defines a novel confidence score for OOD samples, that effectively prevents confusion in the feature representation space at each layer. In SLE, these three closely related components cooperate with each other to effectively enhance the representation ability of OOD samples and divide OOD data better. We conduct extensive experiments to examine the performance of SLE in four benchmarks and discuss its individual components. This method performs well on the OOD datasets.",10.1109/TMM.2025.3604940,https://ieeexplore.ieee.org/stamp/stamp.jsp?arnumber=11146680,OOD detection;covariate shifts;semantic shifts,,yes,moved,no,yes,no,no
Explaining Domain Shifts in Language: Concept erasing for Interpretable Image Classification,Z. Zeng; Y. Su; J. Sun; T. Wen; H. Zhang; Z. Wang; B. Chen; H. Liu; J. Ma,2025 IEEE/CVF Conference on Computer Vision and Pattern Recognition (CVPR),2025,"Concept-based models can map black-box representations to human-understandable concepts, which makes the decision-making process more transparent and then allows users to understand the reason behind predictions. However, domain-specific concepts often impact the final predictions, which subsequently undermine the model generalization capabilities, and prevent the model from being used in high-stake applications. In this paper, we propose a novel Language-guided Concept-Erasing (LanCE) framework. In particular, we empirically demonstrate that pre-trained vision-language models (VLMs) can approximate distinct visual domain shifts via domain descriptors while prompting large Language Models (LLMs) can easily simulate a wide range of descriptors of unseen visual domains. Then, we introduce a novel plug-in domain descriptor orthogonality (DDO) regularizer to mitigate the impact of these domain-specific concepts on the final predictions. Notably, the DDO regularizer is agnostic to the design of concept-based models and we integrate it into several prevailing models. Through evaluation of domain generalization on four standard benchmarks and three newly introduced benchmarks, we demonstrate that DDO can significantly improve the out-of-distribution (OOD) generalization over the previous state-of-the-art concept-based models. Our code is available at https://github.com/joeyz0z/LanCE.",10.1109/CVPR52734.2025.00889,https://ieeexplore.ieee.org/stamp/stamp.jsp?arnumber=11094083,explainable ai;concept-based model;image classification;domain generalization;2d to 3d,,,removed,no,no,no,no
Exploring Audio Cues for Enhanced Test-Time Video Model Adaptation,R. Zeng; Q. Deng; R. Zhang; S. Niu; J. Chen; X. Hu; V. C. M. Leung,IEEE Transactions on Circuits and Systems for Video Technology,2025,"Test-time adaptation (TTA) aims to boost the generalization capability of a trained model by conducting self-/unsupervised learning during the testing phase. While most existing TTA methods for video primarily utilize visual supervisory signals, they often overlook the potential contribution of inherent audio data. To address this gap, we propose a novel approach that incorporates audio information into video TTA. Our method capitalizes on the rich semantic content of audio to generate audio-assisted pseudo-labels, a new concept in the context of video TTA. Specifically, we propose an audio-to-video label mapping method by first employing pre-trained audio models to classify audio signals extracted from videos and then mapping the audio-based predictions to video label spaces through large language models, thereby establishing a connection between the audio categories and video labels. To effectively leverage the generated pseudo-labels, we present a flexible adaptation cycle that determines the optimal number of adaptation iterations for each sample, based on changes in loss and consistency across different views. This enables a customized adaptation process for each sample. Experimental results on two widely used datasets (UCF101-C and Kinetics-Sounds-C), as well as on two newly constructed audio-video TTA datasets (AVE-C and AVMIT-C) with various corruption types, demonstrate the superiority of our approach. Our method consistently improves adaptation performance across different video classification models and represents a significant step forward in integrating audio information into video TTA. The code and datasets will be made publicly available.",10.1109/TCSVT.2025.3579549,https://ieeexplore.ieee.org/stamp/stamp.jsp?arnumber=11036107,Test-time adaptation;Video classification;Audio-assisted;Out-of-distribution generalization;Robustness,,,removed,no,no,no,no
FedDAG: Federated Domain Adversarial Generation Towards Generalizable Medical Image Analysis,H. Che; Y. Wu; H. Jin; Y. Xia; H. Chen,IEEE Transactions on Medical Imaging,2025,"Federated domain generalization aims to train a global model from multiple source domains and ensure its generalization ability to unseen target domains. Due to the target domain being with unknown domain shifts, attempting to approximate these gaps by source domains may be the key to improving model generalization capability. Existing works mainly focus on sharing and recombining local domain-specific attributes to increase data diversity and simulate potential domain shifts. However, these methods may be insufficient since only the local attribute recombination can be hard to touch the out-of-distribution of global data. In this paper, we propose a simple-yet-efficient framework named Federated Domain Adversarial Generation (FedDAG). It aims to simulate the domain shift and improve the model generalization by adversarially generating novel domains different from local and global source domains. Specifically, it generates novel-style images by maximizing the instance-level feature discrepancy between original and generated images and trains a generalizable task model by minimizing their feature discrepancy. Further, we observed that FedDAG could cause different performance improvements for local models. It may be due to inherent data isolation and heterogeneity among clients, exacerbating the imbalance in their generalization contributions to the global model. Ignoring this imbalance can lead the global model’s generalization ability to be sub-optimal, further limiting the novel domain generation procedure. Thus, to mitigate this imbalance, FedDAG hierarchically aggregates local models at the within-client and across-client levels by using the sharpness concept to evaluate client model generalization contributions. Extensive experiments across four medical benchmarks demonstrate FedDAG’s ability to enhance generalization in federated medical scenarios.",10.1109/TMI.2025.3584967,https://ieeexplore.ieee.org/stamp/stamp.jsp?arnumber=11062124,Adversarial generation;domain shift;federated domain generalization;representation learning,1.0,yes,moved,no,no,no,no
Fairness-Aware Active Online Learning with Changing Environments,S. M. Halim; C. Zhao; X. Wu; L. Khan; C. E. Grant; F. Chen,2025 IEEE 41st International Conference on Data Engineering (ICDE),2025,"In real-world applications, data-driven classifiers often grapple with a three-pronged challenge: data arrives in a continuous stream, most data in the wild are often unlabeled, and there is a critical need to maintain fairness in predictions across different sub-groups. Existing methods falter when addressing all these three factors concurrently. This work tackles this challenge by addressing a novel paradigm: Fairness-Aware Active Online Learning. We introduce a simple yet effective approach - FACTION, which actively selects the most crucial data points for labeling, going beyond traditional methods by considering both model uncertainty (epistemic uncertainty) and a newly introduced fairness notion derived from this very uncertainty. Additionally, FACTION leverages a system adept at identifying out-of-distribution samples within online learning environ-ments. Extensive evaluations on real-world datasets, coupled with theoretical analysis, demonstrate FACTION's effectiveness in handling this complex challenge. Our model demonstrably outperforms relevant baselines adapted for this new setting.",10.1109/ICDE65448.2025.00285,https://ieeexplore.ieee.org/stamp/stamp.jsp?arnumber=11113099,Group Fairness;Data Selection;Active Learning;Online Learning;Epistemic Uncertainty,,,removed,no,no,no,no
FEED: Fairness-Enhanced Meta-Learning for Domain Generalization,K. Jiang; C. Zhao; H. Wang; F. Chen,2024 IEEE International Conference on Big Data (BigData),2024,"Generalizing to out-of-distribution data while ensuring model fairness presents a significant challenge in meta-learning. This problem aims to find fairness-aware, invariant classifier parameters trained on data from related training domains that experience distribution shifts in non-sensitive features and varying dependencies between model predictions and sensitive attributes. Such parameters enable classifiers to generalize effectively to unknown, distinct test domains. Existing state-of-the-art methods either focus on domain generalization without considering fairness or exclusively model domain shifts at varying fairness levels. In this paper, we introduce Fairness-Enhanced Meta-Learning for Domain Generalization (FEED), a novel framework that disentangles latent data representations into content, style, and sensitive vectors. This disentanglement approach promotes robust model generalization across diverse domains while rigorously upholding fairness constraints. Unlike conventional methods that concentrate on domain invariance or sensitivity to distributional shifts, our model embeds a fairnessaware invariance criterion within the meta-learning process, ensuring consistently fair learned parameters across domains with varied characteristics. Extensive experiments on multiple benchmarks validate our framework’s effectiveness, demonstrating not only superior accuracy and fairness maintenance but also substantial improvements over state-of-the-art methods in domain generalization tasks.",10.1109/BigData62323.2024.10825892,https://ieeexplore.ieee.org/stamp/stamp.jsp?arnumber=10825892,Fairness-aware Meta-Learning;Domain Generalization,1.0,yes,moved,no,no,no,no
Filling and Disentanglement: Toward Low- and High-Order Parallel Single-Domain Generalization for SAR Ship Detection,Y. Yuan; L. Tang; Y. Xu; C. Lin; C. Chen; Y. Huang; X. Ding,IEEE Transactions on Aerospace and Electronic Systems,2025,"Unsupervised domain adaptation (UDA) has shown promising results in ship detection tasks for synthetic aperture radar (SAR) images under distribution shifts. However, its effectiveness is contingent upon the availability of unlabeled target data to mitigate domain discrepancies during training, which poses a challenge in real-world scenarios, as acquiring SAR data from the target domain can be time-consuming and resource-intensive. Moreover, it is impractical to retrain the UDA model whenever the target domain changes. To address this, we propose a domain-generalized SAR ship detection framework designed to train a model solely on a single source domain, enabling direct and efficient application to different target domains without requiring target domain data during training. We introduce a novel model that enhances the generalization of SAR ship detection at two levels. On the one hand, due to the limited space of feature distributions in a single source domain, a simple and effective interpolation method named low-order latent space filling module (LoFi) based on feature normalization is proposed. This allows the framework to simulate images captured by different devices, enabling the feature extractor to learn generalized feature representations. On the other hand, to better train a more cross-domain stable detector, we propose a high-order instance disentanglement module (HoDi) based on contrastive learning, which couples the original feature decomposition into task-relevant and task-irrelevant features through instance-level contrastive loss and an entropy loss as an additional constraint. Experiments conducted on four distinct SAR ship datasets obtained from different satellites validate the effectiveness of the proposed model.",10.1109/TAES.2024.3489572,https://ieeexplore.ieee.org/stamp/stamp.jsp?arnumber=10740676,Domain generalization;out-of-distribution;synthetic aperture radar (SAR) ship detection,1.0,yes,moved,no,no,no,no
FIXC: A Method for Data Distribution Shifts Calibration via Feature Importance,L. Zhendong; W. Jiang; Y. Zhang; C. Wang,2022 IEEE 34th International Conference on Tools with Artificial Intelligence (ICTAI),2022,"With the rapid development of Artificial Intelligence (AI), a long line of past papers have shown concerns about the data distribution shifts problem in image classification models via deep learning. Moreover, there is also an Out-of-Distribution (OOD) problem in perturbation-based explanation methods for DNNs ineXplainable Artificial Intelligence (XAI), because the generated perturbation samples may be not the same distribution as the original dataset. We explore the limitations of post-hoc Learning to Explain (L2X) explanation methods that use approximators to mimic the behavior of DNNs. We propose a training pipeline called Feature Importance eXplanation(-based) Calibration (FIXC), which efficiently extracts feature importance without using imitations of existing DNNs. We use feature importance as additional information to calibrate data distribution shifts. The evaluation of the corrupted dataset and DNNs benchmarks shows that the FIXC effectively improves the classification accuracy of corrupted images. Experiments on popular vision datasets show that the FIXC outperforms state-of-the-art methods on calibration metrics While the training pipeline provides a calibrated feature importance explanation. We also provide an analysis of our method based on game interaction theory.",10.1109/ICTAI56018.2022.00030,https://ieeexplore.ieee.org/stamp/stamp.jsp?arnumber=10097967,explainable artificial intelligence;out of distribution;robustness;data distribution shifts,,yes,moved,no,no,no,yes
Federated Fuzzy Transfer Learning With Domain and Category Shifts,K. Li; J. Lu; H. Zuo; G. Zhang,IEEE Transactions on Fuzzy Systems,2024,"Unsupervised domain adaptation leverages knowledge from source domain(s)/task(s) to facilitate learning in target task, particularly in unsatisfied and complex scenarios with data scarcity and distribution shifts. This approach helps reduce the high costs associated with collecting or labeling data for the target domain. However, it raises privacy concerns due to its matching techniques requiring access to source data, particularly in sensitive applications. In addition, most domain adaptation methods assume that source and target domains share the same label space, disregarding category shifts. In this article, we propose federated fuzzy transfer learning for category shifts (FdFTL) to address the before mentioned challenges-data privacy and category shifts. By combining a hybrid approach of fuzzy model and federated learning, a cloud model capable of performing across domains can be trained without the need for data sharing. This approach also results in a reduction of model parameters compared to traditional methods training individual models from multiple source domains. To eliminate domain and category shifts, we utilize a global clustering and a local semantic consensus clustering to effectively separate known target classes from out-of-distribution samples. Furthermore, we incorporate a confident score and the Silhouette analysis to elaborate the accuracy of categorizing target known classes. Experimental results on real-world visual tasks across universal, open-set, partial, and closed-set scenarios demonstrate the effectiveness of our proposed method.",10.1109/TFUZZ.2024.3459927,https://ieeexplore.ieee.org/stamp/stamp.jsp?arnumber=10679617,Domain adaptation;federated learning;fuzzy rules;machine learning;transfer learning,4.0,,removed,no,no,no,yes
FLaNS: Feature-Label Negative Sampling for Out-of-Distribution Detection,C. Lim; J. Hyeon; K. Lee; D. Han,IEEE Access,2025,"Many existing deep learning models suffer from a fundamental limitation, where they often misclassify Out-of-Distribution (OOD) data as In-Distribution (ID) data. OOD data represent data patterns that differ from the training distribution, such as images of unseen classes or different domains. This misclassification occurs because deep learning models are inherently designed to classify inputs into one of their known categories. To address this limitation, we propose Feature-Label Negative Sampling (FLaNS), which exploits the observation that OOD data inherently exhibit mismatches between features and their assigned labels. Our method constructs negative data by deliberately creating feature-label mismatches from ID data, which naturally deviate from the learned ID distribution. These synthetic data enable the Support Vector Machine (SVM) to learn decision boundaries that discriminate between ID and OOD data without requiring actual OOD data during training. We evaluated our method on the NCT-CRC-HE and CIFAR-100 datasets using two backbone models. Our approach demonstrates stable and reliable performance in both Receiver Operating Characteristics (ROC) Curve Area (AUROC) and False Positive Rate at 95% True Positive Rate (FPR95) metrics compared to existing methods. This research enhances OOD detection by introducing a method that leverages feature-label mismatches in ID data, improving detection performance without needing diverse OOD data, which are often difficult to collect.",10.1109/ACCESS.2025.3548702,https://ieeexplore.ieee.org/stamp/stamp.jsp?arnumber=10915589,OOD detection;feature-label mismatch;negative sampling;SVM;deep learning,,yes,moved,no,no,no,no
Few-Shot Causal Representation Learning for Out-of-Distribution Generalization on Heterogeneous Graphs,P. Ding; Y. Wang; G. Liu; N. Wang; X. Zhou,IEEE Transactions on Knowledge and Data Engineering,2025,"To address the issue of label sparsity in heterogeneous graphs (HGs), heterogeneous graph few-shot learning (HGFL) has recently emerged. HGFL aims to extract meta-knowledge from source HGs with rich-labeled data and transfers it to a target HG, facilitating learning new classes with few-labeled training data and improving predictions on unlabeled testing data. Existing methods typically assume the same distribution across the source HG, training data, and testing data. However, in practice, distribution shifts in HGFL are inevitable due to (1) the scarcity of source HGs that match the target HG's distribution, and (2) the unpredictable data generation mechanism of the target HG. Such distribution shifts can degrade the performance of existing methods, leading to a novel problem of out-of-distribution (OOD) generalization in HGFL. To address this challenging problem, we propose COHF, a Causal OOD Heterogeneous graph Few-shot learning model. In COHF, we first adopt a bottom-up data generative perspective to identify the invariance principle for OOD generalization. Then, based on this principle, we design a novel variational autoencoder-based heterogeneous graph neural network (VAE-HGNN) to mitigate the impact of distribution shifts. Finally, we propose a novel meta-learning framework that incorporates VAE-HGNN to effectively transfer meta-knowledge in OOD environments. Extensive experiments on seven real-world datasets have demonstrated the superior performance of COHF over the state-of-the-art methods.",10.1109/TKDE.2025.3531469,https://ieeexplore.ieee.org/stamp/stamp.jsp?arnumber=10850643,Few-shot learning;graph neural networks;heterogeneous networks;out-of-distribution generalization,3.0,,removed,no,no,no,yes
FewVV: Few-Shot Adaptive Bitrate Volumetric Video Streaming With Prompted Online Adaptation,L. Wei; Y. Liu; F. Wang; D. Wang,IEEE Internet of Things Journal,2024,"In recent years, volumetric videos have brought immersive experiences to users. Existing viewport-based volumetric video streaming (VVS) systems prune the point cloud according to visibility to reduce bandwidth consumption, leading to a better responsiveness. They also predict bandwidth and allocate bitrate to different parts of the video to enhance Quality-of-Experience (QoE). However, such designs sometimes result in drastic quality fluctuations in real-world deployment, due to limited generalization performance. Our measurement notes that these systems tend to have a significant accuracy loss under an unseen Out-of-Distribution (OoD) environments. On the other hand, open world prediction/adaptation problem have been addressed in the recent reinforcement learning advances, particularly through prompt-based few-shot and zero-shot learning. Inspired by this development, in this work, we first reformulate the volumetric bitrate adaptation (volumetric ABR) into a sequence prediction problem, then we design a volumetric causal transformer algorithm to solve it. We train our model on a large action trajectory data set, then evaluate it on various OoD scenarios. The result show that FewVV consistently outperforms the existing systems on both performance and generalization.",10.1109/JIOT.2024.3424977,https://ieeexplore.ieee.org/stamp/stamp.jsp?arnumber=10589425,Bitrate adaptation;generalization;volumetric video streaming (VVS),,,removed,no,no,no,no
Fool Me Once: Robust Selective Segmentation via Out-of-Distribution Detection with Contrastive Learning,D. S. W. Williams; M. Gadd; D. D. Martini; P. Newman,2021 IEEE International Conference on Robotics and Automation (ICRA),2021,"In this work, a neural network is trained to simultaneously perform segmentation and pixel-wise Out-of-Distribution (OoD) detection, such that the segmentation of unknown regions of scenes can be rejected. This is made possible by leveraging an OoD dataset with a novel contrastive objective and data augmentation scheme. By including unknown classes in the training data, a more robust feature representation is learned with known classes represented distinctly from those unknown. In comparison, when presented with unknown classes or conditions, many current approaches for segmentation frequently exhibit high confidence in their inaccurate segmentations and cannot be trusted in many operational environments. We validate our system on a real-world dataset of unusual driving scenes, and show that by selectively segmenting scenes based on what is predicted as OoD, we can increase the segmentation accuracy by an IoU of 0.2 with respect to alternative techniques.",10.1109/ICRA48506.2021.9561165,https://ieeexplore.ieee.org/stamp/stamp.jsp?arnumber=9561165,Segmentation;Scene Understanding;Introspection;Performance Assessment;Deep Learning;Autonomous Vehicles;Novelty Detection,8.0,yes,moved,no,no,no,no
Filtered Batch Normalization,A. Horváth; J. Al-afandi,2020 25th International Conference on Pattern Recognition (ICPR),2021,"It is a common assumption that the activation of different layers in neural networks follow Gaussian distribution. This distribution can be transformed using normalization techniques, such as batch-normalization, increasing convergence speed and improving accuracy. In this paper we would like to demonstrate, that activations do not necessarily follow Gaussian distribution in all layers. Neurons in deeper layers are more selective and specific which can result extremely large, out-of-distribution activations. We will demonstrate that one can create more consistent mean and variance values for batch normalization during training by filtering out these activations which can further improve convergence speed and yield higher validation accuracy.",10.1109/ICPR48806.2021.9412738,https://ieeexplore.ieee.org/stamp/stamp.jsp?arnumber=9412738,,1.0,,removed,no,no,no,no
Finetune like you pretrain: Improved finetuning of zero-shot vision models,S. Goyal; A. Kumar; S. Garg; Z. Kolter; A. Raghunathan,2023 IEEE/CVF Conference on Computer Vision and Pattern Recognition (CVPR),2023,"Finetuning image-text models such as CLIP achieves state-of-the-art accuracies on a variety of benchmarks. However, recent works (Kumar et al., 2022; Wortsman et al., 2021) have shown that even subtle differences in the finetuning process can lead to surprisingly large differences in the final performance, both for in-distribution (ID) and out-of-distribution (OOD) data. In this work, we show that a natural and simple approach of mimicking contrastive pretraining consistently outperforms alternative finetuning approaches. Specifically, we cast downstream class labels as text prompts and continue optimizing the contrastive loss between image embeddings and class-descriptive prompt embeddings (contrastive finetuning). Our method consistently outperforms baselines across 7 distribution shift, 6 transfer learning, and 3 few-shot learning benchmarks. On WILDS-iWILDCam, our proposed approach FLYP outperforms the top of the leaderboard by 2.3% ID and 2.7% OOD, giving the highest reported accuracy. Averaged across 7 OOD datasets (2 WILDS and 5 ImageNet associated shifts), FLYP gives gains of 4.2% OOD over standard finetuning and outperforms current state-of-the-art (LP-FT) by more than 1 % both ID and OOD. Similarly, on 3 few-shot learning benchmarks, FLYP gives gains up to 4.6% over standard finetuning and 4.4% over the state-of-the-art. Thus we establish our proposed method of contrastive finetuning as a simple and intuitive state-of-the-art for supervised finetuning of image-text models like CLIP. Code is available at https://github.com/locuslab/FLYP.",10.1109/CVPR52729.2023.01853,https://ieeexplore.ieee.org/stamp/stamp.jsp?arnumber=10205046,Transfer;meta;low-shot;continual;or long-tail learning,65.0,,removed,no,no,no,yes
Fingerprint Presentation Attack Detection with Supervised Contrastive Learning,C. Huang; H. Fei; S. Wu; Z. Wang; Z. Jia; J. Feng,2023 IEEE International Joint Conference on Biometrics (IJCB),2023,"The security of Automated Fingerprint Identification Systems (AFIS) heavily relies on the performance of the Fingerprint Presentation Attack Detection (FPAD) methods. However, the difficulty of FPAD lies in how to have strong robustness and generalization to unseen spoof fingerprints. To address this issue, we propose a novel FPAD framework with tailored Supervised Contrastive Learning (SupCon) and KNN-based OOD detection (KNN-OOD) method. We tailor the SupCon to better constrain the distribution of learned features by incorporating dynamic feature and label queues into SupCon and actively mining positive samples from the queues. In FPAD, we consider fingerprints with the same PAD label as intra-class, while those with different labels as inter-class. The tailored SupCon makes intra-class features more compact and inter-class features more dispersed. Utilizing the compact live fingerprint feature distribution, during the testing phase, we employ KNNOOD as an alternative to commonly used classification approaches. Since this approach does not rely on the distribution of trainset spoof fingerprints, it consistently achieves outstanding results even for unseen spoof fingerprints. Experiment results demonstrate that our proposed FPAD-SupCon framework achieves state-of-the-art performance on LivDet 2019 and LivDet 2021 datasets.",10.1109/IJCB57857.2023.10449244,https://ieeexplore.ieee.org/stamp/stamp.jsp?arnumber=10449244,,,,removed,no,no,no,yes
Supervision Adaptation Balancing In-Distribution Generalization and Out-of-Distribution Detection,Z. Zhao; L. Cao; K. -Y. Lin,IEEE Transactions on Pattern Analysis and Machine Intelligence,2023,"The discrepancy between in-distribution (ID) and out-of-distribution (OOD) samples can lead to distributional vulnerability in deep neural networks, which can subsequently lead to high-confidence predictions for OOD samples. This is mainly due to the absence of OOD samples during training, which fails to constrain the network properly. To tackle this issue, several state-of-the-art methods include adding extra OOD samples to training and assign them with manually-defined labels. However, this practice can introduce unreliable labeling, negatively affecting ID classification. The distributional vulnerability presents a critical challenge for non-IID deep learning, which aims for OOD-tolerant ID classification by balancing ID generalization and OOD detection. In this paper, we introduce a novel supervision adaptation approach to generate adaptive supervision information for OOD samples, making them more compatible with ID samples. First, we measure the dependency between ID samples and their labels using mutual information, revealing that the supervision information can be represented in terms of negative probabilities across all classes. Second, we investigate data correlations between ID and OOD samples by solving a series of binary regression problems, with the goal of refining the supervision information for more distinctly separable ID classes. Our extensive experiments on four advanced network architectures, two ID datasets, and eleven diversified OOD datasets demonstrate the efficacy of our supervision adaptation approach in improving both ID classification and OOD detection capabilities.",10.1109/TPAMI.2023.3321869,https://ieeexplore.ieee.org/stamp/stamp.jsp?arnumber=10271740,Adaptive supervision information;deep neural networks;distributional vulnerability;in-distribution (ID) generalization;mutual information;non-IID learning;out-of- distribution (OOD) detection;supervision adaptation,5.0,yes,moved,no,yes,no,yes
Unexplored Faces of Robustness and Out-of-Distribution: Covariate Shifts in Environment and Sensor Domains,E. Baek; K. Park; J. Kim; H. -S. Kim,2024 IEEE/CVF Conference on Computer Vision and Pattern Recognition (CVPR),2024,"Computer vision applications predict on digital images acquired by a camera from physical scenes through light. However, conventional robustness benchmarks rely on perturbations in digitized images, diverging from distribution shifts occurring in the image acquisition process. To bridge this gap, we introduce a new distribution shift dataset, ImageNet-ES, comprising variations in environmental and camera sensor factors by directly capturing 202k images with a real camera in a controllable testbed. With the new dataset, we evaluate out-of-distribution (OOD) detection and model robustness. We find that existing OOD detection methods do not cope with the covariate shifts in ImageNet-ES, implying that the definition and detection of OOD should be revisited to embrace real-world distribution shifts. We also observe that the model becomes more robust in both ImageNet-C and -ES by learning environment and sensor variations in addition to existing digital augmentations. Lastly, our results suggest that effective shift mitigation via camera sensor control can significantly improve performance without increasing model size. With these findings, our benchmark may aid future research on robustness, OOD, and camera sensor control for computer vision. Our code and dataset are available at https://github.com/Edw2n/ImageNet-ES.",10.1109/CVPR52733.2024.02104,https://ieeexplore.ieee.org/stamp/stamp.jsp?arnumber=10655579,Datasets;Robustness;Out-of-Distribution,,yes,yes,no,yes,no,yes
GDA: Generalized Diffusion for Robust Test-Time Adaptation,Y. -Y. Tsai; F. -C. Chen; A. Y. C. Chen; J. Yang; C. -C. Su; M. Sun; C. -H. Kuo,2024 IEEE/CVF Conference on Computer Vision and Pattern Recognition (CVPR),2024,"Machine learning models face generalization challenges when exposed to out-of-distribution (OOD) samples with unforeseen distribution shifts. Recent research reveals that for vision tasks, test-time adaptation employing diffusion models can achieve state-of-the-art accuracy improvements on OOD samples by generating domain-aligned samples without altering the model's weights. Unfortunately, those studies have primarily focused on pixel-level corruptions, thereby lacking the generalization to adapt to a broader range of OOD types. We introduce Generalized Diffusion Adaptation (GDA), a novel diffusion-based test-time adaptation method robust against diverse OOD types. Specifically, GDA iteratively guides the diffusion by applying a marginal entropy loss derived from the model, in conjunction with style and content preservation losses during the reverse sampling process. In other words, GDA considers the model's output behavior and the samples' semantic information as a whole, reducing ambiguity in downstream tasks. Evaluation across various model architectures and OOD benchmarks indicates that GDA consistently surpasses previous diffusion-based adaptation methods. Notably, it achieves the highest classification accuracy improvements, ranging from 4.4% to 5.02% on ImageNet-C and 2.5% to 7.4% on Rendition, Sketch, and Stylized benchmarks. This performance highlights GDA's generalization to a broader range of OOD benchmarks.",10.1109/CVPR52733.2024.02193,https://ieeexplore.ieee.org/stamp/stamp.jsp?arnumber=10657563,Domain Generalization;Diffusion Model;Out-of-Distribution Data,6.0,yes,moved,no,no,no,yes
Generalizable Remote Physiological Measurement via Semantic-Sheltered Alignment and Plausible Style Randomization,J. Wang; H. Lu; H. Han; Y. Chen; D. He; K. Wu,IEEE Transactions on Instrumentation and Measurement,2025,"Remote photoplethysmography (rPPG) is a noninvasive technique that measures blood volume changes in the skin using a camera and a light source. Achieving accurate measurements relies on the generalization of models across different individuals and environmental conditions. However, most domain generalization (DG) methods are designed for classification tasks rather than regression tasks, which is a suboptimal solution for the rPPG task. In this work, we propose a novel dual-stream generalization framework (DG-rPPG), which consists of semantic-sheltered alignment (SSA) and plausible attribute randomization (PAR). Specifically, SSA can extract and align domain-agnostic features from different datasets; while maximumly preserving semantic information. PAR can enrich the attribute-related feature of each instance based on the statistical information of all the different domains, ensuring that the augmented features maintain plausibility. The heart rate (HR) and HR variability estimation evaluation with cross-domain protocol across five public datasets illustrated that our proposal significantly (p-value <0.05) outperforms all baselines (e.g., compared to DOHA, DG-rPPG achieves 9.25% and 8.19% improvement on MAE when UBFC and BUAA are target domains). Meanwhile, based on the intra-dataset, computation cost, and out-of-distribution (OOD) assessment, DG-rPPG presents the leading performance in OOD generalization while maintaining relatively good performance in in-distribution estimation and reasonable computational costs. This provides a foundation for real-time monitoring deployments in real environments. The code is available at https://github.com/WJULYW/DG-rPPG.",10.1109/TIM.2024.3497058,https://ieeexplore.ieee.org/stamp/stamp.jsp?arnumber=10752618,Domain generalization (DG);heart rate (HR) estimation;invariant risk minimization (IRM);plausible style generation;remote photoplethysmography (rPPG),2.0,yes,moved,no,no,no,no
FRAMES-VQA: Benchmarking Fine-Tuning Robustness across Multi-Modal Shifts in Visual Question Answering,C. Huang; B. Maneechotesuwan; S. Chopra; Z. Kira,2025 IEEE/CVF Conference on Computer Vision and Pattern Recognition (CVPR),2025,"Visual question answering (VQA) systems face significant challenges when adapting to real-world data shifts, especially in multi-modal contexts. While robust fine-tuning strategies are essential for maintaining performance across in-distribution (ID) and out-of-distribution (OOD) scenarios, current evaluation settings are primarily unimodal or particular to some types of OOD, offering limited insight into the complexities of multi-modal contexts. In this work, we propose a new benchmark FRAMES-VQA (Fine-Tuning Robustness Across Multi-Modal Shifts in VQA) for evaluating robust fine-tuning for VQA tasks. We utilize ten existing VQA benchmarks, including VQAv2, IV-VQA, VQACP, OK-VQA and others, and categorize them into ID, near and far OOD datasets covering uni-modal, multi-modal and adversarial distribution shifts. We first conduct a comprehensive comparison of existing robust fine-tuning methods. We then quantify the distribution shifts by calculating the Mahalanobis distance using uni-modal and multimodal embeddings extracted from various models. Further, we perform an extensive analysis to explore the interactions between uni- and multi-modal shifts as well as modality importance for ID and OOD samples. These analyses offer valuable guidance on developing more robust fine-tuning methods to handle multi-modal distribution shifts. The code is available at https://github.com/chengyuehuang511/FRAMES-VQA.",10.1109/CVPR52734.2025.00370,https://ieeexplore.ieee.org/stamp/stamp.jsp?arnumber=11094618,,,,removed,no,no,no,no
Free on the Fly: Enhancing Flexibility in Test-Time Adaptation with Online EM,Q. Dai; S. Yang,2025 IEEE/CVF Conference on Computer Vision and Pattern Recognition (CVPR),2025,"Vision-Language Models (VLMs) have become prominent in open-world image recognition for their strong generalization abilities. Yet, their effectiveness in practical applications is compromised by domain shifts and distributional changes, especially when test data distributions diverge from training data. Therefore, the paradigm of test-time adaptation (TTA) has emerged, enabling the use of on-line off-the-shelf data at test time, supporting independent sample predictions, and eliminating reliance on test annotations. Traditional TTA methods, however, often rely on costly training or optimization processes, or make unrealistic assumptions about accessing or storing historical training and test data. Instead, this study proposes FreeTTA, a training-free and universally available method that makes no assumptions, to enhance the flexibility of TTA. More importantly, FreeTTA is the first to explicitly model the test data distribution, enabling the use of intrinsic relationships among test samples to enhance predictions of individual samples without simultaneous access—a direction not previously explored. FreeTTA achieves these advantages by introducing an online EM algorithm that utilizes zero-shot predictions from VLMs as priors to iteratively compute the posterior probabilities of each online test sample and update parameters. Experiments demonstrate that FreeTTA achieves stable and significant improvements compared to state-of-the-art methods across 15 datasets in both cross-domain and out-of-distribution settings.",10.1109/CVPR52734.2025.00891,https://ieeexplore.ieee.org/stamp/stamp.jsp?arnumber=11094207,,,,removed,no,no,no,no
From Lab to Bed: Robust and Adaptive Non-Contact IoT Sleep Monitoring for Smart Health,A. Y. -C. Tam; D. K. -H. Lai; Y. -J. Mao; M. Chen; D. W. -C. Wong; J. C. -W. Cheung,"2024 IEEE International Conference on E-health Networking, Application & Services (HealthCom)",2024,"Poor sleep quality has far-reaching consequences, including increased incidence of psychological disorders, cognitive impairment, and physical illness, which also place significant strain on caregivers. The current gold standard for sleep assessment, polysomnography, suffers from limitations such as complexity, high cost, interfere with participants' natural sleep behavior and the need for specialized laboratory settings and trained professionals. To address these challenges, we propose a novel contactless sensing, lightweight real-time IoT system designed specifically for monitoring vital signs and posture under blankets, eliminating the need for physical contact or wearable sensors, ensuring comfort and minimizes patient anxiety. The system utilizes an incremental learning approach to adapt to out-of-distribution datasets during long-term deployment, enhancing robustness. Our research contributes to the advancement of non-invasive sleep monitoring technology, providing a valuable tool for assessing sleep quality without disrupting participants' natural sleep patterns.",10.1109/HealthCom60970.2024.10880781,https://ieeexplore.ieee.org/stamp/stamp.jsp?arnumber=10880781,non-contact sensing;vita sign monitoring;sleep quality assessment,,,removed,no,no,no,no
Generalized ODIN: Detecting Out-of-Distribution Image Without Learning From Out-of-Distribution Data,Y. -C. Hsu; Y. Shen; H. Jin; Z. Kira,2020 IEEE/CVF Conference on Computer Vision and Pattern Recognition (CVPR),2020,"Deep neural networks have attained remarkable performance when applied to data that comes from the same distribution as that of the training set, but can significantly degrade otherwise. Therefore, detecting whether an example is out-of-distribution (OoD) is crucial to enable a system that can reject such samples or alert users. Recent works have made significant progress on OoD benchmarks consisting of small image datasets. However, many recent methods based on neural networks rely on training or tuning with both in-distribution and out-of-distribution data. The latter is generally hard to define a-priori, and its selection can easily bias the learning. We base our work on a popular method ODIN, proposing two strategies for freeing it from the needs of tuning with OoD data, while improving its OoD detection performance. We specifically propose to decompose confidence scoring as well as a modified input pre-processing method. We show that both of these significantly help in detection performance. Our further analysis on a larger scale image dataset shows that the two types of distribution shifts, specifically semantic shift and non-semantic shift, present a significant difference in the difficulty of the problem, providing an analysis of when ODIN-like strategies do or do not work.",10.1109/CVPR42600.2020.01096,https://ieeexplore.ieee.org/stamp/stamp.jsp?arnumber=9156473,,326.0,yes,moved,no,no,no,yes
Generalizing to Unseen Domains: A Survey on Domain Generalization,J. Wang; C. Lan; C. Liu; Y. Ouyang; T. Qin; W. Lu; Y. Chen; W. Zeng; P. S. Yu,IEEE Transactions on Knowledge and Data Engineering,2023,"Machine learning systems generally assume that the training and testing distributions are the same. To this end, a key requirement is to develop models that can generalize to unseen distributions. Domain generalization (DG), i.e., out-of-distribution generalization, has attracted increasing interests in recent years. Domain generalization deals with a challenging setting where one or several different but related domain(s) are given, and the goal is to learn a model that can generalize to an unseen test domain. Great progress has been made in the area of domain generalization for years. This paper presents the first review of recent advances in this area. First, we provide a formal definition of domain generalization and discuss several related fields. We then thoroughly review the theories related to domain generalization and carefully analyze the theory behind generalization. We categorize recent algorithms into three classes: data manipulation, representation learning, and learning strategy, and present several popular algorithms in detail for each category. Third, we introduce the commonly used datasets, applications, and our open-sourced codebase for fair evaluation. Finally, we summarize existing literature and present some potential research topics for the future.",10.1109/TKDE.2022.3178128,https://ieeexplore.ieee.org/stamp/stamp.jsp?arnumber=9782500,Domain generalization;domain adaptation;transfer learning;out-of-distribution generalization,526.0,yes,moved,no,no,no,no
GDDA: Semantic OOD Detection on Graphs under Covariate Shift via Score-Based Diffusion Models,Z. He; C. Zhao; M. Shao; Y. Lin; D. Li; Q. Tian,"ICASSP 2025 - 2025 IEEE International Conference on Acoustics, Speech and Signal Processing (ICASSP)",2025,"Out-of-distribution (OOD) detection poses a signifi-cant challenge for Graph Neural Networks (GNNs), particularly in open-world scenarios with varying distribution shifts. Most existing OOD detection methods on graphs primarily focus on identifying instances in test data domains caused by either semantic shifts (changes in data classes) or covariate shifts (changes in data features), while leaving the simultaneous occurrence of both distribution shifts under-explored. In this work, we address both types of shifts simultaneously and introduce a novel challenge for OOD detection on graphs: graph-level semantic OOD detection under covariate shift. In this scenario, variations between the training and test domains result from the concurrent presence of both covariate and semantic shifts, where only graphs associated with unknown classes are identified as OOD samples (OODs). To tackle this challenge, we propose a novel two-phase framework called Graph Disentangled Diffusion Augmentation (GDDA). The first phase focuses on disentangling graph representations into domain-invariant semantic factors and domain-specific style factors. In the second phase, we introduce a novel distribution-shift-controlled score-based generative diffusion model that generates latent factors outside the training semantic and style spaces. Additionally, auxiliary pseudo-in-distribution (InD) and pseudo-OOD graph representations are employed to enhance the effectiveness of the energy-based semantic OOD detector. Extensive empirical studies on three benchmark datasets demonstrate that our approach outperforms state-of-the-art baselines.",10.1109/ICASSP49660.2025.10890879,https://ieeexplore.ieee.org/stamp/stamp.jsp?arnumber=10890879,diffusion models;distribution shifts;OOD detection;disentanglement,,,removed,no,yes,no,no
Generalizability Analysis of Graph-based Trajectory Predictor with Vectorized Representation,J. Lu; W. Zhan; M. Tomizuka; Y. Hu,2022 IEEE/RSJ International Conference on Intelligent Robots and Systems (IROS),2022,"Trajectory prediction is one of the essential tasks for autonomous vehicles. Recent progress in machine learning gave birth to a series of advanced trajectory prediction algorithms. Lately, the effectiveness of using graph neural networks (GNNs) with vectorized representations for trajec-tory prediction has been demonstrated by many researchers. Nonetheless, these algorithms either pay little attention to models' generalizability across various scenarios or simply assume training and test data follow similar statistics. In fact, when test scenarios are unseen or Out-of-Distribution (OOD), the resulting train-test domain shift usually leads to significant degradation in prediction performance, which will impact downstream modules and eventually lead to severe accidents. Therefore, it is of great importance to thoroughly investigation of the prediction models in terms of their generalizability, which can not only help identify their weaknesses but also provide insights on how to improve these models. This paper proposes a generalizability analysis framework using feature attribution methods to help interpret black-box models. For the case study, we provide an in-depth generalizability analysis of one of the state-of-the-art graph-based trajectory predictors that utilize vectorized representation. Results show significant performance degradation due to domain shift, and feature attribution provides insights to identify potential causes of these problems. Finally, we conclude the common prediction challenges and how weighting biases induced by the training process can deteriorate the accuracy.",10.1109/IROS47612.2022.9981096,https://ieeexplore.ieee.org/stamp/stamp.jsp?arnumber=9981096,,5.0,,removed,no,no,no,yes
GenerChange: Uncertainty-Aware Domain Generalization Network for Cross-Domain Remote Sensing Change Detection,L. Fang; R. Wang; X. Yi; S. Xia; S. Wang; Y. Feng,IEEE Transactions on Geoscience and Remote Sensing,2025,"Remote sensing change detection (RSCD) aims to identify changes in ground objects at the same geographic location across dual-temporal images. Despite deep learning’s success in this field, most existing methods fail to generalize from a source domain (seen) to a target domain (unseen) without retraining. Cross-domain RSCD can learn a transferable change detection model in the source domain, enabling target-domain change detection without retraining. However, existing methods ignore the stylistic variations between dual-temporal images and the lack of prior knowledge about the target domain, which together lead to increased model aleatoric and epistemic uncertainty. To address the above issues, we propose an uncertainty-aware domain generalization network (GenerChange) for cross-domain RSCD. It employs a dual-covariance style-debias mechanism and an evidence-aware uncertainty estimation module to reduce model uncertainty. First, the dual-covariance style-debias mechanism can effectively disentangle content features from style variations, reducing aleatoric uncertainty by aligning the covariance between the enhanced and original images. Furthermore, the evidence-aware uncertainty estimation module models the Dirichlet distribution of pixel change probabilities. This helps the model focus on domain-invariant information during training, which can be generalized to the target domain, enabling the model to reduce the epistemic uncertainty. Extensive experimental results demonstrate that the proposed method outperforms existing domain generalization (DG) methods for RSCD.",10.1109/TGRS.2025.3616443,https://ieeexplore.ieee.org/stamp/stamp.jsp?arnumber=11187369,Domain generalization (DG);remote sensing change detection (RSCD);uncertainty estimation,,yes,moved,no,no,no,no
Generalization Error Bounds for Graph Neural Networks in Unseen Domains,P. Wang; L. Bai; X. Yang; X. Wang; J. Liang,IEEE Transactions on Artificial Intelligence,2025,"The shift in data distribution between training and testing presents challenges for graph neural networks (GNNs), especially in out-of-distribution (OOD) scenarios. Most analyses focus on graph domain adaptation, where the target domain is known during training. However, real-world applications often require GNNs to generalize to unseen domains, a problem that lacks sufficient theoretical analysis, particularly regarding interpretable error bounds. In this work, we bridge this gap by using the linear combination of source domains as a reference object for unseen domains. We derive generalization error bounds for GNNs based on the mixture distribution of the source domains, emphasizing the importance of domain diversity and domain-invariant feature learning for strong generalization. Furthermore, we explore a special case where the mixed distribution degenerates to the distribution of the source domains, introducing the maximum Wasserstein distance as a measure of the difference between the source domain and the unseen domains, and derive tighter error bounds. Our analysis highlights the importance of balancing domain diversity and invariance, demonstrating how these factors affect the generalization performance of GNNs in unseen domains.",10.1109/TAI.2025.3556978,https://ieeexplore.ieee.org/stamp/stamp.jsp?arnumber=10947331,Distribution shift;domain generalization;generalization error bounds;graph neural networks (GNNs);learning theory,,,removed,no,no,no,no
Unified Out-Of-Distribution Detection: A Model-Specific Perspective,R. Averly; W. -L. Chao,2023 IEEE/CVF International Conference on Computer Vision (ICCV),2023,"Out-of-distribution (OOD) detection aims to identify test examples that do not belong to the training distribution and are thus unlikely to be predicted reliably. Despite a plethora of existing works, most of them focused only on the scenario where OOD examples come from semantic shift (e.g., unseen categories), ignoring other possible causes (e.g., covariate shift). In this paper, we present a novel, unifying framework to study OOD detection in a broader scope. Instead of detecting OOD examples from a particular cause, we propose to detect examples that a deployed machine learning model (e.g., an image classifier) is unable to predict correctly. That is, whether a test example should be detected and rejected or not is ""model-specific"". We show that this framework unifies the detection of OOD examples caused by semantic shift and covariate shift, and closely addresses the concern of applying a machine learning model to uncontrolled environments. We provide an extensive analysis that involves a variety of models (e.g., different architectures and training strategies), sources of OOD examples, and OOD detection approaches, and reveal several insights into improving and understanding OOD detection in uncontrolled environments.",10.1109/ICCV51070.2023.00140,https://ieeexplore.ieee.org/stamp/stamp.jsp?arnumber=10376502,,9.0,yes,yes,no,yes,no, yes
Generalized Zero-Shot Learning for Action Recognition Fusing Text and Image GANs,K. Huang; S. Mckeever; L. Miralles-Pechuán,IEEE Access,2024,"Generalized Zero-Shot Action Recognition (GZSAR) is geared towards recognizing classes that the model has not been trained on, while still maintaining robust performance on the familiar, trained classes. This approach mitigates the need for an extensive amount of labeled training data and enhances the efficient utilization of available datasets. The main contribution of this paper is a novel approach for GZSAR that combines the power of two Generative Adversarial Networks (GANs). One GAN is responsible for generating embeddings from visual representations, while the other GAN focuses on generating embeddings from textual representations. These generated embeddings are fused, with the selection of the maximum value from each array that represents the embeddings, and this fused data is then utilized to train a GZSAR classifier in a supervised manner. This framework also incorporates a feature refinement component and an out-of-distribution detector to mitigate the domain shift problem between seen and unseen classes. In our experiments, notable improvements were observed. On the UCF101 benchmark dataset, we achieved a 7.43% increase in performance, rising from 50.93% (utilizing images and Word2Vec alone) to 54.71% with the implementation of two GANs. Additionally, on the HMDB51 dataset, we saw a 7.06% improvement, advancing from 36.11% using Text and Word2Vec to 38.66% with the dual-GAN approach. These results underscore the efficacy of our dual-GAN framework in enhancing GZSAR performance. The rest of the paper shows the main contributions to the field of GZSAR and highlights the potential and future lines of research in this exciting area.",10.1109/ACCESS.2024.3349510,https://ieeexplore.ieee.org/stamp/stamp.jsp?arnumber=10379806,Generalized zero-shot action recognition;generalised zero-shot learning;generative adversarial networks;human action recognition,6.0,,removed,no,no,no,yes
Generalizing Graph Neural Networks on Out-of-Distribution Graphs,S. Fan; X. Wang; C. Shi; P. Cui; B. Wang,IEEE Transactions on Pattern Analysis and Machine Intelligence,2024,"Graph Neural Networks (GNNs) are proposed without considering the agnostic distribution shifts between training graphs and testing graphs, inducing the degeneration of the generalization ability of GNNs in Out-Of-Distribution (OOD) settings. The fundamental reason for such degeneration is that most GNNs are developed based on the I.I.D hypothesis. In such a setting, GNNs tend to exploit subtle statistical correlations existing in the training set for predictions, even though it is a spurious correlation. This learning mechanism inherits from the common characteristics of machine learning approaches. However, such spurious correlations may change in the wild testing environments, leading to the failure of GNNs. Therefore, eliminating the impact of spurious correlations is crucial for stable GNN models. To this end, in this paper, we argue that the spurious correlation exists among subgraph-level units and analyze the degeneration of GNN in causal view. Based on the causal view analysis, we propose a general causal representation framework for stable GNN, called StableGNN. The main idea of this framework is to extract high-level representations from raw graph data first and resort to the distinguishing ability of causal inference to help the model get rid of spurious correlations. Particularly, to extract meaningful high-level representations, we exploit a differentiable graph pooling layer to extract subgraph-based representations by an end-to-end manner. Furthermore, inspired by the confounder balancing techniques from causal inference, based on the learned high-level representations, we propose a causal variable distinguishing regularizer to correct the biased training distribution by learning a set of sample weights. Hence, GNNs would concentrate more on the true connection between discriminative substructures and labels. Extensive experiments are conducted on both synthetic datasets with various distribution shift degrees and eight real-world OOD graph datasets. The results well verify that the proposed model StableGNN not only outperforms the state-of-the-arts but also provides a flexible framework to enhance existing GNNs. In addition, the interpretability experiments validate that StableGNN could leverage causal structures for predictions.",10.1109/TPAMI.2023.3321097,https://ieeexplore.ieee.org/stamp/stamp.jsp?arnumber=10268633,Causal representation learning;graph neural networks (GNNs);out-of-distribution generalization (OOD);stable learning,46.0,,removed,no,no,no,yes
Gradient-Based Fine-Tuning Strategy for Improved Transfer Learning on Surgical Images,A. Davila; J. Colan; Y. Hasegawa,2023 International Symposium on Micro-NanoMehatronics and Human Science (MHS),2023,"Transfer learning is a widely used technique to leverage pre-trained models on new tasks, but it often suffers from out-of-distribution shifts when the source and target domains are different. This is especially common in surgical images, where the appearance and context of the images vary significantly across different procedures and instruments. To address this problem, we propose a novel gradient-based fine-tuning strategy that selectively freezes layers of a pre-trained model based on their weight gradients. Our method aims to preserve the generalizable features learned from the source domain while adapting the model to the target domain. We evaluate our method on two tasks: surgical instrument recognition and gesture recognition. We compare our method with several existing fine-tuning strategies, including full fine-tuning, linear probing, and gradual unfreezing variations. Our experimental results show that our method achieves the best performance on both tasks. Our approach enables more efficient and robust transfer learning for surgical image segmentation, which is essential for various applications in computer-assisted surgery.",10.1109/MHS59931.2023.10510130,https://ieeexplore.ieee.org/stamp/stamp.jsp?arnumber=10510130,,2.0,yes,moved,no,no,no,no
Generating Virtual Reality Stroke Gesture Data from Out-of-Distribution Desktop Stroke Gesture Data,L. -P. Yuan; B. Li; J. Wang; H. Qu; W. Zeng,2024 IEEE Conference Virtual Reality and 3D User Interfaces (VR),2024,"This paper exploits ubiquitous desktop interaction data as an input source for generating virtual reality (VR) interaction data, which can benefit tasks like user behavior analysis and experience enhancement. Time-varying stroke gestures are selected as the primary focus because of their prevalence across various applications and their diverse patterns. The commonalities (e.g., features like velocity and curvature) between desktop and VR strokes allow the generation of additional dimensions (e.g., z vectors) in VR strokes. However, distribution shifts exist between different interaction environments (i.e., desktop vs. VR), and within the same interaction environment for different strokes by various users, making it challenging to build models capable of generalizing to unseen distributions. To address the challenges, we formulate the problem of generating VR strokes from desktop strokes as a conditional time series generation problem, aiming to learn representations that are capable of handling out-of-distribution data. We propose a novel architecture based on conditional generative adversarial networks, with the generator encompassing three steps: discretizing the output space, characterizing latent distributions, and learning conditional domain-invariant representations. We evaluate the effectiveness of our methods by comparing them with state-of-the-art time series generation models and conducting ablation studies. We further illustrate the applicability of the enriched VR datasets through two applications: VR stroke classification and stroke prediction.",10.1109/VR58804.2024.00093,https://ieeexplore.ieee.org/stamp/stamp.jsp?arnumber=10494175,Human-centered computing;Virtual reality,3.0,,removed,no,no,no,yes
Handling Out-of-Distribution Data: A Survey,L. Tamang; M. R. Bouadjenek; R. Dazeley; S. Aryal,IEEE Transactions on Knowledge and Data Engineering,2025,"In the field of Machine Learning (ML) and data-driven applications, one of the significant challenge is the change in data distribution between the training and deployment stages, commonly known as distribution shift. This paper outlines different mechanisms for handling two main types of distribution shifts: (i) Covariate shift: where the value of features or covariates change between train and test data, and (ii) Concept/Semantic-shift: where model experiences shift in the concept learned during training due to emergence of novel classes in the test phase. We sum up our contributions in three folds. First, we formalize distribution shifts, recite on how the conventional method fails to handle them adequately and urge for a model that can simultaneously perform better in all types of distribution shifts. Second, we discuss why handling distribution shifts is important and provide an extensive review of the methods and techniques that have been developed to detect, measure, and mitigate the effects of these shifts. Third, we discuss the current state of distribution shift handling mechanisms and propose future research directions in this area. Overall, we provide a retrospective synopsis of the literature in the distribution shift, focusing on OOD data that had been overlooked in the existing surveys.",10.1109/TKDE.2025.3592614,https://ieeexplore.ieee.org/stamp/stamp.jsp?arnumber=11098614,Concept shift;covariate shift;data distribution shift;out-of-distribution,,yes,moved,no,yes,no,yes
GI-Graph: A Generative Invariant Graph Learning Scheme Towards Out-of-Distribution Generalization,S. Zhang; X. Liu; Z. Qi; X. Yan; W. Yang,IEEE Transactions on Knowledge and Data Engineering,2025,"When distribution shifts occur between testing and training graph data, out-of-distribution (OOD) samples undermine the performance of graph neural networks (GNNs). To improve adaptive OOD generalization of GNNs, this paper introduces a novel generative invariant graph learning framework, named GI-Graph. It consists of four modules: subgraph extractor, generative environment subgraph augmentation, generative invariant subgraph learning, and query feedback module. The subgraph extractor decomposes a graph sample into an environment subgraph and an invariant subgraph and improves extraction accuracy through query feedback. GI-Graph uses a diffusion model to generate diverse environment subgraphs, augmenting the OOD data. By combining diffusion models, contrastive learning, and attribute prediction networks, GI-Graph also generates augmented invariant subgraphs with significant identically distributed features and consistency of labels. Experimental results demonstrate that the controllable environment subgraph and invariant subgraph augmentation effectively improve the OOD generalization capability of GI-Graph, especially in capturing invariant features and maintaining category consistency across environments. Additionally, the contrastive learning-based fine-tuning method enables GI-Graph to quickly adapt to evolving environments. This paper verifies the effectiveness of the generative invariant graph learning scheme in graph OOD generalization.",10.1109/TKDE.2025.3592640,https://ieeexplore.ieee.org/stamp/stamp.jsp?arnumber=11095980,Generative graph invariant learning;out-of-distribution generalization;graph diffusion model;graph neural networks (GNNs),1.0,,removed,no,no,no,yes
Hardmix: A Regularization Method to Mitigate the Large Shift in Few-Shot Domain Adaptation,Z. Liang; Y. Gu; J. Yang,2021 IEEE International Conference on Image Processing (ICIP),2021,"Few-Shot Domain Adaptation aims to transfer knowledge learned from a known domain to a closely related novel domain with only a few training data available for each class. The limited number of target training data makes it challenging to bridge the domain gap and can easily lead to overfitting. In this paper, we proposed HardMix as a regularization technique which interpolates the data in feature space and assigns augmented features with ‘hard’ labels to eliminate the domain discrepancy. In order to generate a better decision boundary and a more compact intra-class distribution, an adaptive triplet loss is proposed to constrain the ‘hard’ samples near the decision boundary. We demonstrated its effectiveness by comparing our results with the state-of-the-art methods on several benchmark datasets.",10.1109/ICIP42928.2021.9506716,https://ieeexplore.ieee.org/stamp/stamp.jsp?arnumber=9506716,Domain Adaptation;Few-shot Learning;Mix-Up,2.0,yes,moved,no,no,no,no
Hierarchical Style-Aware Domain Generalization for Remote Physiological Measurement,J. Wang; H. Lu; A. Wang; Y. Chen; D. He,IEEE Journal of Biomedical and Health Informatics,2024,"The utilization of remote photoplethysmography (rPPG) technology has gained attention in recent years due to its ability to extract blood volume pulse (BVP) from facial videos, making it accessible for various applications such as health monitoring and emotional analysis. However, the BVP signal is susceptible to complex environmental changes or individual differences, causing existing methods to struggle in generalizing for unseen domains. This article addresses the domain shift problem in rPPG measurement and shows that most domain generalization methods fail to work well in this problem due to ambiguous instance-specific differences. To address this, the article proposes a novel approach called Hierarchical Style-aware Representation Disentangling (HSRD). HSRD improves generalization capacity by separating domain-invariant and instance-specific feature space during training, which increases the robustness of out-of-distribution samples during inference. This work presents state-of-the-art performance against several methods in both cross and intra-dataset settings.",10.1109/JBHI.2023.3346057,https://ieeexplore.ieee.org/stamp/stamp.jsp?arnumber=10371379,Adversarial learning;contrastive learning;domain generalization;heart rate estimation;remote photoplethysmography (rPPG),7.0,yes,moved,no,no,no,yes
Gradient Reactivation Enhanced Causal Attention for Out-Of-Distribution Generalizable Graph Classification,X. Wang; P. Gu; Y. Zhang; B. Wang; P. Wang; Y. Wang,"ICASSP 2024 - 2024 IEEE International Conference on Acoustics, Speech and Signal Processing (ICASSP)",2024,"Seeking for generalizable graph representations becomes hot spot in the area of graph learning. Recently, causality theory has been applied for extracting the causal relations between graph data and labels, which are generalizable under distribution shift and result in better OOD generalization. In this paper, for more accurately capturing causal representation of graph data, we propose a gradient reactivation enhanced causal subgraph extraction method. The proposed model utilizes attention mechanism to extract the causal features and attenuates the confounding effect of shortcut features. For ensuring stability of extracted causal features, we propose a novel gradient reactivation method to filter features with greater effect on making prediction. Extensively experimental result proves the effectiveness of the proposed model.",10.1109/ICASSP48485.2024.10446036,https://ieeexplore.ieee.org/stamp/stamp.jsp?arnumber=10446036,Graph classification;out of distribution;causal models;graph neural networks;gradient reactivation,2.0,,removed,no,no,no,no
Hierarchical Visual Categories Modeling: A Joint Representation Learning and Density Estimation Framework for Out-of-Distribution Detection,J. Li; X. Zhou; P. Guo; Y. Sun; Y. Huang; W. Ge; W. Zhang,2023 IEEE/CVF International Conference on Computer Vision (ICCV),2023,"Detecting out-of-distribution inputs for visual recognition models has become critical in safe deep learning. This paper proposes a novel hierarchical visual category modeling scheme to separate out-of-distribution data from in-distribution data through joint representation learning and statistical modeling. We learn a mixture of Gaussian models for each in-distribution category. There are many Gaussian mixture models to model different visual categories. With these Gaussian models, we design an in-distribution score function by aggregating multiple Mahalanobis-based metrics. We don’t use any auxiliary outlier data as training samples, which may hurt the generalization ability of out-of-distribution detection algorithms. We split the ImageNet-1k dataset into ten folds randomly. We use one fold as the in-distribution dataset and the others as out-of-distribution datasets to evaluate the proposed method. We also conduct experiments on seven popular benchmarks, including CIFAR, iNaturalist, SUN, Places, Textures, ImageNet-O, and OpenImage-O. Extensive experiments indicate that the proposed method outperforms state-of-the-art algorithms clearly. Meanwhile, we find that our visual representation has a competitive performance when compared with features learned by classical methods. These results demonstrate that the proposed method hasn’t weakened the discriminative ability of visual recognition models and keeps high efficiency in detecting out-of-distribution samples.",10.1109/ICCV51070.2023.02141,https://ieeexplore.ieee.org/stamp/stamp.jsp?arnumber=10377487,,3.0,yes,moved,no,no,no,yes
Graph Open-Set Recognition via Entropy Message Passing,L. Yang; B. Lu; X. Gan,2023 IEEE International Conference on Data Mining (ICDM),2023,"Graph Neural Networks (GNNs) have achieved great success in semi-supervised node classification. These methods usually assume the closed-set setting and classify unlabeled nodes to known classes. However, in reality, there exits some unknown classes due to biased-sampling, distribution shifts, anomaly, etc. Therefore, it is important to identify unknown classes while classifying known classes, which is defined as Graph Open-Set Recognition (GOSR). To alleviate this problem, we propose Entropy Message Passing (EMP) for GOSR, which takes into account the graph structure information when identifying unknown classes and automatically determines the discrimination threshold. To be specific, we calculate the likelihood of a node belonging to unknown class through entropy propagation. Then, we transform the threshold selection into entropy clustering to identify the unknown class nodes. Finally, we classify the remaining nodes. Experimental evaluations on six benchmark graph datasets demonstrate that our method outperforms state-of-the-art baseline methods in unknown class detection and graph open-set recognition tasks. Especially in unknown class detection, our method has achieved a significant reduction in FPR@95 ranging from 12.62% to 55.88%.",10.1109/ICDM58522.2023.00193,https://ieeexplore.ieee.org/stamp/stamp.jsp?arnumber=10415791,Graph Neural Networks;Open-Set Recognition;OOD Detection;Node Classification,1.0,,removed,no,no,no,no
Graph Out-of-Distribution Generalization With Controllable Data Augmentation,B. Lu; Z. Zhao; X. Gan; S. Liang; L. Fu; X. Wang; C. Zhou,IEEE Transactions on Knowledge and Data Engineering,2024,"Graph Neural Network (GNN) has demonstrated extraordinary performance in classifying graph properties. However, due to the selection bias of training and testing data (e.g., training on small graphs and testing on large graphs, or training on dense graphs and testing on sparse graphs), distribution deviation is widespread. More importantly, we often observe hybrid structure distribution shift of both scale and density, despite of one-sided biased data partition. The spurious correlations over hybrid distribution deviation degrade the performance of previous GNN methods and show large instability among different datasets. To alleviate this problem, we propose OOD-GMixup to jointly manipulate the training distribution with controllable data augmentation in metric space. Specifically, we first extract the graph rationales to eliminate the spurious correlations due to irrelevant information. Second, we generate virtual samples with perturbation on graph rationale representation domain to obtain potential OOD training samples. Finally, we propose OOD calibration to measure the distribution deviation of virtual samples by leveraging Extreme Value Theory, and further actively control the training distribution by emphasizing the impact of virtual OOD samples. Extensive studies on several real-world datasets on graph classification demonstrate the superiority of our proposed method over state-of-the-art baselines.",10.1109/TKDE.2024.3393109,https://ieeexplore.ieee.org/stamp/stamp.jsp?arnumber=10517351,Out-of-distribution generalization;graph neural network;domain generalization;data augmentation,5.0,,removed,no,no,no,no
Graph-based Meta-Learning and Feature Disentanglement for Domain Generalization Crowd Counting,Y. Qu; Z. Shen; Y. Chen; P. Zhong,2025 IEEE International Conference on Multimedia and Expo (ICME),2025,"Existing counting models suffer significant performance degradation when tested on data from unknown scenarios (out-of-distribution data), due to the domain shift problem. In practical applications, it is crucial that the model exhibits robust generalization capability without relying on the target domain. This study proposes a novel domain generalization network, GFCount, which involves an innovative meta-learning strategy that leverages graphs to capture the inter-image relevance, thereby facilitating the partitioning of data into pseudo-source and pseudo-target domains. Furthermore, to strengthen the distinction between domain-relevant and domain-invariant features, we devise a feature disentanglement method that integrates style normalization with memory spaces. Finally, we formulate a tailored counting loss function specifically designed for domain generalization, aiming to disentangle features and enhance the quality of the generated density maps. Compared with the advanced approaches, GFCount achieves state-of-the-art results on three public benchmarks, with counting errors on SHB→SHA significantly decreasing by 14.2%.",10.1109/ICME59968.2025.11209513,https://ieeexplore.ieee.org/stamp/stamp.jsp?arnumber=11209513,Graph-based meta-learning;domain-invariant;domain generalization;crowd counting,,,removed,no,no,no,no
How Does Distribution Matching Help Domain Generalization: An Information-Theoretic Analysis,Y. Dong; T. Gong; H. Chen; S. Song; W. Zhang; C. Li,IEEE Transactions on Information Theory,2025,"Domain generalization aims to learn invariance across multiple source domains, thereby enhancing generalization against out-of-distribution data. While gradient or representation matching algorithms have achieved remarkable success in domain generalization, these methods generally lack generalization guarantees or depend on strong assumptions, leaving a gap in understanding the underlying mechanism of distribution matching. In this work, we formulate domain generalization from a novel probabilistic perspective, ensuring robustness while avoiding overly conservative solutions. Through comprehensive information-theoretic analysis, we provide key insights into the roles of gradient and representation matching in promoting generalization. Our results reveal the complementary relationship between these two components, indicating that existing works focusing solely on either gradient or representation alignment are insufficient to solve the domain generalization problem. In light of these theoretical findings, we introduce IDM to simultaneously align the inter-domain gradients and representations. Integrated with the proposed PDM method for complex distribution matching, IDM achieves superior performance over various baseline methods.",10.1109/TIT.2025.3531136,https://ieeexplore.ieee.org/stamp/stamp.jsp?arnumber=10844895,Information theory;domain generalization;generalization analysis;distribution matching,2.0,yes,moved,no,no,no,no
How Image Corruption and Perturbation Affect Out-of-Distribution Generalization and Calibration,K. Tada; H. Naganuma,2023 International Joint Conference on Neural Networks (IJCNN),2023,"In scenarios such as people-flow analysis and autonomous driving using camera footage, the performance of deep neural networks can be impacted by environmental changes such as the degradation of the camera lenses over time and changes in weather conditions. Understanding the impact of environmental changes on model performance is critical to the safe use of the model but has not been systematically investigated. In this study, we cast environmental changes as distribution shifts in the data and tackle the out-of-distribution generalization problem. In particular, we investigate the impact of performance degradation and uncertainty estimation under more than 30 distribution shifts considered in real-world applications. Our experimental results show that there is a correlation between classification accuracy and uncertainty in out-of-distribution environments. Furthermore, it is suggested that uncertainty calibration is not necessarily effective in environments where severe corruption occurs. We believe these findings will contribute to the safe use of the model in the real world.",10.1109/IJCNN54540.2023.10191806,https://ieeexplore.ieee.org/stamp/stamp.jsp?arnumber=10191806,out-of-distribution generalization;uncertainty;calibration,,yes,moved,no,no,no,yes
Hierarchical Planning Through Goal-Conditioned Offline Reinforcement Learning,J. Li; C. Tang; M. Tomizuka; W. Zhan,IEEE Robotics and Automation Letters,2022,"Offline Reinforcement learning (RL) has shown potent in many safe-critical tasks in robotics where exploration is risky and expensive. However, it still struggles to acquire skills in temporally extended tasks. In this paper, we study the problem of offline RL for temporally extended tasks. We propose a hierarchical planning framework, consisting of a low-level goal-conditioned RL policy and a high-level goal planner. The low-level policy is trained via offline RL. We improve the offline training to deal with out-of-distribution goals by a perturbed goal sampling process. The high-level planner selects intermediate sub-goals by taking advantages of model-based planning methods. It plans over future sub-goal sequences based on the learned value function of the low-level policy. We adopt a Conditional Variational Autoencoder to sample meaningful high-dimensional sub-goal candidates and to solve the high-level long-term strategy optimization problem. We evaluate our proposed method in long-horizon driving and robot navigation tasks. Experiments show that our method outperforms baselines with different hierarchical designs and other regular planners without hierarchy in these complex tasks.",10.1109/LRA.2022.3190100,https://ieeexplore.ieee.org/stamp/stamp.jsp?arnumber=9826807,Integrated planning and learning;reinforcement learning;autonomous agents,30.0,,removed,no,no,no,no
Adapt Your Teacher: Improving Knowledge Distillation for Exemplar-free Continual Learning,F. Szatkowski; M. Pyla; M. Przewięźlikowski; S. Cygert; B. Twardowski; T. Trzciński,2023 IEEE/CVF International Conference on Computer Vision Workshops (ICCVW),2023,"In this work, we investigate exemplar-free class incremental learning (CIL) with knowledge distillation (KD) as a regularization strategy, aiming to prevent forgetting. KD-based methods are successfully used in CIL, but they often struggle to regularize the model without access to exemplars of the training data from previous tasks. Our analysis reveals that this issue originates from substantial representation shifts in the teacher network when dealing with out-of-distribution data. This causes large errors in the KD loss component, leading to performance degradation in CIL. Inspired by recent test-time adaptation methods, we introduce Teacher Adaptation (TA), a method that concurrently updates the teacher and the main model during incremental training. Our method seamlessly integrates with KD-based CIL approaches and allows for consistent enhancement of their performance across multiple exemplar-free CIL benchmarks.",10.1109/ICCVW60793.2023.00377,https://ieeexplore.ieee.org/stamp/stamp.jsp?arnumber=10350907,exemplar free continual learning;knowledge distillation;class incremental learning,3.0,no,yes,no,no,no,yes
Hyperdimensional Feature Fusion for Out-of-Distribution Detection,S. Wilson; T. Fischer; N. Sünderhauf; F. Dayoub,2023 IEEE/CVF Winter Conference on Applications of Computer Vision (WACV),2023,"We introduce powerful ideas from Hyperdimensional Computing into the challenging field of Out-of-Distribution (OOD) detection. In contrast to most existing works that perform OOD detection based on only a single layer of a neural network, we use similarity-preserving semi-orthogonal projection matrices to project the feature maps from multiple layers into a common vector space. By repeatedly applying the bundling operation ⊕, we create expressive class-specific descriptor vectors for all in-distribution classes. At test time, a simple and efficient cosine similarity calculation between descriptor vectors consistently identifies OOD samples with competitive performance to the current state-of-the-art whilst being significantly faster. We show that our method is orthogonal to recent state-of-the-art OOD detectors and can be combined with them to further improve upon the performance.",10.1109/WACV56688.2023.00267,https://ieeexplore.ieee.org/stamp/stamp.jsp?arnumber=10030789,Algorithms: Image recognition and understanding (object detection;categorization;segmentation),13.0,yes,moved,no,no,no,no
Bayesian Deep Learning Detection of Anomalies and Failure: Application To Medical Images,G. Carannante; N. C. Bouaynaya,2023 IEEE 33rd International Workshop on Machine Learning for Signal Processing (MLSP),2023,"Deep learning models trained solely on in-distribution data may not generalize well to anomalous data and may exhibit high confidence in incorrect predictions, leading to significant consequences in safety-critical applications such as medical diagnosis or autonomous driving. It is important for these models to be able to handle anomalous or Out-of-Distribution (OOD) data which are prevalent in many real-world scenarios. In this work, we leverage the predictive variance, i.e., second-order moment of the predictive distribution, of Bayesian models to identify anomalous data points. We test our anomaly and misclassification mechanism on medical image datasets and compare the detection performance of several Bayesian frameworks under various distributional shifts, i.e., noisy conditions, adversarial attacks and OOD data.",10.1109/MLSP55844.2023.10285922,https://ieeexplore.ieee.org/stamp/stamp.jsp?arnumber=10285922,Anomaly Detection;Bayesian Deep Learning;Failure Detetction;Predictive Variance,,yes,no,no,no,no,no
How Generalizable is My Behavior Cloning Policy? A Statistical Approach to Trustworthy Performance Evaluation,J. A. Vincent; H. Nishimura; M. Itkina; P. Shah; M. Schwager; T. Kollar,IEEE Robotics and Automation Letters,2024,"With the rise of stochastic generative models in robot policy learning, end-to-end visuomotor policies are increasingly successful at solving complex tasks by learning from human demonstrations. Nevertheless, since real-world evaluation costs afford users only a small number of policy rollouts, it remains a challenge to accurately gauge the performance of such policies. This is exacerbated by distribution shifts causing unpredictable changes in performance during deployment. To rigorously evaluate behavior cloning policies, we present a framework that provides a tight lower-bound on robot performance in an arbitrary environment, using a minimal number of experimental policy rollouts. Notably, by applying the standard stochastic ordering to robot performance distributions, we provide a worst-case bound on the entire distribution of performance (via bounds on the cumulative distribution function) for a given task. We build upon established results to ensure that the bounds hold with a user-specified confidence level and tightness, and are constructed from as few policy rollouts as possible. In experiments we evaluate policies for visuomotor manipulation in both simulation and hardware. Specifically, we i) empirically validate the guarantees of the bounds in simulated manipulation settings, ii) find the degree to which a learned policy deployed on hardware generalizes to new real-world environments, and iii) rigorously compare two policies tested out-of-distribution. Our data, code, and implementation of confidence bounds are open-source.",10.1109/LRA.2024.3445635,https://ieeexplore.ieee.org/stamp/stamp.jsp?arnumber=10638686,Performance evaluation and benchmarking;probability and statistical methods;learning from demonstration;AI-enabled robotics,1.0,,removed,no,no,no,yes
Hypernetwork Design for Self-Supervised Domain Adaptation in Compressive Sensing MRI Reconstruction,L. Thomas; J. Zacharias,"2025 IEEE 6th International Conference on Image Processing, Applications and Systems (IPAS)",2025,"This paper presents a novel hypernetwork design for self-supervised domain adaptation in compressed sensing MRI (CS-MRI) reconstruction. Unlike conventional models, which often fail to generalize across distribution shifts in MRI data, our hypernetwork generates task-specific parameters for a primary reconstruction network based on learned regularization weights, dynamically adjusting to new test data. Leveraging test-time training (TTT), our hypernetwork significantly improves reconstruction accuracy on previously unseen data distributions. Evaluations using the fastMRI dataset demonstrate a notable gain in Peak Signal-to-Noise Ratio (PSNR) by 3.6 dB and Structural Similarity Index (SSIM) by 0.05 over baseline models, such as U-Net and VarNet, especially in out-of-distribution settings.",10.1109/IPAS63548.2025.10924531,https://ieeexplore.ieee.org/stamp/stamp.jsp?arnumber=10924531,Hypernetwork;MRI Reconstruction;Self-Supervised Learning;Domain Adaptation;Test-Time Training;Compressed Sensing,,yes,moved,no,no,no,no
Improving Diversity with Adversarially Learned Transformations for Domain Generalization,T. Gokhale; R. Anirudh; J. J. Thiagarajan; B. Kailkhura; C. Baral; Y. Yang,2023 IEEE/CVF Winter Conference on Applications of Computer Vision (WACV),2023,"To be successful in single source domain generalization (SSDG), maximizing diversity of synthesized domains has emerged as one of the most effective strategies. Recent success in SSDG comes from methods that pre-specify diversity inducing image augmentations during training, so that it may lead to better generalization on new domains. However, naïve pre-specified augmentations are not always effective, either because they cannot model large domain shift, or be-cause the specific choice of transforms may not cover the types of shift commonly occurring in domain generalization. To address this issue, we present a novel framework called ALT: adversarially learned transformations, that uses an adversary neural network to model plausible, yet hard image transformations that fool the classifier. ALT learns image transformations by randomly initializing the adversary net-work for each batch and optimizing it for a fixed number of steps to maximize classification error. The classifier is trained by enforcing a consistency between its predictions on the clean and transformed images. With extensive empirical analysis, we find that this new form of adversarial transformations achieves both objectives of diversity and hardness simultaneously, outperforming all existing techniques on competitive benchmarks for SSDG. We also show that ALT can seamlessly work with existing diversity modules to produce highly distinct, and large transformations of the source domain leading to state-of-the-art performance. Code: https://github.com/tejas-gokhale/ALT",10.1109/WACV56688.2023.00051,https://ieeexplore.ieee.org/stamp/stamp.jsp?arnumber=10030875,Algorithms: Machine learning architectures;formulations;and algorithms (including transfer),26.0,yes,moved,no,no,no,no
Improving Generalization with Domain Convex Game,F. Lv; J. Liang; S. Li; J. Zhang; D. Liu,2023 IEEE/CVF Conference on Computer Vision and Pattern Recognition (CVPR),2023,"Domain generalization (DG) tends to alleviate the poor generalization capability of deep neural networks by learning model with multiple source domains. A classical solution to DG is domain augmentation, the common belief of which is that diversifying source domains will be conducive to the out-of-distribution generalization. However, these claims are understood intuitively, rather than mathematically. Our explorations empirically reveal that the correlation between model generalization and the diversity of domains may be not strictly positive, which limits the effectiveness of domain augmentation. This work therefore aim to guarantee and further enhance the validity of this strand. To this end, we propose a new perspective on DG that recasts it as a convex game between domains. We first encourage each diversified domain to enhance model generalization by elaborately designing a regularization term based on supermodularity. Meanwhile, a sample filter is constructed to eliminate low-quality samples, thereby avoiding the impact of potentially harmful information. Our framework presents a new avenue for the formal analysis of DG, heuristic analysis and extensive experiments demonstrate the rationality and effectiveness.11Code is available at “https://github.com/BIT-DA/DCG”.",10.1109/CVPR52729.2023.02329,https://ieeexplore.ieee.org/stamp/stamp.jsp?arnumber=10203134,Transfer;meta;low-shot;continual;or long-tail learning,4.0,yes,moved,no,no,no,no
Improving Normalizing Flows with the Approximate Mass for Out-of-Distribution Detection,S. Chali; I. Kucher; M. Duranton; J. -O. Klein,2023 IEEE/CVF Conference on Computer Vision and Pattern Recognition Workshops (CVPRW),2023,"Normalizing flows are generative models that show poor performance on out-of-distribution (OOD) detection tasks with a likelihood-based test. In this study we focus on the ""approximate mass"" metric. We show that while it improves OOD detection performance, it has limitations under a maximum likelihood training. To solve this limitation we modify the training objective by incorporating the approximate mass. It smooths the learnt distribution in the vicinity of training in-distribution data. We measure an average of 97.6% AUROC in our experiments on different benchmarks, showing an improvement of 16% with respect to the best baseline we tested against.",10.1109/CVPRW59228.2023.00082,https://ieeexplore.ieee.org/stamp/stamp.jsp?arnumber=10208660,,6.0,yes,moved,no,no,no,no
Improving Self-Supervised Learning for Out-Of-Distribution Task via Auxiliary Classifier,H. Boonlia; T. Dam; M. M. Ferdaus; S. G. Anavatti; A. Mullick,2022 IEEE International Conference on Image Processing (ICIP),2022,"In real world scenarios, out-of-distribution (OOD) datasets may have a large distributional shift from training datasets. This phenomena generally occurs when a trained classifier is deployed on varying dynamic environments, which causes a significant drop in performance. To tackle this issue, we are proposing an end-to-end deep multi-task network in this work. Observing a strong relationship between rotation prediction (self-supervised) accuracy and semantic classification accuracy on OOD tasks, we introduce an additional auxiliary classification head in our multi-task network along with semantic classification and rotation prediction head. To observe the influence of this addition classifier in improving the rotation prediction head, our proposed learning method is framed into bi-level optimisation problem where the upper-level is trained to update the parameters for semantic classification and rotation prediction head. In the lower-level optimisation, only the auxiliary classification head is updated through semantic classification head by fixing the parameters of the semantic classification head. The proposed method has been validated through three unseen OOD datasets where it exhibits a clear improvement in semantic classification accuracy than other two baseline methods. Our code is available on GitHub https://github.com/harshita-555/OSSL",10.1109/ICIP46576.2022.9898059,https://ieeexplore.ieee.org/stamp/stamp.jsp?arnumber=9898059,out of distribution;self-supervised learning;auxiliary classifier,2.0,yes,moved,no,no,no,yes
Identification of Systematic Errors of Image Classifiers on Rare Subgroups,J. H. Metzen; R. Hutmacher; N. G. Hua; V. Boreiko; D. Zhang,2023 IEEE/CVF International Conference on Computer Vision (ICCV),2023,"Despite excellent average-case performance of many image classifiers, their performance can substantially deteriorate on semantically coherent subgroups of the data that were under-represented in the training data. These systematic errors can impact both fairness for demographic minority groups as well as robustness and safety under domain shift. A major challenge is to identify such subgroups with subpar performance when the subgroups are not annotated and their occurrence is very rare. We leverage recent advances in text-to-image models and search in the space of textual descriptions of subgroups (""prompts"") for sub-groups where the target model has low performance on the prompt-conditioned synthesized data. To tackle the exponentially growing number of subgroups, we employ combinatorial testing. We denote this procedure as PromptAttack as it can be interpreted as an adversarial attack in a prompt space. We study subgroup coverage and identifiability with PromptAttack in a controlled setting and find that it identifies systematic errors with high accuracy. Thereupon, we apply PromptAttack to ImageNet classifiers and identify novel systematic errors on rare subgroups.",10.1109/ICCV51070.2023.00467,https://ieeexplore.ieee.org/stamp/stamp.jsp?arnumber=10376736,,10.0,,removed,no,no,no,no
Identifying Semantic Component for Robust Molecular Property Prediction,Z. Li; Z. Xu; R. Cai; Z. Yang; Y. Yan; Z. Hao; G. Chen; K. Zhang,IEEE Transactions on Pattern Analysis and Machine Intelligence,2025,"Although graph neural networks have achieved great success in the task of molecular property prediction in recent years, their generalization ability under out-of-distribution (OOD) settings is still under-explored. Most of the existing methods rely on learning discriminative representations for prediction, often assuming that the underlying semantic components are correctly identified. However, this assumption does not always hold, leading to potential misidentifications that affect model robustness. Different from these discriminative-based methods, we propose a generative model to ensure the Semantic-Components Identifiability, named SCI. We demonstrate that the latent variables in this generative model can be explicitly identified into semantic-relevant (SR) and semantic-irrelevant (SI) components, which contributes to better OOD generalization by involving minimal change properties of causal mechanisms. Specifically, we first formulate the data generation process from the atom level to the molecular level, where the latent space is split into SI substructures, SR substructures, and SR atom variables. Sequentially, to reduce misidentification, we restrict the minimal changes of the SR atom variables and add a semantic latent substructure regularization to mitigate the variance of the SR substructure under augmented domain changes. Under mild assumptions, we prove the block-wise identifiability of the SR substructure and the comment-wise identifiability of SR atom variables. Experimental studies achieve state-of-the-art performance and show general improvement on 21 datasets in 3 mainstream benchmarks. Moreover, the visualization results of the proposed SCI method provide insightful case studies and explanations for the prediction results.",10.1109/TPAMI.2025.3598461,https://ieeexplore.ieee.org/stamp/stamp.jsp?arnumber=11123751,Molecular property prediction;causal generation process;identification;graph out-of-distribution (OOD),1.0,,removed,no,no,no,no
IMGTP: A Unified Framework for Improving and Measuring the Generalizability of Trajectory Prediction Models,L. Ye; Z. Zhou; J. Wang; Y. -H. Li; N. -Y. Jan; Y. -R. Lin; Y. -C. Lin,IEEE Transactions on Intelligent Vehicles,2024,"Accurately predicting nearby agents' future trajectories is fundamental for ensuring the safety and efficiency of autonomous driving. However, existing learning-based trajectory prediction models struggle with poor generalization to out-of-distribution (OOD) scenes, potentially leading to failed predictions in real-world applications. To tackle this challenge, we introduce IMGTP, a unified framework for systematically evaluating, improving, and measuring the generalization performance of trajectory prediction models in OOD scenes. IMGTP consists of three primary components: the Argoverse-Shift dataset, the Frenét+ strategy, and an approach for OOD measurement. First, the Argoverse-Shift is a cross-domain dataset that highlights the significant differences in data distributions across domains, serving as a testing platform for models' generalization ability. Second, the Frenét+ strategy leverages map centerlines and the Frenét Frame to enhance the generalizability of baseline models by mitigating the domain gap resulting from road geometry variations. Third, we provide a comprehensive evaluation methodology for OOD measurement, quantifying the range of data that can be effectively handled by prediction models. This measurement approach employs the accuracy rate of the correctly predicted samples and their corresponding mean distance as well as standard deviation to the training set center as indicators of the model's generalization ability. The mean distance also serves as a valid criterion for OOD detection and uncertainty quantification. Experimental results demonstrate that our IMGTP framework enhances the generalization capability of mainstream trajectory prediction models by substantially improving their prediction performance in unseen domains. This advancement contributes to developing more robust and safer prediction models for autonomous driving in the real world.",10.1109/TIV.2024.3364714,https://ieeexplore.ieee.org/stamp/stamp.jsp?arnumber=10436695,Trajectory prediction;autonomous driving;out-of-distribution;distribution shift problem;Frenét frame,,,removed,no,yes,no,no
Improving Test-Time Adaptation For Histopathology Image Segmentation: Gradient-To-Parameter Ratio Guided Feature Alignment,E. T. Chroni; K. M. Dafnis; G. Chantzialexiou; E. Cosatto; D. Metaxas,2024 IEEE International Symposium on Biomedical Imaging (ISBI),2024,"In the field of histopathology, computer-aided systems face significant challenges due to diverse domain shifts. They include variations in tissue source organ, preparation and scanning protocols. These domain shifts can significantly impact algorithms’ performance in histopathology tasks, such as cancer segmentation. In this paper, we address this problem by proposing a new multi-task extension of test-time adaptation (TTA) for simultaneous semantic, and instance segmentation of nuclei. First, to mitigate domain shifts during testing, we use a feature alignment TTA method, through which we adapt the feature vectors of the target data based on the feature vectors’ statistics derived from the source data. Second, the ratio of Gradient norm to Parameter norm (G2P) is proposed to guide the feature alignment procedure. Our approach requires a pre-trained model on the source data, without requiring access to the source dataset during TTA. This is particularly crucial in medical applications where access to training data may be restricted due to privacy concerns or patient consent. Through experimental validation, we demonstrate that the proposed method consistently yields competitive results when applied to out-of-distribution data across multiple datasets.",10.1109/ISBI56570.2024.10635451,https://ieeexplore.ieee.org/stamp/stamp.jsp?arnumber=10635451,Histopathology;Instance Segmentation;Semantic Segmentation;Test Time Adaptation,,yes,moved,no,no,no,yes
Inductive Conformal Out-of-distribution Detection based on Adversarial Autoencoders,F. Cai; A. I. Ozdagli; N. Potteiger; X. Koutsoukos,2021 IEEE International Conference on Omni-Layer Intelligent Systems (COINS),2021,"Machine learning components are used extensively to cope with various complex tasks in highly-uncertain environments. However, Out-Of-Distribution (OOD) data may lead to predictions with large errors and degrade performance considerably. This paper first introduces different types of OOD data and then presents an approach for OOD detection for classification problems efficiently. Our approach utilizes an Adversarial Autoencoder (AAE) for representing the training distribution and Inductive Conformal Anomaly Detection (ICAD) for online detecting OOD high-dimensional data. Experimental results using several datasets demonstrate that the approach can detect various types of OOD data with a small number of false alarms. Moreover, the execution time is very short, allowing for online detection.",10.1109/COINS51742.2021.9524167,https://ieeexplore.ieee.org/stamp/stamp.jsp?arnumber=9524167,Out-of-distribution detection;Machine learning components for classification;Adversarial autoencoder;Inductive conformal anomaly detection,1.0,yes,moved,no,no,no,no
Inference Stage Denoising for Undersampled MRI Reconstruction,Y. Xue; C. Qin; S. A. Tsaftaris,2024 IEEE International Symposium on Biomedical Imaging (ISBI),2024,"Reconstruction of magnetic resonance imaging (MRI) data has been positively affected by deep learning. A key challenge still remains: to improve generalisation to distribution shifts between the training and testing data. Most approaches aim to address this via inductive design or data augmentation. However, they can be affected by misleading data, e.g. random noise, and cases where the inference stage data do not match assumptions in the modelled shifts. In this work, by employing a conditional hyperparameter network, we eliminate the need of augmentation, yet maintain robust performance under various levels of Gaussian noise. We demonstrate that our model withstands various input noise levels while producing high-quality reconstructions during the inference stage. Moreover, we present a hyperparameter sampling strategy that accelerates the convergence of training. Our proposed method achieves the highest accuracy and image quality in all settings compared to baseline methods.",10.1109/ISBI56570.2024.10635766,https://ieeexplore.ieee.org/stamp/stamp.jsp?arnumber=10635766,MRI Reconstruction;Out-of-Distribution Generalisation;Test Time Generalisation,,yes,moved,no,no,no,no
Improving Out-of-Distribution Generalization in Graphs via Hierarchical Semantic Environments,Y. Piao; S. Lee; Y. Lu; S. Kim,2024 IEEE/CVF Conference on Computer Vision and Pattern Recognition (CVPR),2024,"Out-of-distribution (OOD) generalization in the graph domain is challenging due to complex distribution shifts and a lack of environmental contexts. Recent methods attempt to enhance graph OOD generalization by generating flat environments. However, such flat environments come with inherent limitations to capture more complex data distributions. Considering the DrugOOD dataset, which contains diverse training environments (e.g., scaffold, size, etc.), flat contexts cannot sufficiently address its high heterogeneity. Thus, a new challenge is posed to generate more seman-tically enriched environments to enhance graph invariant learning for handling distribution shifts. In this paper, we propose a novel approach to generate hierarchical seman-tic environments for each graph. Firstly, given an input graph, we explicitly extract variant subgraphs from the in-put graph to generate proxy predictions on local environ-ments. Then, stochastic attention mechanisms are employed to re-extract the subgraphs for regenerating global environ-ments in a hierarchical manner. In addition, we introduce a new learning objective that guides our model to learn the diversity of environments within the same hierarchy while maintaining consistency across different hierarchies. This approach enables our model to consider the relationships between environments and facilitates robust graph invariant learning. Extensive experiments on real-world graph data have demonstrated the effectiveness of our framework. Par-ticularly, in the challenging dataset DrugOOD, our method achieves up to 1.29% and 2.83% improvement over the best baselines on IC50 and EC50 prediction tasks, respectively.",10.1109/CVPR52733.2024.02609,https://ieeexplore.ieee.org/stamp/stamp.jsp?arnumber=10656014,Out-of-Distribution Generalization;Graph Neural Networks;Molecular Representation Learning,2.0,,removed,no,no,no,yes
Improving Selective Visual Question Answering by Learning from Your Peers,C. Dancette; S. Whitehead; R. Maheshwary; R. Vedantam; S. Scherer; X. Chen; M. Cord; M. Rohrbach,2023 IEEE/CVF Conference on Computer Vision and Pattern Recognition (CVPR),2023,"Despite advances in Visual Question Answering (VQA), the ability of models to assess their own correctness remains under-explored. Recent work has shown that VQA models, out-of-the-box, can have difficulties abstaining from answering when they are wrong. The option to abstain, also called Selective Prediction, is highly relevant when deploying systems to users who must trust the system's output (e.g., VQA assistants for users with visual impairments). For such scenarios, abstention can be especially important as users may provide out-of-distribution (OOD) or adversarial inputs that make incorrect answers more likely. In this work, we explore Selective VQA in both in-distribution (ID) and OOD scenarios, where models are presented with mixtures of ID and OOD data. The goal is to maximize the number of questions answered while minimizing the risk of error on those questions. We propose a simple yet effective Learning from Your Peers (LYP) approach for training multimodal selection functions for making abstention decisions. Our approach uses predictions from models trained on distinct subsets of the training data as targets for optimizing a Selective VQA model. It does not require additional manual labels or held-out data and provides a signal for identifying examples that are easy/difficult to generalize to. In our extensive evaluations, we show this benefits a number of models across different architectures and scales. Overall, for ID, we reach 32.92% in the selective prediction metric coverage at 1 % risk of error $(\mathcal{C} {@} 1\%)$ which doubles the previous best coverage of 15.79% on this task. For mixed ID/OOD, using models' softmax confidences for abstention decisions performs very poorly, answering <5% of questions at 1 % risk of error even when faced with only 10% OOD examples, but a learned selection function with LYP can increase that to 25.38% $\mathcal{C}$@1%.",10.1109/CVPR52729.2023.02303,https://ieeexplore.ieee.org/stamp/stamp.jsp?arnumber=10204645,Vision;language;and reasoning,8.0,,removed,no,no,no,no
COCOA: Context-Conditional Adaptation for Recognizing Unseen Classes in Unseen Domains,P. Mangla; S. Chandhok; V. N. Balasubramanian; F. Shahbaz Khan,2022 IEEE/CVF Winter Conference on Applications of Computer Vision (WACV),2022,"Recent progress towards designing models that can generalize to unseen domains (i.e domain generalization) or unseen classes (i.e zero-shot learning) has embarked interest towards building models that can tackle both domain-shift and semantic shift simultaneously (i.e zero-shot domain generalization). For models to generalize to unseen classes in unseen domains, it is crucial to learn feature representation that preserves class-level (domain-invariant) as well as domain-specific information. Motivated from the success of generative zero-shot approaches, we propose a feature generative framework integrated with a COntext COnditional Adaptive (COCOA) Batch-Normalization layer to seamlessly integrate class-level semantic and domain-specific information. The generated visual features better capture the underlying data distribution enabling us to generalize to unseen classes and domains at test-time. We thoroughly evaluate our approach on established large-scale benchmarks – DomainNet, DomainNet-LS (Limited Sources) – as well as a new CUB-Corruptions benchmark, and demonstrate promising performance over baselines and state-of-the-art methods. We show detailed ablations and analysis to verify that our proposed approach indeed allows us to generate better quality visual features relevant for zero-shot domain generalization.",10.1109/WACV51458.2022.00168,https://ieeexplore.ieee.org/stamp/stamp.jsp?arnumber=9706785,Transfer;Few-shot;Semi- and Un- supervised Learning Deep Learning,2.0,no,yes,no,no,no,yes
Interpretable Detection of Distribution Shifts in Learning Enabled Cyber-Physical Systems,Y. Yang; R. Kaur; S. Dutta; I. Lee,2022 ACM/IEEE 13th International Conference on Cyber-Physical Systems (ICCPS),2022,"The use of learning based components in cyber-physical systems (CPS) has created a gamut of possible avenues to use high dimensional real world signals generated from sensors like camera and LiDAR. The ability to process such signals can be largely attributed to the adoption of high-capacity function approximators like deep neural networks. However, this does not come without its potential perils. The pitfalls arise from possible over-fitting, and subsequent unsafe behavior when exposed to unknown environments. One challenge is that, in high dimensional input spaces it is almost impossible to experience enough training data in the design phase. What is required here, is an efficient way to flag out-of-distribution (OOD) samples that is precise enough to not raise too many false alarms. In addition, the system needs to be able to detect these in a computationally efficient manner at runtime. In this paper, our proposal is to build good representations for in-distribution data. We introduce the idea of a memory bank to store prototypical samples from the input space. We use these memories to compute probability density estimates using kernel density estimation techniques. We evaluate our technique on two challenging scenarios : a self-driving car setting implemented inside the simulator CARLA with image inputs, and an autonomous racing car navigation setting, with LiDAR inputs. In both settings, it was observed that a deviation from indistribution setting can potentially lead to deviation from safe behavior. An added benefit of using training samples as memories to detect out-of-distribution inputs is that the system is interpretable to a human operator. Explanation of this nature is generally hard to obtain from pure deep learning based alter-natives. Our code for reproducing the experiments is available at https://github.com/yangy96/interpretable_ood_detection.git",10.1109/ICCPS54341.2022.00027,https://ieeexplore.ieee.org/stamp/stamp.jsp?arnumber=9797620,anomalous inputs;autonomy;safety;vision;perception systems,9.0,yes,moved,no,no,no,no
Improving the Generalizability of Trajectory Prediction Models with Frenét-Based Domain Normalization,L. Ye; Z. Zhou; J. Wang,2023 IEEE International Conference on Robotics and Automation (ICRA),2023,"Predicting the future trajectories of robots' nearby objects plays a pivotal role in applications such as autonomous driving. While learning-based trajectory prediction methods have achieved remarkable performance on public benchmarks, the generalization ability of these approaches remains questionable. The poor generalizability on unseen domains, a well-recognized defect of data-driven approaches, can potentially harm the real-world performance of trajectory prediction models. We are thus motivated to improve models' generalization ability instead of merely pursuing high accuracy on average. Due to the lack of benchmarks for quantifying the generalization ability of trajectory predictors, we first construct a new benchmark called argoverse-shift, where the data distributions of domains are significantly different. Using this benchmark for evaluation, we identify that the domain shift problem seriously hinders the generalization of trajectory predictors since state-of-the-art approaches suffer from severe performance degradation when facing those out-of-distribution scenes. To enhance the robustness of models against domain shift problem, we propose a plug-and-play strategy for domain normalization in trajectory prediction. Our strategy utilizes the Frenét coordinate frame for modeling and can effectively narrow the domain gap of different scenes caused by the variety of road geometry and topology. Experiments show that our strategy noticeably boosts the prediction performance of the state-of-the-art in domains that were previously unseen to the models, thereby improving the generalization ability of data-driven trajectory prediction methods.",10.1109/ICRA48891.2023.10160788,https://ieeexplore.ieee.org/stamp/stamp.jsp?arnumber=10160788,,10.0,,removed,no,no,no,no
In Search of Deep Learning Architectures for Load Forecasting: A Comparative Analysis and the Impact of the Covid-19 Pandemic on Model Performance,S. Pelekis; E. Karakolis; F. Silva; V. Schoinas; S. Mouzakitis; G. Kormpakis; N. Amaro; J. Psarras,"2022 13th International Conference on Information, Intelligence, Systems & Applications (IISA)",2022,"In power grids, short-term load forecasting (STLF) is crucial as it contributes to the optimization of their reliability, emissions, and costs, while it enables the participation of energy companies in the energy market. STLF is a challenging task, due to the complex demand of active and reactive power from multiple types of electrical loads and their dependence on numerous exogenous variables. Amongst them, special circumstances-such as the COVID-19 pandemic-can often be the reason behind distribution shifts of load series. This work conducts a comparative study of Deep Learning (DL) architectures-namely Neural Basis Expansion Analysis Time Series Forecasting (N-BEATS), Long Short-Term Memory (LSTM), and Temporal Convolutional Networks (TCN)-with respect to forecasting accuracy and training sustainability, meanwhile examining their out-of-distribution generalization capabilities during the COVID-19 pandemic era. A Pattern Sequence Forecasting (PSF) model is used as baseline. The case study focuses on day-ahead forecasts for the Portuguese nationa115-minute resolution net load time series. The results can be leveraged by energy companies and network operators (i) to reinforce their forecasting toolkit with state-of-the-art DL models; (ii) to become aware of the serious consequences of crisis events on model performance; (iii) as a high-level model evaluation, deployment, and sustainability guide within a smart grid context.",10.1109/IISA56318.2022.9904363,https://ieeexplore.ieee.org/stamp/stamp.jsp?arnumber=9904363,COVID-19;Deep Learning;LSTM;MLOps;NBEATS;Out-of-Distribution Generalization;Short-Term Load Forecasting;Smart Grid;Sustainability;Temporal Convolution;Forecasting,10.0,,removed,no,no,no,no
Individual and Structural Graph Information Bottlenecks for Out-of-Distribution Generalization,L. Yang; J. Zheng; H. Wang; Z. Liu; Z. Huang; S. Hong; W. Zhang; B. Cui,IEEE Transactions on Knowledge and Data Engineering,2024,"Out-of-distribution (OOD) graph generalization are critical for many real-world applications. Existing methods neglect to discard spurious or noisy features of inputs, which are irrelevant to the label. Besides, they mainly conduct instance-level class-invariant graph learning and fail to utilize the structural class relationships between graph instances. In this work, we endeavor to address these issues in a unified framework, dubbed Individual and Structural Graph Information Bottlenecks (IS-GIB). To remove class spurious feature caused by distribution shifts, we propose Individual Graph Information Bottleneck (I-GIB) which discards irrelevant information by minimizing the mutual information between the input graph and its embeddings. To leverage the structural intra- and inter-domain correlations, we propose Structural Graph Information Bottleneck (S-GIB). Specifically for a batch of graphs with multiple domains, S-GIB first computes the pair-wise input-input, embedding-embedding, and label-label correlations. Then it minimizes the mutual information between input graph and embedding pairs while maximizing the mutual information between embedding and label pairs. The critical insight of S-GIB is to simultaneously discard spurious features and learn invariant features from a high-order perspective by maintaining class relationships under multiple distributional shifts. Notably, we unify the proposed I-GIB and S-GIB to form our complementary framework IS-GIB. Extensive experiments conducted on both node- and graph-level tasks consistently demonstrate the superior generalization ability of IS-GIB.",10.1109/TKDE.2023.3290792,https://ieeexplore.ieee.org/stamp/stamp.jsp?arnumber=10168296,Graph representation learning;graph neural networks;out-of-distribution generalization,13.0,,removed,no,no,no,yes
Inducing Neural Collapse via Anticlasses and One-Cold Cross-Entropy Loss,D. Katsikas; N. Passalis; A. Tefas,IEEE Transactions on Neural Networks and Learning Systems,2025,"While softmax cross-entropy (CE) loss is the standard objective for supervised classification, it primarily focuses on the ground-truth classes, ignoring the relationships between the nontarget, complementary classes. This leaves valuable information unexploited during optimization. In this work, we propose a novel loss function, one-cold CE (OCCE) loss, which addresses this limitation by structuring the activations of these complementary classes. Specifically, for each class, we define an anticlass, which consists of everything that is not part of the target class—this includes all complementary classes as well as out-of-distribution (OOD) samples, noise, or in general any instance that does not belong to the true class. By setting a uniform one-cold encoded distribution over the complementary classes as a target for each anticlass, we encourage the model to equally distribute activations across all nontarget classes. This approach promotes a symmetric geometric structure of classes in the final feature space, increases the degree of neural collapse (NC) during training, addresses the independence deficit problem of neural networks, and improves generalization. Our extensive evaluation shows that incorporating OCCE loss in the optimization objective consistently enhances performance across multiple settings, including classification, open-set recognition, and OOD detection.",10.1109/TNNLS.2025.3580892,https://ieeexplore.ieee.org/stamp/stamp.jsp?arnumber=11053771,Classification;neural collapse (NC);neural networks;open set recognition;representation learning,,,removed,no,yes,no,yes
Invariant and Sufficient Supervised Representation Learning,J. Zhu; X. Liao; C. Li; Y. Jiao; J. Liu; X. Lu,2023 International Joint Conference on Neural Networks (IJCNN),2023,"Improving the generalization of neural networks under domain shift is an important and challenging task in computer vision. Obtaining an invariant representation across domains is a benchmark method in the literature. In this paper, we propose an invariant and sufficient supervised representation learning (ISSRL) approach to learn a domain invariant representation which is also preserving information used for downstream tasks. To this end, we formulate ISSRL by finding a nonlinear map $\boldsymbol{g}$ such that $Y\perp X\vert \boldsymbol{g}(X)$ and $(Y,\boldsymbol{g}(X))\perp D$ at the population level, where D is the label of the domains and $(X, Y)$ is the paired data sampled from domains with label. We use distance correlation to characterize the (conditional) independence. At the sample level, we construct a novel loss function through an unbiased empirical version of distance correlation. We train the representation map by parameterizing it with deep neural networks. Both simulation study and real data evaluation show that ISSRL outperforms the state-of-the-art on out-of-distribution generalization. The PyTorch code for ISSRL is available at https://github.com/CaC033/ISSRL.",10.1109/IJCNN54540.2023.10191460,https://ieeexplore.ieee.org/stamp/stamp.jsp?arnumber=10191460,domain generalization;representation learning;invariant;sufficient,,yes,moved,no,no,no,yes
Invariant Correlation of Representation With Label,G. Jin; R. Mu; X. Yi; X. Huang; L. Zhang,IEEE Transactions on Information Forensics and Security,2025,"The Invariant Risk Minimization (IRM) approach aims to address the security challenge of out-of-distribution robustness (domain generalization) by training a feature representation that remains invariant across multiple environments. However, in noisy environments, noise can distort invariant features, leading to different environment-specific losses. Current IRM-related methods such as IRMv1 and VREx underperform in these settings because they enforce uniform losses across environments. While environmental noise causes environment-specific losses, it does not alter the fundamental correlation between invariant representations and labels. Based on this observation, we propose ICorr (Invariant Correlation), which leverages this correlation to extract invariant representations in noisy settings. Unlike existing approaches, ICorr accommodates different environment-specific inherent losses while maintaining a necessary condition for identifying IRM classifiers. We present a detailed case study demonstrating why previous methods may lose ground while ICorr can succeed. Through a theoretical lens, particularly from a causality perspective, we illustrate that the invariant correlation of representation with label is a necessary condition for the optimal invariant predictor in noisy environments, where as the optimization motivations for other methods may not be. Furthermore, we empirically demonstrate the effectiveness of ICorr by comparing it with other domain generalization methods on various noisy datasets.",10.1109/TIFS.2025.3562031,https://ieeexplore.ieee.org/stamp/stamp.jsp?arnumber=10969094,IRM;causality;out-of-distribution robustness;noisy environments;natural “attacker”,,yes,moved,no,no,no,no
Inference-Time Policy Steering Through Human Interactions,Y. Wang; L. Wang; Y. Du; B. Sundaralingam; X. Yang; Y. -W. Chao; C. Pérez-D’Arpino; D. Fox; J. Shah,2025 IEEE International Conference on Robotics and Automation (ICRA),2025,"Generative policies trained with human demonstrations can autonomously accomplish multimodal, longhorizon tasks. However, during inference, humans are often removed from the policy execution loop, limiting the ability to guide a pre-trained policy towards a specific sub-goal or trajectory shape among multiple predictions. Naive human intervention may inadvertently exacerbate distribution shift, leading to constraint violations or execution failures. To better align policy output with human intent without inducing out-of-distribution errors, we propose an Inference-Time Policy Steering (ITPS) framework that leverages human interactions to bias the generative sampling process, rather than finetuning the policy on interaction data. We evaluate ITPS across three simulated and real-world benchmarks, testing three forms of human interaction and associated alignment distance metrics. Among six sampling strategies, our proposed stochastic sampling with diffusion policy achieves the best trade-off between alignment and distribution shift. Videos are available at https://yanweiw.github.io/itps/.",10.1109/ICRA55743.2025.11127931,https://ieeexplore.ieee.org/stamp/stamp.jsp?arnumber=11127931,,,,removed,no,no,no,no
Joint Covariate-Alignment and Concept-Alignment: A Framework for Domain Generalization,T. Nguyen; B. Lyu; P. Ishwar; M. Scheutz; S. Aeron,2022 IEEE 32nd International Workshop on Machine Learning for Signal Processing (MLSP),2022,"In this paper, we propose a novel domain generalization (DG) framework based on a new upper bound to the risk on the unseen domain. Particularly, our framework proposes to jointly minimize both the covariate-shift as well as the concept-shift between the seen domains for a better performance on the unseen domain. While the proposed approach can be implemented via an arbitrary combination of covariate-alignment and concept-alignment modules, in this work we use well-established approaches for distributional alignment namely, Maximum Mean Discrepancy (MMD) and covariance Alignment (CORAL), and use an Invariant Risk Minimization (IRM)-based approach for concept alignment. Our numerical results show that the proposed methods perform as well as or better than the state-of-the-art for domain generalization on several data sets.",10.1109/MLSP55214.2022.9943435,https://ieeexplore.ieee.org/stamp/stamp.jsp?arnumber=9943435,Domain generalization;domain alignment;out-of-distribution generalization;distribution shift,5.0,yes,moved,no,no,no,yes
Inhibiting Error Exacerbation in Offline Reinforcement Learning With Data Sparsity,F. Zhang; M. Zhang; W. Chen; S. Wang; X. Zhang; J. Li; Y. Yang,IEEE Transactions on Neural Networks and Learning Systems,2025,"Offline reinforcement learning (RL) aims to learn effective agents from previously collected datasets, facilitating the safety and efficiency of RL by avoiding real-time interaction. However, in practical applications, the approximation error of the out-of-distribution (OOD) state–actions can cause considerable overestimation due to error exacerbation during training, finally degrading the performance. In contrast to prior works that merely addressed the OOD state–actions, we discover that all data introduces estimation error whose magnitude is directly related to data sparsity. Consequently, the impact of data sparsity is inevitable and vital when inhibiting the error exacerbation. In this article, we propose an offline RL approach to inhibit error exacerbation with data sparsity (IEEDS), which includes a novel value estimation method to consider the impact of data sparsity on the training of agents. Specifically, the value estimation phase includes two innovations: 1) replace Q-net with V-net, a smaller and denser state space makes data more concentrated, contributing to more accurate value estimation and 2) introduce state sparsity to the training by design state-aware-sparsity Markov decision process (MDP), further lessening the impact of sparse states. We theoretically prove the convergence of IEEDS under state-aware-sparsity MDP. Extensive experiments on offline RL benchmarks reveal that IEEDS’s superior performance.",10.1109/TNNLS.2025.3615982,https://ieeexplore.ieee.org/stamp/stamp.jsp?arnumber=11197576,Data sparsity;error exacerbation;offline reinforcement learning (RL);overestimation,,,removed,no,no,no,no
Instance-Wise Domain Generalization for Cross-Scene Wetland Classification With Hyperspectral and LiDAR Data,F. Guo; Z. Li; G. Ren; L. Wang; J. Zhang; J. Wang; Y. Hu; M. Yang,IEEE Transactions on Geoscience and Remote Sensing,2025,"Wetland is one of the three ecosystems in the world, and collaborative monitoring using hyperspectral images (HSIs) and light detection and ranging (LiDAR) has been important for wetland ecological protection. However, because of the domain shift of different images, cross-scene wetland classification of HSIs and LiDAR is a practical challenge, necessitating the development of models trained solely on the source domain (SD) and directly transferred to the target domain (TD) without retraining. To address this issue, an instance-wise domain generalization network (IDGnet) is proposed for HSI and LiDAR cross-scene wetland classification. An instance-wise random domain expansion module (IWR-DEM) is developed to simulate the domain shift, establishing the extended domain (ED). Specifically, the original HSI and LiDAR data are separated as semantic and background information in the frequency domain, a random background shift is applied to the HSI, and a semantic random shift is deployed to LiDAR. The HSI and LiDAR fusion features are extracted from the SD and ED by a weight-shared network. Multiple condition constraints are proposed for domain and class alignment, learning the domain-invariant and class-specific information and improving model generalization. Experiments conducted on two wetland datasets demonstrate the superiority of the proposed IDGnet for cross-scene wetland classification with HSI and LiDAR data. The codes will be available from the website: https://github.com/bigshot-g/IEEE_TGRS_IDGnet.",10.1109/TGRS.2024.3519900,https://ieeexplore.ieee.org/stamp/stamp.jsp?arnumber=10806800,Cross-scene wetland classification;domain generalization;hyperspectral image (HSI);light detection and ranging (LiDAR),7.0,,removed,no,no,no,no
Integrating Misidentification and OOD Detection for Reliable Fault Diagnosis of High-Speed Train Bogie,Y. Feng; J. Chen; Z. Xie; J. Xie; T. Pan; C. Li; Q. Zhao,IEEE Transactions on Intelligent Transportation Systems,2024,"Developing a trustworthy framework for intelligent fault diagnosis (IFD) of machines has two major challenges: confidently recognizing known faults and precisely detecting novel faults. However, current IFD frameworks are typically based on the closed-world assumption and tackle the two issues independently, making it hard to meet the expectations of reliable diagnosis in complicated working situations. In this paper, a Pro babilistic framework for  ${M}$ echanical fault diagn ${o}$ sis (ProMo) is proposed to integrate misidentification and out-of-distribution (OOD) detection for high-speed train bogie. ProMo uses variational parameters to capture uncertainties at both the feature and prediction levels, in this way the misclassified and OOD samples with high predictive uncertainty are differentiated. To begin, a Bayesian deep neural network with a hierarchical classifier is built, offering diverse predictions and enabling ensemble uncertainty estimate. Then, a probabilistic null space analysis technique for post hoc OOD detection is presented, in which the magnitude of feature projections indicates the OOD-ness. Additionally, a novel metric assessing classification correctness and prediction reliability simultaneously is proposed. Extensive experiments revealed that ProMo outperforms state-of-the-art methods and achieves reliable fault diagnosis, even in the presence of covariate shift in monitoring data.",10.1109/TITS.2024.3377813,https://ieeexplore.ieee.org/stamp/stamp.jsp?arnumber=10480918,Fault diagnosis;high-speed train bogie;Bayesian learning;out-of-distribution detection;uncertainty estimation,19.0,,removed,no,yes,no,yes
Distill-SODA: Distilling Self-Supervised Vision Transformer for Source-Free Open-Set Domain Adaptation in Computational Pathology,G. Vray; D. Tomar; B. Bozorgtabar; J. -P. Thiran,IEEE Transactions on Medical Imaging,2024,"Developing computational pathology models is essential for reducing manual tissue typing from whole slide images, transferring knowledge from the source domain to an unlabeled, shifted target domain, and identifying unseen categories. We propose a practical setting by addressing the above-mentioned challenges in one fell swoop, i.e., source-free open-set domain adaptation. Our methodology focuses on adapting a pre-trained source model to an unlabeled target dataset and encompasses both closed-set and open-set classes. Beyond addressing the semantic shift of unknown classes, our framework also deals with a covariate shift, which manifests as variations in color appearance between source and target tissue samples. Our method hinges on distilling knowledge from a self-supervised vision transformer (ViT), drawing guidance from either robustly pre-trained transformer models or histopathology datasets, including those from the target domain. In pursuit of this, we introduce a novel style-based adversarial data augmentation, serving as hard positives for self-training a ViT, resulting in highly contextualized embeddings. Following this, we cluster semantically akin target images, with the source model offering weak pseudo-labels, albeit with uncertain confidence. To enhance this process, we present the closed-set affinity score (CSAS), aiming to correct the confidence levels of these pseudo-labels and to calculate weighted class prototypes within the contextualized embedding space. Our approach establishes itself as state-of-the-art across three public histopathological datasets for colorectal cancer assessment. Notably, our self-training method seamlessly integrates with open-set detection methods, resulting in enhanced performance in both closed-set and open-set recognition tasks.",10.1109/TMI.2024.3355645,https://ieeexplore.ieee.org/stamp/stamp.jsp?arnumber=10403873,Histopathological image analysis;colorectal cancer assessment;source-free open-set domain adaptation;self-supervised vision transformer,5.0,no,yes,no,no,no,yes
Distributional Shifts In Automated Diabetic Retinopathy Screening,J. Nandy; W. Hs; M. L. Le,2021 IEEE International Conference on Image Processing (ICIP),2021,"Deep learning-based models are developed to automatically detect if a retina image is ‘referable’ in diabetic retinopathy (DR) screening. However, their classification accuracy degrades as the input images distributionally shift from their training distribution. Further, even if the input is not a retina image, a standard DR classifier produces a high confident prediction that the image is ‘referable’. Our paper presents a Dirichlet Prior Network-based framework to address this issue. It utilizes an out-of-distribution (OOD) detector model and a DR classification model to improve generalizability by identifying OOD images. Experiments on real-world datasets indicate that the proposed framework can eliminate the unknown non-retina images and identify the distributionally shifted retina images for human intervention.",10.1109/ICIP42928.2021.9506635,https://ieeexplore.ieee.org/stamp/stamp.jsp?arnumber=9506635,Distributional Shift;Dirichlet Prior Network;Diabetic Retinopathy Screening;Out-of-distribution,4.0,yes,moved,no,no,no,yes
Learning to Learn Single Domain Generalization,F. Qiao; L. Zhao; X. Peng,2020 IEEE/CVF Conference on Computer Vision and Pattern Recognition (CVPR),2020,"We are concerned with a worst-case scenario in model generalization, in the sense that a model aims to perform well on many unseen domains while there is only one single domain available for training. We propose a new method named adversarial domain augmentation to solve this Out-of-Distribution (OOD) generalization problem. The key idea is to leverage adversarial training to create ""fictitious"" yet ""challenging"" populations, from which a model can learn to generalize with theoretical guarantees. To facilitate fast and desirable domain augmentation, we cast the model training in a meta-learning scheme and use a Wasserstein Auto-Encoder (WAE) to relax the widely used worst-case constraint. Detailed theoretical analysis is provided to testify our formulation, while extensive experiments on multiple benchmark datasets indicate its superior performance in tackling single domain generalization.",10.1109/CVPR42600.2020.01257,https://ieeexplore.ieee.org/stamp/stamp.jsp?arnumber=9157002,,328.0,yes,moved,no,no,no,no
Invariant Factor Graph Neural Networks,Z. Fang; Z. Zhang; G. Song; Y. Zhang; D. Li; J. Hao; X. Wang,2022 IEEE International Conference on Data Mining (ICDM),2022,"Graph neural networks (GNNs) have achieved significant success in numerous fields under settings where training and testing graphs are identically distributed. However, this setting is rarely satisfied in real life. Due to the lack of out-of-distribution (OOD) generalization abilities, existing GNNs methods perform disappointingly when there exist distribution shifts between testing and training graphs. Though several attempts have been made to deal with the issue, they mainly focus on structural properties while overlooking rich graph feature information. To this end, we propose an Invariant Factor GNN (IFGNN), which utilizes causal factor graphs to achieve invariant performances across different environments. Specifically, we dissect the graph generalization problem in a causal view, and argue that the key of graph generalization lies in discovering causal factors. Thus we extract the latent factors in the graph through disentanglement, and the causal ones are discovered with the invariant learning mechanism. We conduct extensive experiments on both synthetic and real-world datasets with distribution shifts to validate the OOD generalization abilities. The results demonstrate that our proposed IFGNN significantly outperforms the state-of-the-art baselines.",10.1109/ICDM54844.2022.00110,https://ieeexplore.ieee.org/stamp/stamp.jsp?arnumber=10027780,graph neural networks;out-of-distribution generalization;invariant learning;disentanglement,8.0,,removed,no,no,no,no
Domain Expansion and Boundary Growth for Open-Set Single-Source Domain Generalization,P. Jiao; N. Zhao; J. Chen; Y. -G. Jiang,IEEE Transactions on Multimedia,2025,"Open-set single-source domain generalization aims to use a single-source domain to learn a robust model that can be generalized to unknown target domains with both domain shifts and label shifts. The scarcity of the source domain and the unknown data distribution of the target domain pose a great challenge for domain-invariant feature learning and unknown class recognition. In this article, we propose a novel learning approach based on domain expansion and boundary growth to expand the scarce source samples and enlarge the boundaries across the known classes that indirectly broaden the boundary between the known and unknown classes. Specifically, we achieve domain expansion by employing both background suppression and style augmentation on the source data to synthesize new samples. Then we force the model to distill consistent knowledge from the synthesized samples so that the model can learn domain-invariant information. Furthermore, we realize boundary growth across classes by using edge maps as an additional modality of samples when training multi-binary classifiers. In this way, it enlarges the boundary between the inliers and outliers, and consequently improves the unknown class recognition during open-set generalization. Extensive experiments show that our approach can achieve significant improvements and reach state-of-the-art performance on several cross-domain image classification datasets.",10.1109/TMM.2025.3535334,https://ieeexplore.ieee.org/stamp/stamp.jsp?arnumber=10855521,Binary classifier;class boundary;domain expansion;edge map;open-set;out of distribution;single-source domain generalization,,yes,no,no,no,no,no
Enhancing Semi-Supervised Learners via Similarity-Based Self-Supervised Models,S. Lin; H. Hsieh; L. Lin; K. -C. Chang; J. -M. Lu; T. -J. Lin; T. -F. Chen,2025 23rd IEEE Interregional NEWCAS Conference (NEWCAS),2025,"With recent breakthroughs in deep learning, particularly in large language models (LLMs) and vision systems, the challenge of acquiring sufficient labeled data have become increasingly critical. While supervised training remains prevalent in industry applications, the cost and time required for data labeling create significant bottlenecks. Our work addresses this challenge by developing an enhanced semisupervised learning framework that effectively leverages unlabeled data through advanced self-supervised techniques. Drawing inspiration from LLM training strategies, we integrate contrastive learning with knowledge distillation mechanisms to achieve robust feature representation while maintaining computational efficiency. We demonstrate superior performance over conventional supervised methods using significantly fewer labeled data samples. In particular, we incorporate design elements such as batch accumulation and minimal configuration requirements to ensure compatibility with resource-constrained Edge AI and AIoT deployments. Furthermore, our framework incorporates out-of-distribution detection to handle real-world data noise, bridging the gap between academic research and practical deployment.",10.1109/NewCAS64648.2025.11106967,https://ieeexplore.ieee.org/stamp/stamp.jsp?arnumber=11106967,Semi-Supervised Learning;Self-Supervised Learning;Representation Learning;Knowledge Distillation;Out-of-Distribution Detection,,yes,moved,no,no,no,no
Joint Statistical and Causal Feature Modulated Face Anti-Spoofing,X. Dong; T. Wang; Z. Li; H. Liu,2023 IEEE International Conference on Multimedia and Expo (ICME),2023,"In this paper, we propose a hierarchical feature modulation (HFM) approach for stable face anti-spoofing in unseen domains and unseen attacks. The conventional multi-domain based generalizable approaches likely lead to local optima due to the complicated or heuristic learning paradigm. Inspired by the fact that high-level semantic disturbances and low-level miscellaneous bias jointly cause the distribution shift, HFM aims to modulate the fine-grained feature in a hierarchical manner. Specifically, we complement the structural feature with patch-wise learnable statistical information, i.e. local difference histogram, to relieve the overfitting on high-level semantics. We further introduce the structural causal model (SCM) with imaging color model to reveal that presenting mediums and capturing devices destroy the liveness-relevant information from the low level. Thus we model this hidden entanglement as a distribution mixture problem and propose the expectation-maximization (EM) based causal intervention to remove these miscellanies. Experimental results on public datasets demonstrate the effectiveness of HFM, especially in out-of-distribution settings.",10.1109/ICME55011.2023.00210,https://ieeexplore.ieee.org/stamp/stamp.jsp?arnumber=10219753,Face anti-spoofing;Statistical feature;Causal intervention;Expectation maximization,,,removed,no,no,no,yes
Detecting and Mitigating System-Level Anomalies of Vision-Based Controllers,A. Gupta; K. Chakraborty; S. Bansal,2024 IEEE International Conference on Robotics and Automation (ICRA),2024,"Autonomous systems, such as self-driving cars and drones, have made significant strides in recent years by leveraging visual inputs and machine learning for decision-making and control. Despite their impressive performance, these vision-based controllers can make erroneous predictions when faced with novel or out-of-distribution inputs. Such errors can cascade to catastrophic system failures and compromise system safety. In this work, we introduce a run-time anomaly monitor to detect and mitigate such closed-loop, system-level failures. Specifically, we leverage a reachability-based framework to stress-test the vision-based controller offline and mine its system-level failures. This data is then used to train a classifier that is leveraged online to flag inputs that might cause system breakdowns. The anomaly detector highlights issues that transcend individual modules and pertain to the safety of the overall system. We also design a fallback controller that robustly handles these detected anomalies to preserve system safety. We validate the proposed approach on an autonomous aircraft taxiing system that uses a vision-based controller for taxiing. Our results show the efficacy of the proposed approach in identifying and handling system-level anomalies, outperforming methods such as prediction error-based detection, and ensembling, thereby enhancing the overall safety and robustness of autonomous systems. Website: phoenixrider12.github.io/FailureMitigation",10.1109/ICRA57147.2024.10611397,https://ieeexplore.ieee.org/stamp/stamp.jsp?arnumber=10611397,,2.0,,removed,no,no,no,no
Learning to Adapt to Domain Shifts with Few-shot Samples in Anomalous Sound Detection,B. Chen; L. Bondi; S. Das,2022 26th International Conference on Pattern Recognition (ICPR),2022,"Anomaly detection has many important applications, such as monitoring industrial equipment. Despite recent advances in anomaly detection with deep-learning methods, it is unclear how existing solutions would perform under out-of-distribution scenarios, e.g., due to shifts in machine load or environmental noise. Grounded in the application of machine health monitoring, we propose a framework that adapts to new conditions with few-shot samples. Building upon prior work, we adopt a classification-based approach for anomaly detection and show its equivalence to mixture density estimation of the normal samples. We incorporate an episodic training procedure to match the few-shot setting during inference. We define multiple auxiliary classification tasks based on meta-information and leverage gradient-based meta-learning to improve generalization to different shifts. We evaluate our proposed method on a recently-released dataset of audio measurements from different machine types. It improved upon two baselines by around 10% and is on par with best-performing model reported on the dataset.",10.1109/ICPR56361.2022.9956351,https://ieeexplore.ieee.org/stamp/stamp.jsp?arnumber=9956351,,5.0,,removed,no,no,no,no
Leveraging Perturbation Robustness to Enhance Out-of-Distribution Detection,W. Chen; R. A. Yeh; S. Mou; Y. Gu,2025 IEEE/CVF Conference on Computer Vision and Pattern Recognition (CVPR),2025,"Out-of-distribution (OOD) detection is the task of identifying inputs that deviate from the training data distribution. This capability is essential for safely deploying deep computer vision models in open-world environments. In this work, we propose a post-hoc method, Perturbation- Rectified OOD detection (PRO), based on the insight that prediction confidence for OOD inputs is more susceptible to reduction under perturbation than in-distribution (IND) inputs. Based on the observation, we propose an adversarial score function that searches for the local minimum scores near the original inputs by applying gradient descent. This procedure enhances the separability between IND and OOD samples. Importantly, the approach improves OOD detection performance without complex modifications to the underlying model architectures. We conduct extensive experiments using the OpenOOD benchmark [43]. Our approach further pushes the limit of softmax-based OOD detection and is the leading post-hoc method for small-scale models. On a CIFAR-10 model with adversarial training, PRO effectively detects near-OOD inputs, achieving a reduction of more than 10% on FPR@95 compared to state-of-the-art methods.1",10.1109/CVPR52734.2025.00445,https://ieeexplore.ieee.org/stamp/stamp.jsp?arnumber=11093918,out-of-distribution detection;covariate shift detection;anomaly detection;adversarial robustness;adversarial attack,1.0,yes,moved,no,yes,no,no
Localized Adversarial Domain Generalization,W. Zhu; L. Lu; J. Xiao; M. Han; J. Luo; A. P. Harrison,2022 IEEE/CVF Conference on Computer Vision and Pattern Recognition (CVPR),2022,"Deep learning methods can struggle to handle domain shifts not seen in training data, which can cause them to not generalize well to unseen domains. This has led to research attention on domain generalization (DG), which aims to the model's generalization ability to out-of-distribution. Adversarial domain generalization is a popular approach to DG, but conventional approaches (1) struggle to sufficiently align features so that local neighborhoods are mixed across domains; and (2) can suffer from feature space over collapse which can threaten generalization performance. To address these limitations, we propose localized adversarial domain generalization with space compactness maintenance (LADG) which constitutes two major contributions. First, we propose an adversarial localized classifier as the domain discriminator, along with a principled primary branch. This constructs a min-max game whereby the aim of the featurizer is to produce locally mixed domains. Second, we propose to use a coding-rate loss to alleviate feature space over collapse. We conduct comprehensive experiments on the Wilds DG benchmark to validate our approach, where LADG outperforms leading competitors on most datasets.",10.1109/CVPR52688.2022.00697,https://ieeexplore.ieee.org/stamp/stamp.jsp?arnumber=9878374,Transfer/low-shot/long-tail learning; Machine learning,27.0,yes,moved,no,no,no,yes
Looking at Model Debiasing through the Lens of Anomaly Detection,V. P. Pastore; M. Ciranni; D. Marinelli; F. Odone; V. Murino,2025 IEEE/CVF Winter Conference on Applications of Computer Vision (WACV),2025,"Deep neural networks are likely to learn unintended spurious correlations between training data and labels when dealing with biased data, potentially limiting the generalization to unseen samples not presenting the same bias. In this context, model debiasing approaches can be de-vised aiming at reducing the model's dependency on such unwanted correlations, either leveraging the knowledge of bias information or not. In this work, we focus on the latter and more realistic scenario, showing the importance of accurately predicting the bias-conflicting and bias-aligned samples to obtain compelling performance in bias mitigation. On this ground, we propose to conceive the problem of model bias from an out-of-distribution perspective, intro-ducing a new bias identification method based on anomaly detection. We claim that when data is mostly biased, bias-conflicting samples can be regarded as outliers with respect to the bias-aligned distribution in the feature space of a bi-ased model, thus allowing for precisely detecting them with an anomaly detection method. Coupling the proposed bias identification approach with bias-conflicting data upsampling and augmentation in a two-step strategy, we reach state-of-the-art performance on synthetic and real benchmark datasets. Ultimately, our proposed approach shows that the data bias issue does not necessarily require complex debiasing methods, given that an accurate bias identification procedure is defined. Source code is available at https://github.com/Malga-Vision/MoDAD",10.1109/WACV61041.2025.00253,https://ieeexplore.ieee.org/stamp/stamp.jsp?arnumber=10943777,model debiasing;image classification;anomaly detection;bias identification,,yes,moved,no,no,no,no
Ensemble Distillation for Out-of-distribution Detection,D. Wang; J. Xu; S. Lu; X. Wei; L. Wang,2023 IEEE 29th International Conference on Parallel and Distributed Systems (ICPADS),2023,"Out-of-distribution detection is critical to a reliable application of deep neural networks. To reduce model uncertainty, we propose a simple yet effective approach of ensemble knowledge distillation. We blend ensemble model and knowledge distillation to improve model generalization on indomain recognition, thereby yielding accurate and robust out-of-distribution detection. The former effectively expands data recognition feature space, while the latter further regularizes the model through knowledge distillation, enhancing in-domain feature recognition. This effective integration successfully yields lower model uncertainty on in-domain feature recognition and improves anomaly detection in a more scalable manner. We justify our approach through extensive experiments on various benchmarks, demonstrating its significant improvement in out- of-distribution detection. We validate our approach with a variety of up-to-date DNNs, like Vision Transformer.",10.1109/ICPADS60453.2023.00045,https://ieeexplore.ieee.org/stamp/stamp.jsp?arnumber=10475930,Out-of-distribution Detection;Ensemble Learning;Knowledge Distillation;Data Augmentation,,yes,moved,no,no,no,no
Less is More: Improved Path Loss Prediction Using Simple Interpolation Models,F. Mitchell; A. Bhaskara; J. Wang; N. Patwari,2024 IEEE International Symposium on Dynamic Spectrum Access Networks (DySPAN),2024,"Accurately predicting path loss in wireless channels is essential for effective network planning, particularly in dynamic spectrum scenarios where users must minimize interference to other devices. We evaluate multiple path loss prediction methods on three large city-scale datasets, testing out-of-distribution predictions to assess the robustness of each technique. Surprisingly, interpolation methods outperform computationally intensive physics-based techniques and complex machine learning (ML) models. In our evaluation, a radial basis function interpolator featuring a linear kernel emerges as the most accurate method due to utilizing local information while producing a smooth interpolation surface for OOD regions. Even a simple linear interpolation model is more accurate on average than a sophisticated physics+ML method, demonstrating the efficacy of simpler approaches in practical wireless channel prediction.",10.1109/DySPAN60163.2024.10632815,https://ieeexplore.ieee.org/stamp/stamp.jsp?arnumber=10632815,path loss models;path loss estimation;received signal strength prediction;interpolation,1.0,,removed,no,no,no,no
Let Invariant Learning Inspire Neighbor-shift Generalization on Graphs,J. Li; J. Gao; B. Gu; Y. Kong,IEEE Transactions on Artificial Intelligence,2025,"Graph Neural Networks (GNNs) have achieved strong performance on various graph learning tasks under the assumption of independently and identically distributed (IID) data. However, recent studies reveal that GNNs suffer from performance drops under distribution shifts, prompting growing interest in out-of-distribution (OOD) generalization. In this work, we identify a previously underexplored challenge Neighbor Shift, which refers to structural inconsistencies in node neighborhoods across environments. We analyze its characteristics and demonstrate its negative impact on node-level classification. To tackle this issue, we propose the Neighbor-Shift Robust Graph Neural Network (NSRGNN), which disentangles invariant and variant subgraphs through conflict-based structure analysis, infers latent environments using the variant components, and regularizes semantic consistency of node representations across inferred environments. Extensive experiments on both real-world and synthetic benchmarks show that NSRGNN consistently outperforms strong OOD baselines and exhibits robust generalization under diverse structural shifts.",10.1109/TAI.2025.3605894,https://ieeexplore.ieee.org/stamp/stamp.jsp?arnumber=11152497,Graph Neural Network;Out-Of-Distribution;Invariant Learning,,,removed,no,no,no,no
MAP: Towards Balanced Generalization of IID and OOD through Model-Agnostic Adapters,M. Zhang; J. Yuan; Y. He; W. Li; Z. Chen; K. Kuang,2023 IEEE/CVF International Conference on Computer Vision (ICCV),2023,"Deep learning has achieved tremendous success in recent years, but most of these successes are built on an independent and identically distributed (IID) assumption. This somewhat hinders the application of deep learning to the more challenging out-of-distribution (OOD) scenarios. Although many OOD methods have been proposed to address this problem and have obtained good performance on testing data that is of major shifts with training distributions, interestingly, we experimentally find that these methods achieve excellent OOD performance by making a great sacrifice of the IID performance. We call this finding the IID-OOD dilemma. Clearly, in real-world applications, distribution shifts between training and testing data are often uncertain, where shifts could be minor, and even close to the IID scenario, and thus it is truly important to design a deep model with the balanced generalization ability between IID and OOD. To this end, in this paper, we investigate an intriguing problem of balancing IID and OOD generalizations and propose a novel Model Agnostic adaPters (MAP) method, which is more reliable and effective for distribution-shift-agnostic real-world data. Our key technical contribution is to use auxiliary adapter layers to incorporate the inductive bias of IID into OOD methods. To achieve this goal, we apply a bilevel optimization to explicitly model and optimize the coupling relationship between the OOD model and auxiliary adapter layers. We also theoretically give a first-order approximation to save computational time. Experimental results on six datasets successfully demonstrate that MAP can greatly improve the performance of IID while achieving good OOD performance.",10.1109/ICCV51070.2023.01095,https://ieeexplore.ieee.org/stamp/stamp.jsp?arnumber=10376503,,4.0,yes,moved,no,no,no,yes
Masked Images Are Counterfactual Samples for Robust Fine-Tuning,Y. Xiao; Z. Tang; P. Wei; C. Liu; L. Lin,2023 IEEE/CVF Conference on Computer Vision and Pattern Recognition (CVPR),2023,"Deep learning models are challenged by the distribution shift between the training data and test data. Recently, the large models pre-trained on diverse data have demonstrated unprecedented robustness to various distribution shifts. However, fine-tuning these models can lead to a trade-off between in-distribution (ID) performance and out-of-distribution (OOD) robustness. Existing methods for tackling this trade-off do not explicitly address the OOD robustness problem. In this paper, based on causal analysis of the aforementioned problems, we propose a novel fine-tuning method, which uses masked images as counterfactual samples that help improve the robustness of the fine-tuning model. Specifically, we mask either the semantics-related or semantics-unrelated patches of the images based on class activation map to break the spurious correlation, and refill the masked patches with patches from other images. The resulting counterfactual samples are used in feature-based distillation with the pre-trained model. Extensive experiments verify that regularizing the fine-tuning with the proposed masked images can achieve a better trade-off between ID and OOD performance, surpassing previous methods on the OOD performance. Our code is available at https://github.com/Coxy7/robust-finetuning.",10.1109/CVPR52729.2023.01944,https://ieeexplore.ieee.org/stamp/stamp.jsp?arnumber=10204185,Transfer;meta;low-shot;continual;or long-tail learning,12.0,yes,moved,no,no,no,yes
Look Into Gradients: Learning Compact Hash Codes for Out-of-Distribution Retrieval,H. Wang; X. Yang; J. Sun; S. Zhang; C. Chen; X. -S. Hua; X. Luo,IEEE Transactions on Knowledge and Data Engineering,2024,"Hashing aims to compress raw data into compact binary descriptors, which has drawn increasing interest for efficient large-scale image retrieval. Current deep hashing often employs evaluation protocols where usually query data and training data are from similar distributions. However, more realistic evaluations should take into account a broad spectrum of distribution shifts with varying degrees. Therefore, we study the problem of out-of-distribution generalization in image retrieval, which seeks to learn a retrieval model from a source domain and generalize to unseen target domains. However, this problem is challenging owing to data scarcity in target domains and the potential overfitting of domain-specific patterns. Here, we propose a novel hashing model named Looking-into-gradients (LOG) for image retrieval under out-of-distribution shifts, which comprehensively explores gradients for both data generation and model optimization. Specifically, to overcome data deficiency in target domains, we formalize the worst-case problem to generate challenging virtue samples via adversarial gradient ascend. Besides, to further enhance model generalization capability, we not only identify non-crucial parameters with minor gradients and values and shrink them to zero, but also modify the inconsistent gradients across domains to prevent learning domain-specific patterns. Extensive experiments on various datasets demonstrate that LOG outperforms state-of-the-art methods by up to 8.54%.",10.1109/TKDE.2024.3425268,https://ieeexplore.ieee.org/stamp/stamp.jsp?arnumber=10591352,Image retrieval;deep hashing;out-of-distribution retrieval,,,removed,no,no,no,yes
Masked γ-SSL: Learning Uncertainty Estimation via Masked Image Modeling,D. S. W. Williams; M. Gadd; P. Newman; D. De Martini,2024 IEEE International Conference on Robotics and Automation (ICRA),2024,"This work proposes a semantic segmentation network that produces high-quality uncertainty estimates in a single forward pass. We exploit general representations from foundation models and unlabelled datasets through a Masked Image Modeling (MIM) approach, which is robust to augmentation hyper-parameters and simpler than previous techniques. For neural networks used in safety-critical applications, bias in the training data can lead to errors; therefore it is crucial to understand a network’s limitations at run time and act accordingly. To this end, we test our proposed method on a number of test domains including the SAX Segmentation benchmark, which includes labelled test data from dense urban, rural and off-road driving domains. The proposed method consistently outperforms uncertainty estimation and Out-of-Distribution (OoD) techniques on this difficult benchmark.",10.1109/ICRA57147.2024.10610398,https://ieeexplore.ieee.org/stamp/stamp.jsp?arnumber=10610398,Segmentation;Scene Understanding;Introspection;Performance Assessment;Deep Learning;Autonomous Vehicles,1.0,yes,moved,no,no,no,no
LoRD: Adapting Differentiable Driving Policies to Distribution Shifts,C. Diehl; P. Karkus; S. Veer; M. Pavone; T. Bertram,2025 IEEE International Conference on Robotics and Automation (ICRA),2025,"Distribution shifts between operational domains can severely affect the performance of learned models in self-driving vehicles (SDVs). While this is a well-established problem, prior work has mostly explored naive solutions such as fine-tuning, focusing on the motion prediction task. In this work, we explore novel adaptation strategies for differentiable autonomy stacks (structured policy) consisting of prediction, planning, and control, perform evaluation in closed-loop, and investigate the often-overlooked issue of catastrophic forgetting. Specifically, we introduce two simple yet effective techniques: a low-rank residual decoder (LoRD) and multi-task fine-tuning. Through experiments across three models conducted on two real-world autonomous driving datasets (nuPlan, exiD), we demonstrate the effectiveness of our methods and highlight a significant performance gap between open-loop and closed-loop evaluation in prior approaches. Our approach improves forgetting by up to 23.33% and the closed-loop out-of-distribution driving score by 9.93% in comparison to standard fine-tuning. https://github.com/rst-tu-dortmund/LoRD",10.1109/ICRA55743.2025.11128750,https://ieeexplore.ieee.org/stamp/stamp.jsp?arnumber=11128750,,,,removed,no,no,no,no
MedShift: Automated Identification of Shift Data for Medical Image Dataset Curation,X. Guo; J. W. Gichoya; H. Trivedi; S. Purkayastha; I. Banerjee,IEEE Journal of Biomedical and Health Informatics,2023,"Automated curation of noisy external data in the medical domain has long been in high demand, as AI technologies need to be validated using various sources with clean, annotated data. Identifying the variance between internal and external sources is a fundamental step in curating a high-quality dataset, as the data distributions from different sources can vary significantly and subsequently affect the performance of AI models. The primary challenges for detecting data shifts are - (1) accessing private data across healthcare institutions for manual detection and (2) the lack of automated approaches to learn efficient shift-data representation without training samples. To overcome these problems, we propose an automated pipeline called MedShift to detect top-level shift samples and evaluate the significance of shift data without sharing data between internal and external organizations. MedShift employs unsupervised anomaly detectors to learn the internal distribution and identify samples showing significant shiftness for external datasets, and then compares their performance. To quantify the effects of detected shift data, we train a multi-class classifier that learns internal domain knowledge and evaluates the classification performance for each class in external domains after dropping the shift data. We also propose a data quality metric to quantify the dissimilarity between internal and external datasets. We verify the efficacy of MedShift using musculoskeletal radiographs (MURA) and chest X-ray datasets from multiple external sources. Our experiments show that our proposed shift data detection pipeline can be beneficial for medical centers to curate high-quality datasets more efficiently.",10.1109/JBHI.2023.3275104,https://ieeexplore.ieee.org/stamp/stamp.jsp?arnumber=10122959,Anomaly detection;dataset curation;medical shift data;OOD detection;X-ray,4.0,yes,moved,no,no,no,no
Evidential Deep Learning for Open-Set Active Domain Adaptation,Q. Tian; J. Yu; Y. Zhao; W. Li; Z. Lei,IEEE Transactions on Neural Networks and Learning Systems,2025,"Open-set domain adaptation (OSDA) seeks to transfer knowledge from a labeled source domain to an unlabeled target domain containing novel classes. Traditional OSDA methods rarely account for the uncertainty in predictions and typically require additional training overhead. Evidential deep learning (EDL) transforms the model’s predictions from point estimates to distributions over the probability simplex by replacing the standard softmax output of classification neural networks with Dirichlet distributions. Considering the presence of out-of-distribution novel classes in OSDA and the additional overhead of existing methods, we propose EDL for open-set active domain adaptation (EOSADA). Leveraging EDL, we construct an open-set classifier and employ a two-round selection strategy guided by the data uncertainty of target domain samples and semantic similarity scores with known classes. This strategy balances the selection of samples from known and novel classes while identifying informative samples, thereby maximizing the performance of the model in OSDA scenarios without modifying the model structure and utilizing a limited annotation budget. Extensive experiments demonstrate the superiority of our approach.",10.1109/TNNLS.2025.3571943,https://ieeexplore.ieee.org/stamp/stamp.jsp?arnumber=11017677,Active domain adaptation (ADA);active learning;evidential deep learning (EDL);open-set domain adaptation (OSDA);transfer learning,,no,no,no,no,no,no
False Negative Masking for Debiasing in Contrastive Learning,J. -T. Chien; K. Chen,2024 International Joint Conference on Neural Networks (IJCNN),2024,"Contrastive learning has been popular to carry out self-supervised learning where a meaningful representation with instance discrimination is learned without any label information. However, recent studies have found that there might exist some false negative samples in training data, which have the same label as that of anchor. This phenomenon, also known as the sampling bias, considerably degrades the system performance in a downstream task. Accordingly, it is crucial to identify and reject those false negative samples without accessing their labels. This study deals with such a challenging issue and presents an approach based on the out-of-distribution (OOD) detection which identifies and masks the false negative samples. In general, the samples from the same class are seen as in-distribution (ID) data whereas the samples from the other classes are viewed as OOD data. Therefore, this study presents a new contrastive learning by detecting those false negative samples and masking them in calculation of contrastive loss during optimization. Compared with the original contrastive learning, the proposed method is illustrated with a tighter upper bound in false negative masking. The experiments demonstrate that the proposed method can achieve competitive results.",10.1109/IJCNN60899.2024.10651188,https://ieeexplore.ieee.org/stamp/stamp.jsp?arnumber=10651188,Contrastive learning;self-supervised learning;out-of-distribution detection;false negative samples,,yes,moved,no,no,no,no
GOLD: Guiding Contrastive Learning with Out-of-Distribution Detection for Universal Domain Adaptation,J. Wu; J. Wu; J. Liu; M. Meng,2025 28th International Conference on Computer Supported Cooperative Work in Design (CSCWD),2025,"Universal domain adaptation seeks to extend knowledge from a labeled source domain to an unlabeled target domain, unconstrained by label space alignment. It is challenging to align shared categories and separate private ones without prior category overlap information. Existing methods often rely heavily on source domain information to learn a transferable classifier, neglecting the relationships between the manifold structures inherent within the two domains. This paper introduces a novel framework, called Guiding cOntrastive Learning with out-of-distribution Detection (GOLD) for universal domain adaptation. GOLD employs an instance-prototype hybrid contrastive learning approach with self-attention to reveal domain structures. Subsequently, it constructs a residual subspace from source prototypes to filter unknown categories and refines neighborhood structures through instance-level virtual adversarial training to reduce noise. Experiments on three datasets show GOLD surpasses current methods in various UniDA settings.",10.1109/CSCWD64889.2025.11033371,https://ieeexplore.ieee.org/stamp/stamp.jsp?arnumber=11033371,Universal Domain Adaptation;Contrastive Learning;OOD Detection;Virtual Adversarial Training,,no,no,no,no,no,no
Maximization Operator Uncertainty Penalty for Model-Based Offline Reinforcement Learning,W. Luo; C. Han; T. Guo,"2025 5th International Conference on Neural Networks, Information and Communication Engineering (NNICE)",2025,"Model-based offline reinforcement learning learns a model from the offline dataset to generate synthetic data, facilitating policy training without requiring interaction with the real world. However, the issue of distribution shift often leads to overestimation issues, where the algorithm incorrectly overestimates the value function of out-of-distribution (OOD) actions, potentially causing training failure. To mitigate this problem, we introduce an uncertainty factor derived from the “max” operation in the Bellman backup operator. This factor is used to penalize synthetic data to mitigate the performance collapse caused by overestimation. Experimental results demonstrate that our algorithm achieves competitive performance.",10.1109/NNICE64954.2025.11064408,https://ieeexplore.ieee.org/stamp/stamp.jsp?arnumber=11064408,Model-based offline rl;distribution shift;value overestimation,,,removed,no,no,no,no
Mean translation of GLCM texture features for across-date settlement type classification of QuickBird images,F. P. S. Luus; F. van den Bergh; B. T. J. Maharaj,2013 IEEE International Geoscience and Remote Sensing Symposium - IGARSS,2013,"Classifier-generic domain adaptation based on feature space matching is applied in this study, with the aim of correcting dataset shifts consisting of both covariate and concept shifts. The feature space transformation between training and test samples is estimated as a set of partition translations, where each transformed partition mean coincides with the mean of a paired target partition. Various feasible instantiations of the generalized transformation estimate are used to characterize the spatial and temporal feature variance present in a settlement classification problem using panchromatic across-area and across-date high resolution QuickBird imagery. A numerical analysis indicates that a significant settlement classification accuracy improvement is possible with the application of feature space matching, where texture features are used to describe settlement characteristics.",10.1109/IGARSS.2013.6723078,https://ieeexplore.ieee.org/stamp/stamp.jsp?arnumber=6723078,Image texture analysis;approximation algorithms;feature extraction;urban areas;remote sensing,,,removed,no,no,no,yes
More or Less (MoL): Defending against Multiple Perturbation Attacks on Deep Neural Networks through Model Ensemble and Compression,H. Cheng; K. Xu; Z. Li; P. Zhao; C. Wang; X. Lin; B. Kailkhura; R. Goldhahn,2022 IEEE/CVF Winter Conference on Applications of Computer Vision Workshops (WACVW),2022,"Deep neural networks (DNNs) have been adopted in many application domains due to their superior performance. However, their susceptibility under test-time adversarial perturbations and out-of-distribution shifts has attracted extensive research efforts. The adversarial training provides an effective defense method withstanding evolving attacking methods. However, DNNs obtained by adversarial training are usually robust to only a single type of adversarial perturbation that they are trained with. To tackle this problem, improvements have been made to incorporate multiple perturbation types into adversarial training process, but with limited flexibility in terms of perturbation types. This work investigates the design problem of deep learning (DL) systems robust to multiple perturbation attacks. To maximize flexibility, we adopt the model ensemble approach, where an ensemble of expert models dealing with various perturbation types are integrated through a trainable aggregator module. Expert models are obtained in parallel through adversarial training, targeting at respective perturbation types. Then, the aggregator module is (adversarially) trained together with fine-tuning of expert models, addressing the obfuscated gradients issue in adversarial robustness. Furthermore, in order to practically implement the robust ensemble model onto edge devices, the model compression approach is leveraged to reduce the ensemble model size. By exploring the most suitable model compression scheme, we significantly reduce the overall model size without compromising robustness. Proposed More or Less (MoL) defense outperforms state-of-the-art defenses against multiple perturbations.",10.1109/WACVW54805.2022.00071,https://ieeexplore.ieee.org/stamp/stamp.jsp?arnumber=9707590,,3.0,yes,moved,no,no,no,yes
MRIShift: Disentangled Representation Learning for 3D MRI Lesion Segmentation Under Distributional Shifts,U. Rahman; G. Chen; K. Zhang,2024 12th European Workshop on Visual Information Processing (EUVIP),2024,"In the clinical environment, heterogeneity of data coming from different centers poses challenges where the data may not conform to the assumption of being independent and identically distributed (i.i.d). As a result, it is essential to develop an approach that can generate better predictions even on samples it did not encounter during training. In this paper, we propose an unsupervised domain adaptation approach using disentangled representation learning to enhance the transferability of the 3D segmentation model for medical samples belonging to different distributions unseen during training. When dealing with medical image segmentation, it is essential to understand how features relate to voxel-wise labels. To achieve this, we focus on minimizing changes between data from different sources. This involves organizing the data into two categories: invariant components that remain consistent across different sources, and variant components that exhibit changes. By ensuring that domain shifts primarily affect the changing components, we aim to preserve the identifiability of latent variables. This helps in identifying joint data-label distributions within the target domain. We also introduce a new loss function that integrates image and feature level reconstruction with segmentation loss, enhancing the model's performance. Our experiments on real-world medical data demonstrate improved segmentation accuracy within known distributions and a notable 5% enhancement in handling out-of-distribution samples. Additionally, our method enhances the robustness of the model as demonstrated by the improvement in performance metrics such as R-AUC.",10.1109/EUVIP61797.2024.10772877,https://ieeexplore.ieee.org/stamp/stamp.jsp?arnumber=10772877,3D medical image segmentation;disentangled representation learning;unsupervised learning;multiple sclerosis,1.0,yes,moved,no,no,no,yes
Multilevel Heterogeneous Domain Adaptation Method for Remote Sensing Image Segmentation,C. Liang; B. Cheng; B. Xiao; Y. Dong; J. Chen,IEEE Transactions on Geoscience and Remote Sensing,2023,"Due to more abundant data sources, more various objects of interest, and more time-consuming annotations, there is a large amount of out-of-distribution (OOD) data in the remote sensing field, on which the performance of high-accuracy image segmentation models trained under ideal experimental conditions generally degrades dramatically. Domain adaptation (DA) consequently comes into being, which aims to learn the predictor for the label-scarce target domain of interest with the help of the label-sufficient source domain in the presence of the distribution difference, namely, domain shift, between the two domains. However, the off-the-shelf DA methods for image segmentation not only struggle to cope with the more complex domain shift problems in remote sensing imagery but also almost cannot process heterogeneous data directly without information loss. While the current heterogeneous DA methods mostly still rely on some supervision information from the target domain, which is typically inaccessible in the real world. To overcome these drawbacks, we propose the multilevel heterogeneous unsupervised DA (UDA) method, termed MHDA, which unifies the instance-level DA based on cycle consistency, the feature-level DA based on contrastive learning, and the decision-level DA based on task consistency into a framework to more effectively handle the complex domain shift and heterogeneous data. After that, extensive DA experiments are conducted on the International Society for Photogrammetry and Remote Sensing (ISPRS) dataset, the BigCity dataset constructed by ourselves, and the Wuhan University (WHU) dataset, to explore the effect of each module in MHDA, the necessity of heterogeneous DA, and the effectiveness of multilevel DA. And the results demonstrate that MHDA can achieve superior performance on the remote sensing image segmentation task, compared with several state-of-the-art DA methods.",10.1109/TGRS.2023.3236957,https://ieeexplore.ieee.org/stamp/stamp.jsp?arnumber=10017270,Contrastive learning;cycle consistency;domain adaptation (DA);semantic segmentation;task consistency,17.0,yes,moved,no,no,no,yes
Meta-learning Based Domain Generalization Framework for Fault Diagnosis With Gradient Aligning and Semantic Matching,L. Ren; T. Mo; X. Cheng,IEEE Transactions on Industrial Informatics,2024,"Intelligent fault diagnosis models have demonstrated superior performance in industrial prognostics health management scenarios. However, these models may struggle to generalize in complicated industrial environments, when encountering new working conditions and handling low-resource and heterogeneous data. To cope with the aforementioned issues, we focus on constructing a universal training framework with a domain generalization technique that will encourage fault diagnosis models to generalize well in unseen working conditions. First, a model-agnostic meta-learning-based training framework called Meta-GENE is proposed for homogeneous and heterogeneous domain generalization. Second, a gradient aligning algorithm is introduced in a meta-learning framework to learn a domain-invariant strategy for robust prediction under unseen working conditions. Third, a semantic matching technique is proposed for utilizing heterogeneous data to alleviate low-resource problems. Our method has yielded excellent performance on the PHM09 fault diagnosis dataset and achieved superior results on a set of generalization tasks across various working conditions.",10.1109/TII.2023.3264111,https://ieeexplore.ieee.org/stamp/stamp.jsp?arnumber=10091197,Domain generalization (DG);fault diagnosis;industrial intelligence;meta-learning,42.0,,removed,no,no,no,no
Meta-Reinforcement Learning With Evolving Gradient Regularization,J. Chen; A. Ma; S. Chen; W. Yuan; Z. Hu; P. Li,IEEE Robotics and Automation Letters,2025,"Deep reinforcement learning (DRL) typically requires reinitializing training for new tasks, limiting its generalization due to isolated knowledge transfer. Meta-reinforcement learning (Meta-RL) addresses this by enabling rapid adaptation through prior task experiences, yet existing gradient-based methods like MAML suffer from poor out-of-distribution performance due to overfitting narrow task distributions. To overcome this limitation, we propose Evolving Gradient Regularization MAML (ER-MAML). By integrating evolving gradient regularization into the MAML framework, ER-MAML optimizes meta-gradients while constraining adaptation directions via a regularization policy. This dual mechanism prevents overparameterization and enhances robustness across diverse task distributions. Experiments demonstrate ER-MAML outperforms state-of-the-art baselines by 14.6% in out-of-distribution success rates. It also achieves strong online adaptation performance in the MetaWorld benchmark. These results validate ER-MAML's effectiveness in improving meta-RL generalization under distribution shifts.",10.1109/LRA.2025.3566585,https://ieeexplore.ieee.org/stamp/stamp.jsp?arnumber=10982140,Deep reinforcement learning;meta-reinforcement learning;model-agnostic meta-learning;generalization,,,removed,no,no,no,yes
Mild Policy Evaluation for Offline Actor–Critic,L. Huang; B. Dong; J. Lu; W. Zhang,IEEE Transactions on Neural Networks and Learning Systems,2024,"In offline actor–critic (AC) algorithms, the distributional shift between the training data and target policy causes optimistic  $Q$  value estimates for out-of-distribution (OOD) actions. This leads to learned policies skewed toward OOD actions with falsely high  $Q$  values. The existing value-regularized offline AC algorithms address this issue by learning a conservative value function, leading to a performance drop. In this article, we propose a mild policy evaluation (MPE) by constraining the difference between the  $Q$  values of actions supported by the target policy and those of actions contained within the offline dataset. The convergence of the proposed MPE, the gap between the learned value function and the true one, and the suboptimality of the offline AC with MPE are analyzed, respectively. A mild offline AC (MOAC) algorithm is developed by integrating MPE into off-policy AC. Compared with existing offline AC algorithms, the value function gap of MOAC is bounded by the existence of sampling errors. Moreover, in the absence of sampling errors, the true state value function can be obtained. Experimental results on the D4RL benchmark dataset demonstrate the effectiveness of MPE and the performance superiority of MOAC compared to the state-of-the-art offline reinforcement learning (RL) algorithms.",10.1109/TNNLS.2023.3309906,https://ieeexplore.ieee.org/stamp/stamp.jsp?arnumber=10243452,Mild policy evaluation (MPE);offline actor–critic (AC);offline reinforcement learning (RL);value function difference,7.0,,removed,no,no,no,no
Mind the Label Shift of Augmentation-based Graph OOD Generalization,J. Yu; J. Liang; R. He,2023 IEEE/CVF Conference on Computer Vision and Pattern Recognition (CVPR),2023,"Out-of-distribution (OOD) generalization is an important issue for Graph Neural Networks (GNNs). Recent works employ different graph editions to generate augmented environments and learn an invariant GNN for generalization. However, the label shift usually occurs in augmentation since graph structural edition inevitably alters the graph label. This brings inconsistent predictive relationships among augmented environments, which is harmful to generalization. To address this issue, we propose LiSA, which generates label-invariant augmentations to facilitate graph OOD generalization. Instead of resorting to graph editions, LiSA exploits Label-invariant Subgraphs of the training graphs to construct Augmented environments. Specifically, LiSA first designs the variational subgraph generators to extract locally predictive patterns and construct multiple label-invariant subgraphs efficiently. Then, the subgraphs produced by different generators are collected to build different augmented environments. To promote diversity among augmented environments, LiSA further introduces a tractable energy-based regularization to enlarge pair-wise distances between the distributions of environments. In this manner, LiSA generates diverse augmented environments with a consistent predictive relationship and facilitates learning an invariant GNN. Extensive experiments on node-level and graph-level OOD benchmarks show that LiSA achieves impressive generalization performance with different GNN backbones. Code is available on https://github.com/Samyu0304/LiSA.",10.1109/CVPR52729.2023.01118,https://ieeexplore.ieee.org/stamp/stamp.jsp?arnumber=10204541,Transfer;meta;low-shot;continual;or long-tail learning,11.0,,removed,no,no,no,yes
Multisource Collaborative Domain Generalization for Cross-Scene Remote Sensing Image Classification,Z. Han; C. Zhang; L. Gao; Z. Zeng; M. K. Ng; B. Zhang; J. Chanussot,IEEE Transactions on Geoscience and Remote Sensing,2024,"Cross-scene image classification aims to transfer prior knowledge of ground materials to annotate regions with different distributions and reduce hand-crafted cost in the field of remote sensing. However, existing approaches focus on single-source domain (SD) generalization to unseen target domains (TDs), and are easily confused by large real-world domain shifts due to the limited training information and insufficient diversity modeling capacity. To address this gap, we propose a novel multisource collaborative domain generalization (MS-CDG) framework based on homogeneity and heterogeneity characteristics of multisource (MS) remote sensing data, which considers data-aware adversarial augmentation and model-aware multilevel diversification simultaneously to enhance cross-scene generalization performance. The data-aware adversarial augmentation adopts an adversary neural network with semantic guide to generate MS samples by adaptively learning realistic channel and distribution changes across domains. In views of cross-domain (CD) and intra-domain (ID) modeling, the model-aware diversification transforms the shared spatial-channel features of MS data into the class-wise prototype and kernel mixture module, to address domain discrepancies and cluster different classes effectively. Finally, the joint classification of original and augmented MS samples is employed by introducing a distribution consistency alignment to increase model diversity and ensure better domain-invariant representation learning. Extensive experiments on three public MS remote sensing datasets demonstrate the superior performance of the proposed method when benchmarked with the state-of-the-art methods.",10.1109/TGRS.2024.3478385,https://ieeexplore.ieee.org/stamp/stamp.jsp?arnumber=10714378,Cross scene;domain generalization (DG);image classification;multisource (MS) data;remote sensing,12.0,yes,moved,no,no,no,no
NAS-DG: Ultra-Fast NAS via Uncertainty Modeling for Domain Generalization,K. Wakayama; T. Kanamori,IEEE Access,2025,"Designing neural network architectures manually is time-consuming and labor-intensive when applying deep learning to various tasks and datasets. Neural architecture search (NAS) has been proposed to automate this process, but existing methods mainly aim at improving generalization on in-distribution data. NAS methods for out-of-distribution data have been developed to address performance degradation on unseen domains, but they require training large super-networks during the search, which results in long search times and high computational costs. There is a need for an efficient NAS method that can reduce search time while maintaining high performance. In this work, we propose a training-free NAS method for domain generalization. Our method extends zero-cost proxy-based NAS by incorporating uncertainty modeling. We compute architecture scores using autoencoders with uncertainty-based data augmentation and apply feature augmentation during training. In addition, we provide a theoretical connection between our method and domain generalization error bounds. Experiments on standard benchmarks, including PACS, Office-Home, and NICO, show that our method achieves comparable or superior accuracy to existing domain generalization methods while reducing search time from over one hour to under ten minutes and using fewer parameters.",10.1109/ACCESS.2025.3597980,https://ieeexplore.ieee.org/stamp/stamp.jsp?arnumber=11122862,Training-free NAS;zero-cost proxy;network expressivity;search space;domain generalization;out-of-distribution;domain shift;uncertainty modeling;data augmentation;feature augmentation,,yes,moved,no,no,no,yes
Model Reprogramming Outperforms Fine-tuning on Out-of-distribution Data in Text-Image Encoders,A. Geng; P. -Y. Chen,2024 IEEE Conference on Secure and Trustworthy Machine Learning (SaTML),2024,"When evaluating the performance of a pre-trained model transferred to a downstream task, it is imperative to assess not only the in-distribution (ID) accuracy of the downstream model but also its capacity to generalize and identify out-of-distribution (OOD) samples. In this paper, we unveil the hidden costs associated with intrusive fine-tuning techniques. Specifically, we demonstrate that commonly used fine-tuning methods not only distort the representations necessary for generalizing to covariate-shifted OOD samples (OOD generalization) but also distort the representations necessary for detecting semantically- shifted OOD samples (OOD detection). To address these challenges, we introduce a new model reprogramming approach for fine-tuning, which we name REPROGRAMMER. REPROGRAMMER aims to improve the holistic performance of the downstream model across ID, OOD generalization, and OOD detection tasks. Our empirical evidence reveals that REPROGRAMMER is less intrusive and yields superior downstream models. Furthermore, we demonstrate that by appending an additional representation residual connection to REPROGRAMMER, we can further preserve pre-training representations, resulting in an even more safe and robust downstream model capable of excelling in many ID classification, OOD generalization, and OOD detection settings.1",10.1109/SaTML59370.2024.00034,https://ieeexplore.ieee.org/stamp/stamp.jsp?arnumber=10516656,Fine-tuning;Robustness;Out-of-distribution Detection;Distribution Shift,,,removed,no,yes,no,yes
Model-Agnostic Causal Embedding Learning for Counterfactually Group-Fair Recommendation,X. Zhang; T. Shi; J. Xu; Z. Dong; J. -R. Wen,IEEE Transactions on Knowledge and Data Engineering,2024,"Group-fair recommendation aims at ensuring the equality of recommendation results across user groups categorized by sensitive attributes (e.g., gender, occupation, etc.). Existing group-fair recommendation models traditionally employ original user embeddings for both training and testing, primarily focusing on statistical learning while imposing group fairness constraints under the I.I.D. assumption. However, these models encounter limitations when addressing out-of-distribution (OOD) sensitive attributes. The fundamental issue of unfairness within user embeddings arises from a causal perspective, where each embedding vector comprises an exogenous component devoid of correlations with sensitive attributes and an endogenous component strongly correlated with these attributes. Overlooking the distinction between these two components during model training renders models sensitive to shifts in the distribution of sensitive attributes. This paper introduces the concept of Counterfactual Group Fairness (CGF) along with a corresponding metric to evaluate group fairness in scenarios involving OOD sensitive attributes in recommender systems. Building on this foundation, we propose a model-agnostic causal embedding learning framework named MACE. MACE effectively disentangles user embedding vectors into their exogenous and endogenous parts, thus ensuring group fairness, even in the presence of OOD sensitive attributes in embeddings. Specifically, MACE identifies the exogenous part of each user's embedding using mutual information minimization, treating it as instrumental variables. Subsequently, under the constraint of CGF, MACE reconstructs the endogenous and exogenous parts using the instrumental variable regression, combines the obtained parts into novel user embeddings using deep neural networks, and uses the combined embeddings for fair recommendation. Experimental results demonstrated that MACE can outperform the state-of-the-art baselines in terms of the metric of CGF while maintaining a comparable recommendation accuracy.",10.1109/TKDE.2024.3424906,https://ieeexplore.ieee.org/stamp/stamp.jsp?arnumber=10598228,Causal learning;fairness;instrumental variables;recommendation,3.0,,removed,no,no,no,yes
Model-Agnostic Uncertainty Calibration for Noisy Constraint Modeling in Bainitic Steel Optimization,S. Steger; B. Schuscha; F. Pernkopf,2025 IEEE 35th International Workshop on Machine Learning for Signal Processing (MLSP),2025,"Real-world optimization problems often involve complex physical or industrial process constraints that must be met to ensure feasible solutions. Constrained Bayesian Optimization (CBO) provides an efficient framework for such optimization tasks that relies on uncertainty-aware surrogate models to approximate both the objective function and the constraints. Existing approaches for modeling the constraints often assume homoscedastic Gaussian noise and utilize Gaussian processes (GPs), which can lead to miscalibrated uncertainty estimates, particularly in the presence of model mismatch. To address these challenges, we propose a novel framework that improves both the calibration and adaptivity of constraint modeling. First, we use conformal prediction (CP) to construct prediction intervals with guaranteed calibration, independent of the noise distribution. Next, we improve local adaptivity by modeling residuals with a nonparametric kernel density estimator, enabling the intervals to adjust dynamically to heteroscedastic and non-Gaussian noise. Finally, we use a distance-based uncertainty heuristic to detect distribution shifts, improving robustness in regions with sparse or out-of-distribution samples. Our framework is model-agnostic and can be applied to any prediction model. We validate our method on a synthetic CBO task and on real-world data by modeling constraints for carbite-free bainitic steel optimization [1]. Our results show that standard GP models often produce miscalibrated uncertainty estimates, while our method yields improved calibration, and reduced prediction intervals.",10.1109/MLSP62443.2025.11204224,https://ieeexplore.ieee.org/stamp/stamp.jsp?arnumber=11204224,uncertainty prediction;conformal prediction;constrained Bayesian optimization;calibration,,,removed,no,no,no,no
Monotonic Quantile Network for Worst-Case Offline Reinforcement Learning,C. Bai; T. Xiao; Z. Zhu; L. Wang; F. Zhou; A. Garg; B. He; P. Liu; Z. Wang,IEEE Transactions on Neural Networks and Learning Systems,2024,"A key challenge in offline reinforcement learning (RL) is how to ensure the learned offline policy is safe, especially in safety-critical domains. In this article, we focus on learning a distributional value function in offline RL and optimizing a worst-case criterion of returns. However, optimizing a distributional value function in offline RL can be hard, since the crossing quantile issue is serious, and the distribution shift problem needs to be addressed. To this end, we propose monotonic quantile network (MQN) with conservative quantile regression (CQR) for risk-averse policy learning. First, we propose an MQN to learn the distribution over returns with non-crossing guarantees of the quantiles. Then, we perform CQR by penalizing the quantile estimation for out-of-distribution (OOD) actions to address the distribution shift in offline RL. Finally, we learn a worst-case policy by optimizing the conditional value-at-risk (CVaR) of the distributional value function. Furthermore, we provide theoretical analysis of the fixed-point convergence in our method. We conduct experiments in both risk-neutral and risk-sensitive offline settings, and the results show that our method obtains safe and conservative behaviors in robotic locomotion tasks.",10.1109/TNNLS.2022.3217189,https://ieeexplore.ieee.org/stamp/stamp.jsp?arnumber=9940310,Monotonic quantile network (MQN);offline reinforcement learning (RL);quantile regression;risk-sensitive learning,12.0,,removed,no,no,no,yes
MoP-CLIP: A Mixture of Prompt-Tuned CLIP Models for Domain Incremental Learning,J. Nicolas; F. Chiaroni; I. Ziko; O. Ahmad; C. Desrosiers; J. Dolz,2024 IEEE/CVF Winter Conference on Applications of Computer Vision (WACV),2024,"Despite the recent progress in incremental learning, addressing catastrophic forgetting under distributional drift is still an open and important problem. Indeed, while state-of-the-art domain incremental learning (DIL) methods perform satisfactorily within known domains, their performance largely degrades in the presence of novel domains. This limitation hampers their generalizability, and restricts their scalability to more realistic settings where train and test data are drawn from different distributions. To address these limitations, we present a novel DIL approach based on a mixture of prompt-tuned CLIP models (MoPCLIP), which generalizes the paradigm of S-Prompting to handle both in-distribution and out-of-distribution data at inference. In particular, at the training stage we model the features distribution of every class in each domain, learning individual text and visual prompts to adapt to a given domain. At inference, the learned distributions allow us to identify whether a given test sample belongs to a known domain, selecting the correct prompt for the classification task, or from an unseen domain, leveraging a mixture of the prompt-tuned CLIP models. Our empirical evaluation reveals the poor performance of existing DIL methods under domain shift, and suggests that the proposed MoP-CLIP performs competitively in the standard DIL settings while outperforming state-of-the-art methods in OOD scenarios. These results demonstrate the superiority of MoP-CLIP, offering a robust and general solution to the problem of domain incremental learning.",10.1109/WACV57701.2024.00178,https://ieeexplore.ieee.org/stamp/stamp.jsp?arnumber=10483776,Algorithms;Machine learning architectures;formulations;and algorithms;Algorithms;Vision + language and/or other modalities,5.0,,removed,no,no,no,yes
NAS-OoD: Neural Architecture Search for Out-of-Distribution Generalization,H. Bai; F. Zhou; L. Hong; N. Ye; S. . -H. G. Chan; Z. Li,2021 IEEE/CVF International Conference on Computer Vision (ICCV),2021,"Recent advances on Out-of-Distribution (OoD) generalization reveal the robustness of deep learning models against distribution shifts. However, existing works focus on OoD algorithms, such as invariant risk minimization, domain generalization, or stable learning, without considering the influence of deep model architectures on OoD generalization, which may lead to sub-optimal performance. Neural Architecture Search (NAS) methods search for architecture based on its performance on the training data, which may result in poor generalization for OoD tasks. In this work, we propose robust Neural Architecture Search for OoD generalization (NAS-OoD), which optimizes the architecture with respect to its performance on generated OoD data by gradient descent. Specifically, a data generator is learned to synthesize OoD data by maximizing losses computed by different neural architectures, while the goal for architecture search is to find the optimal architecture parameters that minimize the synthetic OoD data losses. The data generator and the neural architecture are jointly optimized in an end-to-end manner, and the minimax training process effectively discovers robust architectures that generalize well for different distribution shifts. Extensive experimental results show that NAS-OoD achieves superior performance on various OoD generalization benchmarks with deep models having a much fewer number of parameters. In addition, on a real industry dataset, the proposed NAS-OoD method reduces the error rate by more than 70% compared with the state-of-the-art method, demonstrating the proposed method’s practicality for real applications.",10.1109/ICCV48922.2021.00821,https://ieeexplore.ieee.org/stamp/stamp.jsp?arnumber=9711448,Transfer/Low-shot/Semi/Unsupervised Learning;Visual reasoning and logical representation,24.0,yes,moved,no,no,no,yes
Nearest Neighbor Guidance for Out-of-Distribution Detection,J. Park; Y. G. Jung; A. Beng Jin Teoh,2023 IEEE/CVF International Conference on Computer Vision (ICCV),2023,"Detecting out-of-distribution (OOD) samples are crucial for machine learning models deployed in open-world environments. Classifier-based scores are a standard approach for OOD detection due to their fine-grained detection capability. However, these scores often suffer from overconfidence issues, misclassifying OOD samples distant from the in-distribution region. To address this challenge, we propose a method called Nearest Neighbor Guidance (NNGuide) that guides the classifier-based score to respect the boundary geometry of the data manifold. NNGuide reduces the overconfidence of OOD samples while preserving the fine-grained capability of the classifier-based score. We conduct extensive experiments on ImageNet OOD detection benchmarks under diverse settings, including a scenario where the ID data undergoes natural distribution shift. Our results demonstrate that NNGuide provides a significant performance improvement on the base detection scores, achieving state-of-the-art results on both AUROC, FPR95, and AUPR metrics.",10.1109/ICCV51070.2023.00162,https://ieeexplore.ieee.org/stamp/stamp.jsp?arnumber=10377411,,17.0,yes,moved,no,no,no,yes
MSP: Multimodal Self-Attention Prompt Learning,X. Lai; X. Ke; H. Xu; S. Wu; W. Guo,IEEE Transactions on Image Processing,2025,"Multimodal prompt learning has emerged as an effective strategy for adapting vision-language models such as CLIP to downstream tasks. However, conventional approaches typically operate at the input level, forcing learned prompts to propagate through a sequence of frozen Transformer layers. This indirect adaptation introduces cumulative geometric distortions, a limitation that we formalize as the indirect learning dilemma (ILD), leading to overfitting of the base class and reduced generalization to novel classes. To overcome this challenge, we propose the Multimodal Self-Attention Prompt (MSP) framework, which shifts adaptation into the semantic core of the model by injecting learnable prompts directly into the key and value sequences of attention blocks. This direct modulation preserves the pretrained embedding geometry while enabling more precise downstream adaptation. MSP further incorporates distance-aware optimization to maintain semantic consistency with CLIP’s original representation space, and partial prompt learning via stochastic dimension masking to improve robustness and prevent over-specialization. Extensive evaluations across 11 benchmarks demonstrate the effectiveness of MSP. It achieves a state-of-the-art harmonic mean accuracy of 80.67%, with 77.32% accuracy on novel classes—representing a 2.18% absolute improvement over prior methods—while requiring only 0.11M learnable parameters. Notably, MSP surpasses CLIP’s zero-shot performance on 10 out of 11 datasets, establishing a new paradigm for efficient and generalizable prompt-based adaptation. Our implementation is available at https://github.com/laixinyi023/Multimodal-Self-Attention-Prompt",10.1109/TIP.2025.3607613,https://ieeexplore.ieee.org/stamp/stamp.jsp?arnumber=11164481,Few-shot learning;transfer learning;image classification;prompt learning;vision-language model,,,removed,no,no,no,no
Multi-Scale Feature-Probability Consistency for Domain Concept Drift Detection in Non-Stationary Industrial Fault Diagnosis,P. Lian; J. Song; J. Zhang; J. Zou; S. Fan,IECON 2025 – 51st Annual Conference of the IEEE Industrial Electronics Society,2025,"Concept drift remains a critical challenge in non-stationary industrial fault diagnosis processes, where evolving operational conditions induce continuous distributional shifts and hinder model generalization. While existing continual learning approaches primarily focus on mitigating forgetting, they often lack explicit mechanisms to detect and quantify drift in a timely manner. To address this, this paper proposes a novel multi-scale feature-probability consistency-based drift detection (MFPC-DCD) framework. It comprises three core components: (1) a feature-level divergence module that leverages Maximum Mean Discrepancy (MMD) to measure latent representation shifts; (2) a probability-level divergence module utilizing Jensen–Shannon divergence to quantify predictive inconsistencies; and (3) a multi-scale consistency fusion strategy that aggregates drift signals across short-, mid-, and long-term temporal windows, thereby enhancing robustness and temporal granularity. The MFPC-DCD method can explicitly detect domain shifts by jointly capturing structural and semantic distributional variations through multi-resolution analysis and then the resulting unified drift coefficient provides precise quantification of domain shifts and can be seamlessly integrated into downstream continual learning fault diagnosis for adaptive regularization. Experiments conducted on two fault diagnosis datasets — CWRU, and our proprietary DPS — demonstrate that MFPC-DCD achieves state-of-the-art drift detection performance and adaptability under diverse drift scenarios.",10.1109/IECON58223.2025.11221095,https://ieeexplore.ieee.org/stamp/stamp.jsp?arnumber=11221095,Domain concept drift detection;Multi-scale consistency;Feature-probability divergence;Non-stationary industrial fault diagnosis,,,removed,no,no,no,no
Multi-Task Image Restoration Algorithm Under Different Weather Influence Factors,L. Meng; M. Xin; J. Zhang; F. Zou; Q. Zhao,IEEE Access,2024,"Bad weather, such as rain, snow, and fog, will reduce the quality of the image acquired, and it will affect the performance of many related visual fields. The existing researches on image restoration under severe weather either focus on the restoration under a certain kind of weather, which cannot be generalized under different weather, or need to introduce additional model structures, which increases the burden of practical applications. Therefore, we explores an integrated image restoration framework, which can restore images under different adverse weather effects. Specifically, the model is trained in two stages. In the pre-training stage, a basic general network that can deal with multiple weather is trained by supervised learning. In the fine-tuning stage, soft prompts are introduced to stimulate the model’s ability to cope with different weather, so as to enhance the generalization ability. Specifically, the hidden information of the prompts is explored by low-rank decomposition, and the contras loss is added to prompt the prompts to converge on similar tasks. Furthermore, we address the distribution shift problem by aligning out-of-distribution (OOD) test sample statistics with those of the source data using test-time prompt tuning. Finally, we use the evaluation metrics, PSNR and SSIM, to evaluate the proposed method under four tasks: rain removal, snow removal, fog removal, and raindrop removal. The results demonstrate that the proposed method achieves superior performance compared to the existing state-of-the-art.",10.1109/ACCESS.2024.3520484,https://ieeexplore.ieee.org/stamp/stamp.jsp?arnumber=10810379,Transformer architecture;pretrain-finetuning;soft prompts;contrast learning;distribution alignment strategy,,,removed,no,no,no,yes
Negative Sampling in Variational Autoencoders,A. Csiszárik; B. Benkő; D. Varga,2022 IEEE 2nd Conference on Information Technology and Data Science (CITDS),2022,"Modern deep artificial neural networks have achieved great success in the domain of computer vision and beyond. However, their application to many real-world tasks is undermined by certain limitations, such as overconfident uncertainty estimates on out-of-distribution data or performance deterioration under data distribution shifts. Several types of deep learning models used for density estimation through probabilistic generative modeling have been shown to fail to detect out-of-distribution samples by assigning higher likelihoods to anomalous data. We investigate this failure mode in Variational Autoencoder models, which are also prone to this, and improve upon the out-of-distribution generalization performance of the model by employing an alternative training scheme utilizing negative samples. We present a fully unsupervised version: when the model is trained in an adversarial manner, the generator’s own outputs can be used as negative samples. We demonstrate empirically the effectiveness of the approach in reducing the overconfident likelihood estimates of out-of-distribution inputs on image data.",10.1109/CITDS54976.2022.9914244,https://ieeexplore.ieee.org/stamp/stamp.jsp?arnumber=9914244,artificial neural networks;generative modeling;variational autoencoder;out-of-distribution detection,2.0,yes,moved,no,no,no,no
Multimodal Classification and Out-of-distribution Detection for Multimodal Intent Understanding,H. Zhang; Q. Zhou; H. Xu; J. Su; R. Evans; K. Gao,IEEE Transactions on Multimedia,2025,"Multimodal intent understanding is a significant research area that requires effective leveraging of multiple modalities to analyze human language. Existing methods face two main challenges in this domain. Firstly, they have limitations in capturing the nuanced and high-level semantics underlying complex in-distribution (ID) multimodal intents. Secondly, they exhibit poor generalization when confronted with unseen out-of-distribution (OOD) data in real-world scenarios. To address these issues, we propose a novel method for both ID classification and OOD detection (MIntOOD). We first introduce a weighted feature fusion network that models multimodal representations. This network dynamically learns the importance of each modality, adapting to multimodal contexts. To develop discriminative representations for both tasks, we synthesize pseudo-OOD data from convex combinations of ID data and engage in multimodal representation learning from both coarse-grained and fine-grained perspectives. The coarse-grained perspective focuses on distinguishing between ID and OOD binary classes, while the fine-grained perspective not only enhances the discrimination between different ID classes but also captures instance-level interactions between ID and OOD samples, promoting proximity among similar instances and separation from dissimilar ones. We establish baselines for three multimodal intent datasets and build an OOD benchmark. Extensive experiments on these datasets demonstrate that our method significantly improves OOD detection performance with a 3%$\sim$10% increase in AUROC scores while achieving new state-of-the-art results in ID classification.",10.1109/TMM.2025.3618541,https://ieeexplore.ieee.org/stamp/stamp.jsp?arnumber=11195733,Multimodal intent understanding;intent classification;out-of-distribution detection;multimodal fusion,,,removed,no,yes,no,no
Global-Local Coupled Style Transfer for Semantic Segmentation of Bitemporal Remote Sensing Images,H. Wang; M. Guo; S. Li; H. Li; C. Tao,IEEE Transactions on Geoscience and Remote Sensing,2024,"Due to the different acquisition conditions, large variations in the feature distributions of two temporal domains generally exist, known as temporal domain shift. The temporal domain shift is primarily influenced by coupled dual-factor: global style variations (such as illumination and weather conditions) and local style variations (such as the inherent phenological properties of land cover classes). In this article, we first formulate the temporal domain shift problem as an issue of dual-factor coupled interference on feature distributions in remote sensing (RS) community. To address this issue, we propose a semantic-guided style transfer (SGST) framework seamlessly integrating global feature alignment with local feature semantic matching. We use an adaptive segmentation model to provide pseudosegmentation maps and feed them into the style transfer model as semantic guidance. Under semantic guidance, a semantic-constrained style normalization (SCSN) module is designed to achieve style transfer at both global and local levels. Furthermore, a dual learning approach is introduced to make the style transfer model and the adaptive segmentation model promote each other. As a result, the style transfer model generates high-quality style-transferred images, and the adaptive segmentation model progressively predicts more accurate pseudosegmentation maps. Extensive experiments demonstrate the superiority of our proposed framework over state-of-the-art methods in terms of both perceptual quality and quantitative performance.",10.1109/TGRS.2024.3425672,https://ieeexplore.ieee.org/stamp/stamp.jsp?arnumber=10589718,Dual learning;global–local coupled style transfer;semantic guidance;temporal domain shift,3.0,,removed,no,no,no,no
HybridAugment++: Unified Frequency Spectra Perturbations for Model Robustness,M. K. Yucel; R. G. Cinbis; P. Duygulu,2023 IEEE/CVF International Conference on Computer Vision (ICCV),2023,"Convolutional Neural Networks (CNN) are known to exhibit poor generalization performance under distribution shifts. Their generalization have been studied extensively, and one line of work approaches the problem from a frequency-centric perspective. These studies highlight the fact that humans and CNNs might focus on different frequency components of an image. First, inspired by these observations, we propose a simple yet effective data augmentation method HybridAugment that reduces the reliance of CNNs on high-frequency components, and thus improves their robustness while keeping their clean accuracy high. Second, we propose HybridAugment++, which is a hierarchical augmentation method that attempts to unify various frequency-spectrum augmentations. HybridAugment++ builds on HybridAugment, and also reduces the reliance of CNNs on the amplitude component of images, and promotes phase information instead. This unification results in competitive to or better than state-of-the-art results on clean accuracy (CIFAR-10/100 and ImageNet), corruption benchmarks (ImageNet-C, CIFAR-10-C and CIFAR-100-C), adversarial robustness on CIFAR-10 and out-of-distribution detection on various datasets. HybridAugment and HybridAugment++ are implemented in a few lines of code, does not require extra data, ensemble models or additional networks 1.",10.1109/ICCV51070.2023.00526,https://ieeexplore.ieee.org/stamp/stamp.jsp?arnumber=10377944,,9.0,yes,no,no,no,no,no
Non-adversarial Robustness of Deep Learning Methods for Computer Vision,G. Gojić; V. Vincan; O. Kundačina; D. Mišković; D. Dragan,"2023 10th International Conference on Electrical, Electronic and Computing Engineering (IcETRAN)",2023,"Non-adversarial robustness, also known as natural robustness, is a property of deep learning models that enables them to maintain performance even when faced with distribution shifts caused by natural variations in data. However, achieving this property is challenging because it is difficult to predict in advance the types of distribution shifts that may occur. To address this challenge, researchers have proposed various approaches, some of which anticipate potential distribution shifts, while others utilize knowledge about the shifts that have already occurred to enhance model generalizability. In this paper, we present a brief overview of the most recent techniques for improving the robustness of computer vision methods, as well as a summary of commonly used robustness benchmark datasets for evaluating the model’s performance under data distribution shifts. Finally, we examine the strengths and limitations of the approaches reviewed and identify general trends in deep learning robustness improvement for computer vision.",10.1109/IcETRAN59631.2023.10192125,https://ieeexplore.ieee.org/stamp/stamp.jsp?arnumber=10192125,non-adversarial;natural;out-of-distribution;robustness;domain adaptation;domain generalization;deep learning;computer vision,4.0,yes,moved,no,no,no,no
Natural Adversarial Examples,D. Hendrycks; K. Zhao; S. Basart; J. Steinhardt; D. Song,2021 IEEE/CVF Conference on Computer Vision and Pattern Recognition (CVPR),2021,"We introduce two challenging datasets that reliably cause machine learning model performance to substantially degrade. The datasets are collected with a simple adversarial filtration technique to create datasets with limited spurious cues. Our datasets’ real-world, unmodified examples transfer to various unseen models reliably, demonstrating that computer vision models have shared weaknesses. The first dataset is called IMAGENET-A and is like the ImageNet test set, but it is far more challenging for existing models. We also curate an adversarial out-of-distribution detection dataset called IMAGENET-O, which is the first out-of-distribution detection dataset created for ImageNet models. On IMAGENET-A a DenseNet-121 obtains around 2% accuracy, an accuracy drop of approximately 90%, and its out-of-distribution detection performance on IMAGENET-O is near random chance levels. We find that existing data augmentation techniques hardly boost performance, and using other public training datasets provides improvements that are limited. However, we find that improvements to computer vision architectures provide a promising path towards robust models.",10.1109/CVPR46437.2021.01501,https://ieeexplore.ieee.org/stamp/stamp.jsp?arnumber=9578772,,575.0,,removed,no,no,no,no
On Robustness and Transferability of Convolutional Neural Networks,J. Djolonga; J. Yung; M. Tschannen; R. Romijnders; L. Beyer; A. Kolesnikov; J. Puigcerver; M. Minderer; A. D’Amour; D. Moldovan; S. Gelly; N. Houlsby; X. Zhai; M. Lucic,2021 IEEE/CVF Conference on Computer Vision and Pattern Recognition (CVPR),2021,"Modern deep convolutional networks (CNNs) are often criticized for not generalizing under distributional shifts. However, several recent breakthroughs in transfer learning suggest that these networks can cope with severe distribution shifts and successfully adapt to new tasks from a few training examples. In this work we study the interplay between out-of-distribution and transfer performance of modern image classification CNNs for the first time and investigate the impact of the pre-training data size, the model scale, and the data preprocessing pipeline. We find that increasing both the training set and model sizes significantly improve the distributional shift robustness. Furthermore, we show that, perhaps surprisingly, simple changes in the preprocessing such as modifying the image resolution can significantly mitigate robustness issues in some cases. Finally, we outline the shortcomings of existing robustness evaluation datasets and introduce a synthetic dataset SI-SCORE we use for a systematic analysis across factors of variation common in visual data such as object size and position.",10.1109/CVPR46437.2021.01619,https://ieeexplore.ieee.org/stamp/stamp.jsp?arnumber=9577370,,45.0,yes,moved,no,no,no,yes
One to segment them All: A Data-based Domain Generalization approach for Solar Module segmentation using Thermal UAV Images,Z. Barraz; I. Sebari; K. Ait El Kadi; N. Lamrini; I. Ait Abdelmoula,"2024 10th International Conference on Control, Decision and Information Technologies (CoDIT)",2024,"Using trained deep learning models on an out-of-distribution dataset could affect those models’ performance, which is most likely to decline due to the domain shift between the training domain and the target domain. To this end, Domain Generalization (DG) is one of the tools used to improve the generalization rate of the model and increase its adaptability to unseen data. Using a data-based domain generalization, this study intends to create a solar module segmentation model using thermal UAV images, by including various type of technologies and representations of solar modules in training data. Developing the generalization of the solar panel segmentation could enhance the performance in the workflow of automatic photovoltaic plants monitoring. The thermal images dataset was collected from six photovoltaic sites in Benguerir - Morocco in various shooting conditions. The global capacity of these systems is 1MW and they are equipped with different technologies. The training of this model achieved 99% mAP@0.5 for testing and could perform well on unseen data, that is different from the training data, ensuring the effectiveness of the approach to generalize the trained Deep learning models which can be used in other domains.",10.1109/CoDIT62066.2024.10708490,https://ieeexplore.ieee.org/stamp/stamp.jsp?arnumber=10708490,Domain Generalization;out-of-distribution Datasets;Solar module Segmentation;Deep Learning;Thermal UAV Images,1.0,yes,moved,no,no,no,yes
Neural Textured Deformable Meshes for Robust Analysis-by-Synthesis,A. Wang; W. Ma; A. Yuille; A. Kortylewski,2024 IEEE/CVF Winter Conference on Applications of Computer Vision (WACV),2024,"Human vision demonstrates higher robustness than current AI algorithms under out-of-distribution scenarios. It has been conjectured such robustness benefits from performing analysis-by-synthesis. Our paper formulates triple vision tasks in a consistent manner using approximate analysis-by-synthesis by render-and-compare algorithms on neural features. In this work, we introduce Neural Textured Deformable Meshes (NTDM), which involve the object model with deformable geometry that allows optimization on both camera parameters and object geometries. The deformable mesh is parameterized as a neural field, and covered by whole-surface neural texture maps, which are trained to have spatial discriminability. During inference, we extract the feature map of the test image and subsequently optimize the 3D pose and shape parameters of our model using differentiable rendering to best reconstruct the target feature map. We show that our analysis-by-synthesis is much more robust than conventional neural networks when evaluated on real-world images and even in challenging out-of-distribution scenarios, such as occlusion and domain shift. Our algorithms are competitive with standard algorithms when tested on conventional performance measures.",10.1109/WACV57701.2024.00308,https://ieeexplore.ieee.org/stamp/stamp.jsp?arnumber=10484078,Algorithms;3D computer vision;Algorithms;Image recognition and understanding,1.0,,removed,no,no,no,yes
OOD-CV-v2 : An Extended Benchmark for Robustness to Out-of-Distribution Shifts of Individual Nuisances in Natural Images,B. Zhao; J. Wang; W. Ma; A. Jesslen; S. Yang; S. Yu; O. Zendel; C. Theobalt; A. L. Yuille; A. Kortylewski,IEEE Transactions on Pattern Analysis and Machine Intelligence,2024,"Enhancing the robustness of vision algorithms in real-world scenarios is challenging. One reason is that existing robustness benchmarks are limited, as they either rely on synthetic data or ignore the effects of individual nuisance factors. We introduce OOD-CV-v2, a benchmark dataset that includes out-of-distribution examples of 10 object categories in terms of pose, shape, texture, context and the weather conditions, and enables benchmarking of models for image classification, object detection, and 3D pose estimation. In addition to this novel dataset, we contribute extensive experiments using popular baseline methods, which reveal that: 1) Some nuisance factors have a much stronger negative effect on the performance compared to others, also depending on the vision task. 2) Current approaches to enhance robustness have only marginal effects, and can even reduce robustness. 3) We do not observe significant differences between convolutional and transformer architectures. We believe our dataset provides a rich test bed to study robustness and will help push forward research in this area.",10.1109/TPAMI.2024.3462293,https://ieeexplore.ieee.org/stamp/stamp.jsp?arnumber=10682066,Out-of-distribution generalization;Robustness;3D pose estimation;image classification;6D pose estimation,7.0,yes,moved,no,yes,no,no
NICO++: Towards Better Benchmarking for Domain Generalization,X. Zhang; Y. He; R. Xu; H. Yu; Z. Shen; P. Cui,2023 IEEE/CVF Conference on Computer Vision and Pattern Recognition (CVPR),2023,"Despite the remarkable performance that modern deep neural networks have achieved on independent and identically distributed (I.I.D.) data, they can crash under distribution shifts. Most current evaluation methods for do-main generalization (DG) adopt the leave-one-out strategy as a compromise on the limited number of domains. We propose a large-scale benchmark with extensive labeled domains named $NICO^{++}$ along with more rational evaluation methods for comprehensively evaluating DC algorithms. To evaluate DG datasets, we propose two metrics to quantify covariate shift and concept shift, respectively. Two novel generalization bounds from the perspective of data construction are proposed to prove that limited concept shift and significant covariate shift favor the evaluation capability for generalization. Through extensive experiments, $NlCO^{++}$ shows its superior evaluation capability compared with current DG datasets and its contribution in alleviating unfairness caused by the leak of oracle knowledge in model selection. The data and code for the benchmark based on $NICO^{++}$ are available at https://github.com/xxgege/NICO-plus.",10.1109/CVPR52729.2023.01539,https://ieeexplore.ieee.org/stamp/stamp.jsp?arnumber=10205329,Datasets and evaluation,47.0,,removed,no,no,no,no
OoDBench+: Quantifying and Understanding Two Dimensions of Out-of-Distribution Generalization,N. Ye; K. Li; F. Wu; H. Bai; R. Yu; L. Hong; F. Zhou; Z. Li; J. Zhu; X. Wang; C. Zhou,IEEE Transactions on Pattern Analysis and Machine Intelligence,2025,"Deep learning has demonstrated remarkable generalization capability with independent and identically distributed (i.i.d.) training and test data, however, it often struggles with data drawn from different, albeit causally related, distributions. This problem is generally known as Out-of-Distribution (OoD) generalization. While there is a plethora of algorithms proposed for OoD generalization, the current understanding of the data commonly employed to evaluate these algorithms remains relatively naive. In this study, we identify two distinct types of distribution shifts, namely diversity shift and correlation shift, that are ubiquitous in various OoD datasets. We propose a quantifiable formal definition for the two shifts and show that the performance of OoD algorithms is upper bounded by them. To validate our theoretical insight, we evaluate a number of OoD generalization algorithms across two groups of datasets from both classification and object detection areas, each dominated by one of the shifts, exposing the strengths of the algorithms against one shift as well as their limitations against the other. We further proved that all performance degradations according to data distribution shifts can be attributed to these two types of shifts defined in our paper. The benchmark integrates existing datasets and algorithms from different research areas that seem unrelated into a coherent picture, which may serve as a foundation for future OoD generalization research.",10.1109/TPAMI.2025.3628027,https://ieeexplore.ieee.org/stamp/stamp.jsp?arnumber=11224007,Out-of-Distribution Generalization;Benchmark;Distribution Shifts,,yes,moved,no,no,no,no
HyperMix: Out-of-Distribution Detection and Classification in Few-Shot Settings,N. Mehta; K. J. Liang; J. Huang; F. -J. Chu; L. Yin; T. Hassner,2024 IEEE/CVF Winter Conference on Applications of Computer Vision (WACV),2024,"Out-of-distribution (OOD) detection is an important topic for real-world machine learning systems, but settings with limited in-distribution samples have been underexplored. Such few-shot OOD settings are challenging, as models have scarce opportunities to learn the data distribution before being tasked with identifying OOD samples. Indeed, we demonstrate that recent state-of-the-art OOD methods fail to outperform simple baselines in the few-shot setting. We thus propose a hypernetwork framework called HyperMix, using Mixup on the generated classifier parameters, as well as a natural out-of-episode outlier exposure technique that does not require an additional outlier dataset. We conduct experiments on CIFAR-FS and MiniImageNet, significantly outperforming other OOD methods in the few-shot regime.",10.1109/WACV57701.2024.00240,https://ieeexplore.ieee.org/stamp/stamp.jsp?arnumber=10484336,Algorithms;Machine learning architectures;formulations;and algorithms,1.0,yes,moved,no,no,no,no
Offline DRL for Price-Based Demand Response: Learning From Suboptimal Data and Beyond,T. Qian; Z. Liang; C. Shao; H. Zhang; Q. Hu; Z. Wu,IEEE Transactions on Smart Grid,2024,"Demand response providers (DRPs) play a crucial role in the retail electricity markets as they bridge the gap between the distribution systems operator (DSO) and end participants. The DRPs’ primary objective is to devise a pricing strategy that maximizes their profits, without access to private customer preferences. The vanilla deep reinforcement learning (DRL) paradigm is inapplicable in this context, as they require iterative data collection through interaction with the environment. To address this challenge, we propose an offline DRL-based approach that enables the DRPs to learn pricing strategies from static suboptimal data, without the need for any online interaction. The proposed approach updates DRPs’ Q-value via incorporating a in-distribution behavior decoder and regularization terms to prevent the overestimation caused by out-of-distribution experiences. It is designed to extract better policies from suboptimal data obtained from DRPs’ rule-based strategies. Case studies are conducted to demonstrate that the proposed approach significantly improves DRPs’ profits and outperforms imitation learning, off-policy and Bayesian DRL in various environment settings. Our approach is also shown to be effective in handling different levels of uncertainties in load demands and electricity prices. Finally, our approach provides better pre-trained weights when transferred from offline to online to attain near-optimal strategies.",10.1109/TSG.2024.3382293,https://ieeexplore.ieee.org/stamp/stamp.jsp?arnumber=10480734,Demand response;deep reinforcement learning;offline learning;suboptimal data;uncertainty,17.0,,removed,no,no,no,no
Offline Reinforcement Learning Based on Next State Supervision,J. Yan; Q. Liu; L. Zhang,"ICASSP 2024 - 2024 IEEE International Conference on Acoustics, Speech and Signal Processing (ICASSP)",2024,"Offline reinforcement learning aims to maximize the use of static offline datasets to train agents without interacting with the environment. For the problem of distribution shifts, most approaches avoid out-of-distribution actions through strong constraints, and do not consider generalization and learning within these domains. Based on this problem, we propose a novel method offline reinforcement learning based on next state supervision (NSS), which consists of two main components, the guidance policy and an adaptive coefficient. The guidance policy outputs the next-state with the highest value within a certain range around the current state and an adaptive coefficient regulates the weight of the penalty term in the learned policy. Empirical studies show that the method improves the performance of the baseline method with constraints while having some generalization ability.",10.1109/ICASSP48485.2024.10446781,https://ieeexplore.ieee.org/stamp/stamp.jsp?arnumber=10446781,Offline Reinforcement Learning;Out-Of-Distribution;Adaptive Coefficient;Generalization;Supervised Learning,1.0,,removed,no,no,no,yes
Offline Reinforcement Learning via Conservative Smoothing and Dynamics Controlling,H. Guo; F. Li; J. Li; H. Liu,"ICASSP 2025 - 2025 IEEE International Conference on Acoustics, Speech and Signal Processing (ICASSP)",2025,"Offline Reinforcement Learning (RL) optimizes policy using pre-collected data instead of direct environment interaction, offering a safe and cost-effective solution for sequential decision-making in the real world. However, it faces challenges such as distribution shift issues and vulnerability under perturbations. Researchers have developed various conservative methods to improve the robustness of offline RL. Nevertheless, model-based methods can result in transition distribution shift issues, while model-free value-based uncertainty penalty methods may not be sufficiently robust. To address these problems, we propose a new method called Robust Offline RL via Conservative Smoothing and Dynamics Controlling (RCSD). To achieve reliable value estimation of out-of-distribution (OOD) actions, RCSD uses both model-free uncertainty penalty and model-based simulation methods. It introduces a new one-step simulation method with conservative dynamics controlling to avoid value overestimation caused by transition distribution shifts. Moreover, RCSD considers both current and next states when generating OOD states to ensure cautious value estimation and efficient data utilization. RCSD uses conservative Q-smoothing and policy smoothing to strengthen the policy against sudden changes under perturbations. Experiments on D4RL benchmark demonstrate that RCSD can achieve state-of-the-art performance compared to baselines in either benchmark or adversarial attack tests.",10.1109/ICASSP49660.2025.10889801,https://ieeexplore.ieee.org/stamp/stamp.jsp?arnumber=10889801,robust offline reinforcement learning;one-step conservative dynamics controlling;conservative Q-smoothing;policy smoothing;ensemble soft Q-learning;adversarial attack,1.0,,removed,no,no,no,no
Offline Reinforcement Learning via Policy Regularization and Ensemble Q-Functions,T. Wang; S. Xie; M. Gao; X. Chen; Z. Zhang; H. Yu,2022 IEEE 34th International Conference on Tools with Artificial Intelligence (ICTAI),2022,"Offline reinforcement learning aims to learn effective policies from a fixed set of data collected in advance and without further interaction with the environment during learning. This setting will promote the applications of reinforcement learning in the real world, in which interaction is costly or dangerous. However, existing off-policy algorithms can fail in offline settings due to the distributional shift between the learned policy and the policy that collected the dataset. To solve the problem, we develop a lightweight and effective algorithm, policy regularization with behavior model (PRBM). Firstly, PRBM trains a behavior model as the regularization term during policy optimization to avoid choosing out-of-distribution (OOD) actions. Secondly, to avoid the overestimation of OOD actions, PRBM trains multiple Q- functions and uses their min-max mixture to compute Q-values. Our experiments on different datasets from various continuous control tasks demonstrate that PRBM outperforms most baselines (especially on medium quality datasets) and requires only half of their training time.",10.1109/ICTAI56018.2022.00178,https://ieeexplore.ieee.org/stamp/stamp.jsp?arnumber=10097970,Deep reinforcement learning;Offline RL;Distributional shift;Policy regularization,1.0,,removed,no,no,no,yes
Offline Reinforcement Learning with Generative Adversarial Networks and Uncertainty Estimation,L. Wu; Q. Liu; L. Zhang; Z. Huang,"ICASSP 2024 - 2024 IEEE International Conference on Acoustics, Speech and Signal Processing (ICASSP)",2024,"In recent years, offline reinforcement learning has attracted considerable attention in artificial intelligence. By generating a static dataset through a behavior policy, it is unable to engage in online interactions with the environment. However, this inevitably leads to states or actions undergoing inherent distribution shifts. To address the above concerns, offline reinforcement learning with generative adversarial networks and uncertainty estimation (GANUE) is proposed. This approach parameterizes the conditional generative adversarial networks and avoids the over-constraint problem that would be introduced when using a distance metric. Estimating the Q-value through ensemble uncertainty not only relaxes the policy constraint strength but also enhances the out-of-distribution generalization ability. The experimental results show that GANUE significantly performs better on the Maze2D and Adroit tasks than multiple baselines. In addition, we perform sensitivity analysis experiments for the parameters of the perturbation model.",10.1109/ICASSP48485.2024.10446266,https://ieeexplore.ieee.org/stamp/stamp.jsp?arnumber=10446266,Offline reinforcement learning;Distribution shifts;Policy constraint;Generative adversarial networks;Uncertainty estimation,2.0,,removed,no,no,no,yes
Offline Reinforcement Learning with Policy Guidance and Uncertainty Estimation,L. Wu; Q. Liu; L. Zhang; Z. Huang,"ICASSP 2024 - 2024 IEEE International Conference on Acoustics, Speech and Signal Processing (ICASSP)",2024,"Offline reinforcement learning is an approach for transforming static datasets into powerful decision engines. It cannot interact with the environment online, which leads to distribution shifts. Previous approaches addressed this problem by making the current policy as close as possible to the behavior policy. However, this type of approach severely limits the generalization ability of Q-functions. To address the above concerns, offline reinforcement learning with policy guidance and uncertainty estimation (PGUE) is proposed. PGUE proposes a fine-grained adjustment approach that improves the generalization ability of Q-functions using a perturbation model. The enhancement of the out-of-distribution generalization of Q-functions is achieved through the implicit guidance of the state space via a deterministic latent policy. Meanwhile, integrating uncertainty estimation into the loss function improves the in-distribution generalization of Q-functions. On the D4RL benchmark, PGUE has better performance than baselines. Moreover, we verify the state distribution and its out-of-distribution generalization ability.",10.1109/ICASSP48485.2024.10447908,https://ieeexplore.ieee.org/stamp/stamp.jsp?arnumber=10447908,Offline reinforcement learning;Distribution shifts;Generalization ability;Policy guidance;Uncertainty estimation,,,removed,no,no,no,yes
Offline Reinforcement Learning with Uncertainty Critic Regularization Based on Density Estimation,C. Li; F. Wu; J. Zhao,2023 International Joint Conference on Neural Networks (IJCNN),2023,"By utilizing previously offline data, offline reinforcement learning (offline RL) can develop effective policies for the environment with complex online interaction. However, due to the incomplete coverage of offline datasets, the estimation errors of Q-functions caused by out-of-distribution (OOD) actions may cause current off-policy methods to fail. Offline RL uses policy constraints, value function regularization, or uncertainty estimation to drive the learned policy from resembling behavioral policy. Unfortunately, the policy constraints approach restricts the learned policy to a region near the sub-optimal behavioral policy. In addition, the value function regularization approach does not accurately assess OOD actions, which can cause it to be too conservative in estimating the Q-value of actions within the proximity distribution. Finally, the uncertainty estimation is biased due to the complex environment or inaccurate valuation early in training. We suggest Density-UCR as a solution to the aforementioned issues. Density-UCR makes the Q-function estimate have a lower-confidence bound (LCB) and penalizes the OOD actions by using the estimation error of the ensemble Q-functions as a penalty value. Additionally, Density-UCR models the offline data's distribution using a density estimator to derive more accurate uncertainty weights for the penalty value. Density-UCR employs uncertainty estimates as the weight of the priority replay buffer to increase the stability of online fine-tuning and prevent performance degradation caused by the distribution shift of offline samples over online samples. Our experiments on the D4RL benchmark show that Density-UCR significantly outperforms the policy constraints approach with the value function regularization approach. Furthermore, Density-UCR also offers excellent fine-tuning performance.",10.1109/IJCNN54540.2023.10191540,https://ieeexplore.ieee.org/stamp/stamp.jsp?arnumber=10191540,,,,removed,no,no,no,yes
On Calibration of Pretrained Code Models,Z. Zhou; C. Sha; X. Peng,2024 IEEE/ACM 46th International Conference on Software Engineering (ICSE),2024,"Pretrained code models have achieved notable success in the field of Software Engineering (SE). However, existing studies have pre-dominantly focused on improving model performance, with limited attention given to other critical aspects such as model calibration. Model calibration, which refers to the accurate estimation of predictive uncertainty, is a vital consideration in practical applications. Therefore, in order to advance the understanding of model cali-bration in SE, we conduct a comprehensive investigation into the calibration of pretrained code models in this paper. Our inves-tigation focuses on five pretrained code models and four code understanding tasks, including analyses of calibration in both in-distribution and out-of-distribution settings. Several key insights are uncovered: (1) pretrained code models may suffer from the issue of over-confidence; (2) temperature scaling and label smoothing are effective in calibrating code models in in-distribution data; (3) the issue of over-confidence in pretrained code models worsens in different out-of-distribution settings, and the effectiveness of temperature scaling and label smoothing diminishes. All materi-als used in our experiments are available at https://github.com/queserasera22/Calibration-of-Pretrained-Code-Models.",10.1145/3597503.3639126,https://ieeexplore.ieee.org/stamp/stamp.jsp?arnumber=10549419,Pretrained Code Models;Model Calibration;Model Reliability,1.0,,removed,no,no,no,no
Joint Out-of-Distribution Filtering and Data Discovery Active Learning,S. Schmidt; L. Schenk; L. Schwinn; S. Günnemann,2025 IEEE/CVF Conference on Computer Vision and Pattern Recognition (CVPR),2025,"As the data demand for deep learning models increases, active learning (AL) becomes essential to strategically select samples for labeling, which maximizes data efficiency and reduces training costs. Real-world scenarios necessitate the consideration of incomplete data knowledge within AL. Prior works address handling out-of-distribution (OOD) data, while another research direction has focused on category discovery. However, a combined analysis of real-world considerations combining AL with OOD data and category discovery remains unexplored. To address this gap, we propose Joint Out-of-distribution filtering and data Discovery Active learning (Joda)1, to uniquely address both challenges simultaneously by filtering out OOD data before selecting candidates for labeling. In contrast to previous methods, we deeply entangle the training procedure with filter and selection to construct a common feature space that aligns known and novel categories while separating OOD samples. Unlike previous works, Joda is highly efficient and completely omits auxiliary models and training access to the unlabeled pool for filtering or selection. In extensive experiments on 18 configurations and 3 metrics, Joda consistently achieves the highest accuracy with the best class discovery to OOD filtering balance compared to state-of-the-art competitor approaches.",10.1109/CVPR52734.2025.02391,https://ieeexplore.ieee.org/stamp/stamp.jsp?arnumber=11092357,active learning;out-of-distribution detection;category discovery,,no,no,no,no,no,no
On the Out-Of-Distribution Generalization of Large Multimodal Models,X. Zhang; J. Li; W. Chu; J. Hai; R. Xu; Y. Yang; S. Guan; J. Xu; L. Jing; P. Cui,2025 IEEE/CVF Conference on Computer Vision and Pattern Recognition (CVPR),2025,"We investigate the generalization boundaries of current Large Multimodal Models (LMMs) under out-of-distribution scenarios and domain-specific tasks. We evaluate their zero-shot generalization across synthetic images, real-world distributional shifts, and specialized datasets like medical and molecular imagery. Empirical results indicate that LMMs struggle with generalization beyond common training domains, limiting their direct application without adaptation. To understand the cause of unreliable performance, we analyze three hypotheses: semantic misinterpretation, visual feature extraction insufficiency, and mapping deficiency. Results identify mapping deficiency as the primary hurdle. To address this problem, we show that in-context learning (ICL) can significantly enhance LMMs’ generalization. We further explore the robustness of ICL under distribution shifts and show its vulnerability to domain shifts, label shifts, and spurious correlation shifts between in-context examples and test data, opening new avenues for overcoming generalization barriers.",10.1109/CVPR52734.2025.00965,https://ieeexplore.ieee.org/stamp/stamp.jsp?arnumber=11093370,generalization,1.0,,removed,no,no,no,no
Evaluating and Explaining Generative Adversarial Networks for Continual Learning under Concept Drift,F. Guzy; M. Wo&#x017A;niak; B. Krawczyk,2021 International Conference on Data Mining Workshops (ICDMW),2021,"Generative Adversarial Networks (GANs) are among the most popular contemporary machine learning algorithms. Despite remarkable successes in their developments, existing GANs cannot offer the appropriate tools to monitor their performance in a continual learning scenario when data distribution changes. We propose a complete framework for monitoring and evaluating GANs during the continual learning, explaining their reaction to the data distribution shifts. The proposed approach is the first complete solution for evaluating GANs in drifting environments, additionally adding explainability to the adaptation process. We introduce a novel prequential metric for continual evaluation of GANs. We show how to use various information extracted from streaming GANs to understand the model’s behavior under data changes and gain insight into the nature of concept drift. Our explainable components focus on learning curves under non-stationary data that highlight retaining relevant and forgetting outdated information, as well as of dynamic visualization of changes in relevant regions for drifting images. The proposed tool allows for detecting changes in data, as well as evaluating and explaining the reaction of GANs to the concept shift. Our framework can be downloaded from a public repository https://github.com/w4k2/gan-data-streams.",10.1109/ICDMW53433.2021.00044,https://ieeexplore.ieee.org/stamp/stamp.jsp?arnumber=9680029,deep learning;continual learning;data streams;concept drift;XAI;generative models,5.0,,removed,no,no,no,yes
Online Adaptable Offline RL With Guidance Model,X. Wang; J. Wang; Z. Qian; B. Zhang,IEEE Transactions on Neural Networks and Learning Systems,2025,"Reinforcement learning (RL) has emerged as a promising approach across various applications, yet its reliance on repeated trial-and-error learning to develop effective policies from scratch poses significant challenges for deployment in scenarios where interaction is costly or constrained. In this work, we investigate the offline-to-online RL paradigm, wherein policies are initially pretrained using offline historical datasets and subsequently fine-tuned with a limited amount of online interaction. Previous research has suggested that efficient offline pretraining is crucial for achieving optimal final performance. However, it is challenging to incorporate appropriate conservatism to prevent the overestimation of out-of-distribution (OOD) data while maintaining adaptability for online fine-tuning. To address these issues, we propose an effective offline RL algorithm that integrates a guidance model to introduce suitable conservatism and ensure seamless adaptability to online fine-tuning. Our rigorous theoretical analysis and extensive experimental evaluations demonstrate better performance of our novel algorithm, underscoring the critical role played by the guidance model in enhancing its efficacy.",10.1109/TNNLS.2025.3589418,https://ieeexplore.ieee.org/stamp/stamp.jsp?arnumber=11095835,Guidance;model-based;offline RL;offline-to-online;reinforcement learning (RL),,,removed,no,no,no,no
Online Aggregation of Trajectory Predictors,A. Tong; A. Sharma; S. Veer; M. Pavone; H. Yang,2025 IEEE International Conference on Robotics and Automation (ICRA),2025,"Trajectory prediction, the task of forecasting future agent behavior from past data, is central to safe and efficient autonomous driving. A diverse set of methods (e.g., rule-based or learned with different architectures and datasets) have been proposed, yet it is often the case that the performance of these methods is sensitive to the deployment environment (e.g., how well the design rules model the environment, or how accurately the test data match the training data). Building upon the principled theory of online convex optimization but also going beyond convexity and stationarity, we present a lightweight and model-agnostic method to aggregate different trajectory predictors online. We propose treating each individual trajectory predictor as an “expert” and maintaining a probability vector to mix the outputs of different experts. Then, the key technical approach lies in leveraging online data - the true agent behavior to be revealed at the next timestepto form a convex-or-nonconvex, stationary-or-dynamic loss function whose gradient steers the probability vector towards choosing the best mixture of experts. We instantiate this method to aggregate trajectory predictors trained on different cities in the nuScenes dataset and show that it performs just as well, if not better than, any singular model, even when deployed on the out-of-distribution LYFT dataset.",10.1109/ICRA55743.2025.11127597,https://ieeexplore.ieee.org/stamp/stamp.jsp?arnumber=11127597,,1.0,,removed,no,no,no,no
OoD-Bench: Quantifying and Understanding Two Dimensions of Out-of-Distribution Generalization,N. Ye; K. Li; H. Bai; R. Yu; L. Hong; F. Zhou; Z. Li; J. Zhu,2022 IEEE/CVF Conference on Computer Vision and Pattern Recognition (CVPR),2022,"Deep learning has achieved tremendous success with independent and identically distributed (i. i.d.) data. However, the performance of neural networks often degenerates drastically when encountering out-of-distribution (OoD) data, i.e., when training and test data are sampled from different distributions. While a plethora of algorithms have been proposed for OoD generalization, our understanding of the data used to train and evaluate these algorithms remains stagnant. In this work, we first identify and measure two distinct kinds of distribution shifts that are ubiquitous in various datasets. Next, through extensive experiments, we compare OoD generalization algorithms across two groups of benchmarks, each dominated by one of the distribution shifts, revealing their strengths on one shift as well as limitations on the other shift. Overall, we position existing datasets and algorithms from different research areas seemingly unconnected into the same coherent picture. It may serve as a foothold that can be resorted to by future OoD generalization research. Our code is available at https://github.com/ynysjtulood_bench.",10.1109/CVPR52688.2022.00779,https://ieeexplore.ieee.org/stamp/stamp.jsp?arnumber=9880186,Transfer/low-shot/long-tail learning; Datasets and evaluation,53.0,,removed,no,no,no,yes
Learning by Seeing More Classes,F. Zhu; X. -Y. Zhang; R. -Q. Wang; C. -L. Liu,IEEE Transactions on Pattern Analysis and Machine Intelligence,2023,"Traditional pattern recognition models usually assume a fixed and identical number of classes during both training and inference stages. In this paper, we study an interesting but ignored question: can increasing the number of classes during training improve the generalization and reliability performance? For a $k$k-class problem, instead of training with only these $k$k classes, we propose to learn with $k+m$k+m classes, where the additional $m$m classes can be either real classes from other datasets or synthesized from known classes. Specifically, we propose two strategies for constructing new classes from known classes. By making the model see more classes during training, we can obtain several advantages. First, the added $m$m classes serve as a regularization which is helpful to improve the generalization accuracy on the original $k$k classes. Second, this will alleviate the overconfident phenomenon and produce more reliable confidence estimation for different tasks like misclassification detection, confidence calibration, and out-of-distribution detection. Lastly, the additional classes can also improve the learned feature representation, which is beneficial for new classes generalization in few-shot learning and class-incremental learning. Compared with the widely proved concept of data augmentation (dataAug), our method is driven from another dimension of augmentation based on additional classes (classAug). Comprehensive experiments demonstrated the superiority of our classAug under various open-environment metrics on benchmark datasets.",10.1109/TPAMI.2022.3225117,https://ieeexplore.ieee.org/stamp/stamp.jsp?arnumber=9964413,Class augmentation;generalization;confidence estimation;open-environment learning,18.0,yes,moved,no,no,no,yes
OOD-GNN: Out-of-Distribution Generalized Graph Neural Network,H. Li; X. Wang; Z. Zhang; W. Zhu,IEEE Transactions on Knowledge and Data Engineering,2023,"Graph neural networks (GNNs) have achieved impressive performance when testing and training graph data come from identical distribution. However, existing GNNs lack out-of-distribution generalization abilities so that their performance substantially degrades when there exist distribution shifts between testing and training graph data. To solve this problem, in this work, we propose an out-of-distribution generalized graph neural network (OOD-GNN) for achieving satisfactory performance on unseen testing graphs that have different distributions with training graphs. Our proposed OOD-GNN employs a novel nonlinear graph representation decorrelation method utilizing random Fourier features, which encourages the model to eliminate the statistical dependence between relevant and irrelevant graph representations through iteratively optimizing the sample graph weights and graph encoder. We further present a global weight estimator to learn weights for training graphs such that variables in graph representations are forced to be independent. The learned weights help the graph encoder to get rid of spurious correlations and, in turn, concentrate more on the true connection between learned discriminative graph representations and their ground-truth labels. We conduct extensive experiments to validate the out-of-distribution generalization abilities on two synthetic and 12 real-world datasets with distribution shifts. The results demonstrate that our proposed OOD-GNN significantly outperforms state-of-the-art baselines.",10.1109/TKDE.2022.3193725,https://ieeexplore.ieee.org/stamp/stamp.jsp?arnumber=9839432,Graph representation learning;graph neural networks;out-of-distribution generalization,63.0,,removed,no,no,no,yes
OOD-GNN: Out-of-Distribution Generalized Graph Neural Network: (Extended Abstract),H. Li; X. Wang; Z. Zhang; W. Zhu,2024 IEEE 40th International Conference on Data Engineering (ICDE),2024,"Graph neural networks (GNNs) have achieved impressive performance when testing and training graph data come from identical distribution. However, existing GNNs lack out-of-distribution generalization abilities so that their performance substantially degrades when there exist distribution shifts between testing and training graph data. To solve this problem, we propose an out-of-distribution generalized graph neural network (OOD-GNN) for achieving satisfactory performance on unseen testing graphs that have different distributions with training graphs. OOD-GNN employs a novel nonlinear graph representation decorrelation method utilizing random Fourier features, which encourages the model to eliminate the statistical dependence between relevant and irrelevant graph representations through iteratively optimizing the sample graph weights and graph encoder. The learned weights help the graph encoder to get rid of spurious correlations and, in turn, concentrate more on the true connection between learned discriminative graph representations and their ground-truth labels. We conduct extensive experiments to validate the out-of-distribution generalization abilities on two synthetic and 12 real-world datasets with distribution shifts. The results demonstrate that our proposed OOD-GNN significantly outperforms state-of-the-art baselines.",10.1109/ICDE60146.2024.00472,https://ieeexplore.ieee.org/stamp/stamp.jsp?arnumber=10597802,Graph Neural Network;Trusted Data Analysis;Out-of-Distribution Generalization;Data Mining,,,removed,no,no,no,no
Out-of-distribution Detection and Generation using Soft Brownian Offset Sampling and Autoencoders,F. Möller; D. Botache; D. Huseljic; F. Heidecker; M. Bieshaar; B. Sick,2021 IEEE/CVF Conference on Computer Vision and Pattern Recognition Workshops (CVPRW),2021,"Deep neural networks often suffer from overconfidence which can be partly remedied by improved out-of-distribution detection. For this purpose, we propose a novel approach that allows for the generation of out-of-distribution datasets based on a given in-distribution dataset. This new dataset can then be used to improve out-of-distribution detection for the given dataset and machine learning task at hand. The samples in this dataset are with respect to the feature space close to the in-distribution dataset and therefore realistic and plausible. Hence, this dataset can also be used to safeguard neural networks, i.e., to validate the generalization performance. Our approach first generates suitable representations of an in-distribution dataset using an autoencoder and then transforms them using our novel proposed Soft Brownian Offset method. After transformation, the decoder part of the autoencoder allows for the generation of these implicit out-of-distribution samples. This newly generated dataset then allows for mixing with other datasets and thus improved training of an out-of-distribution classifier, increasing its performance. Experimentally, we show that our approach is promising for time series using synthetic data. Using our new method, we also show in a quantitative case study that we can improve the out-of-distribution detection for the MNIST dataset. Finally, we provide another case study on the synthetic generation of out-of-distribution trajectories, which can be used to validate trajectory prediction algorithms for automated driving.",10.1109/CVPRW53098.2021.00014,https://ieeexplore.ieee.org/stamp/stamp.jsp?arnumber=9523157,,27.0,yes,moved,no,no,no,yes
Open-Environment Evidential Learning for Reliable Myoelectric Locomotion Prediction,Y. Lin; F. Zhu; Y. Zhang; H. Lin; M. Zhang,IEEE Transactions on Neural Systems and Rehabilitation Engineering,2025,"Accurate locomotion prediction in dynamic environments is crucial for lower-limb exoskeletons to provide walking assistance. Surface electromyography (sEMG)-based deep learning models demonstrate great potential for decoding user intent, yet most existing approaches are developed under restrictive closed-world assumptions. These limitations hinder adaptability to ambiguous or unexpected locomotion modes in real-world deployment, increasing the risk of unsafe control decisions. To address this gap, we propose the Open-Environment Evidential Learning (OEEL) framework, which integrates evidential deep learning and out-of-distribution augmentation to enhance the reliability of predictions. Evaluations show that it achieved an average prediction accuracy of 96.04% across eight subjects for five locomotion modes in closed environments. More critically, under open-environment conditions, OEEL maintained 79.53% accuracy on known classes and improved failure detection performance by 26.67% (measured by the risk-coverage curve) over a conventional convolutional neural network. By reliably quantifying prediction uncertainty and detecting novel or ambiguous movements, OEEL provides a critical framework to advance myoelectric control systems toward real-world lower-limb exoskeleton applications, where safer operation in unpredictable environments is paramount.",10.1109/TNSRE.2025.3626316,https://ieeexplore.ieee.org/stamp/stamp.jsp?arnumber=11218961,Convolutional networks;data augmentation;electromyography (EMG);evidential deep learning;failure detection;locomotion prediction;uncertainty,,,removed,no,no,no,no
Out-of-Distribution Detection by Cross-Class Vicinity Distribution of In-Distribution Data,Z. Zhao; L. Cao; K. -Y. Lin,IEEE Transactions on Neural Networks and Learning Systems,2024,"Deep neural networks for image classification only learn to map in-distribution inputs to their corresponding ground-truth labels in training without differentiating out-of-distribution samples from in-distribution ones. This results from the assumption that all samples are independent and identically distributed (IID) without distributional distinction. Therefore, a pretrained network learned from in-distribution samples treats out-of-distribution samples as in-distribution and makes high-confidence predictions on them in the test phase. To address this issue, we draw out-of-distribution samples from the vicinity distribution of training in-distribution samples for learning to reject the prediction on out-of-distribution inputs. A cross-class vicinity distribution is introduced by assuming that an out-of-distribution sample generated by mixing multiple in-distribution samples does not share the same classes of its constituents. We, thus, improve the discriminability of a pretrained network by finetuning it with out-of-distribution samples drawn from the cross-class vicinity distribution, where each out-of-distribution input corresponds to a complementary label. Experiments on various in-/out-of-distribution datasets show that the proposed method significantly outperforms the existing methods in improving the capacity of discriminating between in- and out-of-distribution samples.",10.1109/TNNLS.2023.3271856,https://ieeexplore.ieee.org/stamp/stamp.jsp?arnumber=10136820,Deep learning;deep neural networks;mutual information;out-of-distribution detection;vicinity distribution,5.0,yes,moved,no,no,no,no
Out-of-Distribution Detection in Dermatology Using Input Perturbation and Subset Scanning,H. Kim; G. A. Tadesse; C. Cintas; S. Speakman; K. Varshney,2022 IEEE 19th International Symposium on Biomedical Imaging (ISBI),2022,"Recent advances in deep learning have led to breakthroughs in the development of automated skin disease classification. As we observe an increasing interest in these models in the dermatology space, it is crucial to address aspects such as the robustness towards input data distribution shifts. Current models tend to make incorrect inferences for test samples from different hardware devices and clinical settings or unknown disease samples, which are out-of-distribution (OOD) from the training samples. To this end, we propose a simple yet effective approach that detects these OOD samples prior to making any decision. The detection is performed via scanning in the latent space representation (e.g., activations of the inner layers of any pre-trained skin disease classifier). The input samples are also perturbed to maximise divergence of OOD samples. We validate our OOD detection approach in two use cases: 1) identify samples collected from different protocols, and 2) detect samples from unknown disease classes. Our experiments yield competitive performance across multiple datasets for both use cases. As most skin datasets are reported to suffer from bias in skin tone distribution, we further evaluate the fairness of these OOD detectors across different skin tones.",10.1109/ISBI52829.2022.9761412,https://ieeexplore.ieee.org/stamp/stamp.jsp?arnumber=9761412,Subset scanning;Skin disease classification;Out-of-distribution sample detection,10.0,yes,moved,no,no,no,yes
OSCAR: Data-Driven Operational Space Control for Adaptive and Robust Robot Manipulation,J. Wong; V. Makoviychuk; A. Anandkumar; Y. Zhu,2022 International Conference on Robotics and Automation (ICRA),2022,"Learning performant robot manipulation policies can be challenging due to high-dimensional continuous actions and complex physics-based dynamics. This can be alleviated through intelligent choice of action space. Operational Space Control (OSC) has been used as an effective task-space controller for manipulation. Nonetheless, its strength depends on the underlying modeling fidelity, and is prone to failure when there are modeling errors. In this work, we propose OSC for Adaptation and Robustness (OSCAR), a data-driven variant of OSC that compensates for modeling errors by inferring relevant dynamics parameters from online trajectories. OSCAR decomposes dynamics learning into task-agnostic and task-specific phases, decoupling the dynamics dependencies of the robot and the extrinsics due to its environment. This structure enables robust zero-shot performance under out-of-distribution and rapid adaptation to significant domain shifts through additional finetuning. We evaluate our method on a variety of simulated manipulation problems, and find substantial improvements over an array of controller baselines. For more results and information, please visit https://cremebrule.github.io/oscar-web/.",10.1109/ICRA46639.2022.9811967,https://ieeexplore.ieee.org/stamp/stamp.jsp?arnumber=9811967,,5.0,,removed,no,no,no,yes
Out-of-Distribution Detection with Adversarial Outlier Exposure,T. Botschen; K. Kirchheim; F. Ortmeier,2025 IEEE/CVF Conference on Computer Vision and Pattern Recognition Workshops (CVPRW),2025,"Machine learning models typically perform reliably only on inputs drawn from the distribution they were trained on, making Out-of-Distribution (OOD) detection essential for safety-critical applications. While exposing models to example outliers during training is one of the most effective ways to enhance OOD detection, recent studies suggest that synthetically generated outliers can also act as regularizers for deep neural networks. In this paper, we propose an augmentation scheme for synthetic outliers that regularizes a classifier's energy function by adversarially lowering the outliers' energy during training. We demonstrate that our method improves OOD detection performance and adversarial robustness on OOD data on several image classification benchmarks. Additionally, we show that our approach preserves in-distribution generalization. Our code is publicly available.11https://github.com/2mey10/Adversarial-OE",10.1109/CVPRW67362.2025.00424,https://ieeexplore.ieee.org/stamp/stamp.jsp?arnumber=11147817,out-of-distribution detection;deep learning,,yes,moved,no,yes,no,no
Out-of-Distribution Data Generation for Fault Detection and Diagnosis in Industrial Systems,J. Kafunah; P. Verma; M. I. Ali; J. G. Breslin,IEEE Access,2023,"The emergence of Industry 4.0 has transformed modern-day factories into high-tech industrial sites through rapid automation and increased access to real-time data. Deep learning approaches possessing superior capabilities for intelligent, data-driven fault diagnosis have become critical in ensuring process safety and reliability in these industrial sites. However, such applications trained exclusively on in-distribution process data face challenges in the wake of previously unseen out-of-distribution (OOD) data in the real world. This paper addresses the challenge of out-of-distribution data detection for deep learning-based fault diagnosis models by generating synthetic data to simulate real-world anomalies not present in the training set. We propose Manifold Guided Sampling (MGS), a data-driven method for generating synthetic OOD samples from the in-distribution data-supporting manifold estimated through a deep generative model. Synthetic data from MGS enhances the model capacity for prediction uncertainty quantification, resulting in safe and reliable models for real-world industrial process monitoring. Furthermore, the MGS algorithm maintains the in-distribution data feature space as a reference point during data generation to ensure the resulting synthetic OOD data is realistic. We analyze the effectiveness of MGS through experiments conducted on the steel plates faults dataset and demonstrate that augmenting training data with synthetic data from MGS enhances the model performance in OOD detection tasks and provides robustness against dataset distributional shifts. The findings underscore the effectiveness of utilizing synthetic MGS-generated OOD data in scenarios where real-world OOD data is limited, enabling better generalization and more reliable fault detection in practical applications.",10.1109/ACCESS.2023.3337658,https://ieeexplore.ieee.org/stamp/stamp.jsp?arnumber=10332173,Deep generative models;fault diagnosis;process monitoring;safety-critical;out-of-distribution data;variational autoencoder;uncertainty estimation,4.0,,removed,no,yes,no,yes
Out-of-Distribution Generalization via Style and Spuriousness Eliminating,K. Jin; C. Wu; D. Lian,2024 IEEE International Conference on Multimedia and Expo (ICME),2024,"The deep learning model’s performance may be compromised when the test data’s distribution shifts from the training data. Distribution shifts can be categorized into the correlation shift and the diversity shift, and existing methods typically address only one. To this end, we propose a novel causal graph that consists of three latent variables: causal variable, spurious variable, and style variable, to explain both types of distribution shift. We provide formal definitions of these latent variables and find that the spurious and style variables contribute to the correlation and diversity shifts, respectively. Building upon this, we present the Style and Spuriousness Eliminating (SSE) method to simultaneously tackle both distribution shifts. Specifically, we utilize style intervention and feature alignment to remove the influence of style factors, and employ adversarial mask learning to mitigate the impact of spurious factors, ultimately retaining causal features for prediction. Experimental results demonstrate that our SSE method outperforms previous approaches on datasets with different distribution shifts.",10.1109/ICME57554.2024.10687911,https://ieeexplore.ieee.org/stamp/stamp.jsp?arnumber=10687911,Domain Generalization;Causality;Computer Vision,,yes,moved,no,no,no,no
Out-of-Distribution Generalization With Causal Feature Separation,H. Wang; K. Kuang; L. Lan; Z. Wang; W. Huang; F. Wu; W. Yang,IEEE Transactions on Knowledge and Data Engineering,2024,"Driven by empirical risk minimization, machine learning algorithm tends to exploit subtle statistical correlations existing in the training environment for prediction, while the spurious correlations are unstable across environments, leading to poor generalization performance. Accordingly, the problem of the Out-of-distribution (OOD) generalization aims to exploit an invariant/stable relationship between features and outcomes that generalizes well on all possible environments. To address the spurious correlation induced by the selection bias, in this article, we propose a novel Clique-based Causal Feature Separation (CCFS) algorithm by explicitly incorporating the causal structure to identify causal features of outcome for OOD generalization. Specifically, the proposed CCFS algorithm identifies the largest clique in the learned causal skeleton. Theoretically, we guarantee that either the largest clique or the rest of the causal skeleton is exactly the set of all causal features of the outcome. Finally, we separate the causal features from the non-causal ones with a sample-reweighting decorrelator for OOD prediction. Extensive experiments validate the effectiveness of the proposed CCFS method on both causal feature identification and OOD generalization tasks.",10.1109/TKDE.2023.3312255,https://ieeexplore.ieee.org/stamp/stamp.jsp?arnumber=10239476,Causal features separation;OOD generalization;selection bias;stable prediction,13.0,yes,moved,no,no,no,no
Out-of-Distribution Robustness with Deep Recursive Filters,K. D. Katyal; I. -J. Wang; G. D. Hager,2021 IEEE International Conference on Robotics and Automation (ICRA),2021,"Accurate state and uncertainty estimation is imperative for mobile robots and self driving vehicles to achieve safe navigation in pedestrian rich environments. A critical component of state and uncertainty estimation for robot navigation is to perform robustly under out-of-distribution noise. Traditional methods of state estimation decouple perception and state estimation making it difficult to operate on noisy, high dimensional data. Here, we describe an approach that combines the expressiveness of deep neural networks with principled approaches to uncertainty estimation found in recursive filters. We particularly focus on techniques that provide better robustness to out-of-distribution noise and demonstrate applicability of our approach on two scenarios: a simple noisy pendulum state estimation problem and real world pedestrian localization using the nuScenes dataset [1]. We show that our approach improves state and uncertainty estimation compared to baselines while achieving approximately 3× improvement in computational efficiency.",10.1109/ICRA48506.2021.9560957,https://ieeexplore.ieee.org/stamp/stamp.jsp?arnumber=9560957,,,yes,moved,no,no,no,no
Out-of-Distribution Sample Selection Generated by Diffusion Model toward Model Generalization,K. Hayakawa; K. Maeda; R. Togo; T. Ogawa; M. Haseyama,2025 IEEE International Conference on Image Processing (ICIP),2025,"Model generalization that prevents overfitting to the training data is critical to the robustness and reliability of image classification models. Diffusion models are rapidly developing in generating photorealistic images from text, yet it is difficult for a simple text to generate a variety of images that reflect the training data, and there is potential for model generalization. In this paper, we propose a novel method for model generalization with generated images via diffusion models. We make the diffusion model recognize the training data distribution in both the latent and the image space, and obtain generated images reflecting the distribution. In the latent space, we synthesize new features from the training data distribution and decode them into images using the diffusion model. In the image space, we perform selection of unintentionally generated images (out-of-distribution samples) based on the semantic information of the training data. By considering the training data distribution not only in the latent space but also in the image space, we eliminate out-of-distribution samples generated by the diffusion model. Experiments demonstrate that our generated images are faithful to the training data distribution and enhance model generalization performance.",10.1109/ICIP55913.2025.11084593,https://ieeexplore.ieee.org/stamp/stamp.jsp?arnumber=11084593,Model generalization;sample selection;diffusion model;data screening,,yes,moved,no,no,no,no
Out-of-Distribution Detection with Prototype Similarity,O. Özgür; İ. M. Baytas¸,2024 IEEE International Conference on Knowledge Graph (ICKG),2024,"Despite their widely known success in various applications, deep models have difficulty distinguishing the distributional uncertainties. This challenge, known as out-of-distribution sample detection, is critical in high-stakes applications such as self-driving vehicles and medical imaging. Various studies focus on frameworks based on the network’s activations at logit and penultimate layers to detect out-of-distribution samples. However, the potential benefit of using intermediate layer activations for out-of-distribution detection is yet to be thoroughly investigated. In this paper, we propose an out-of-distribution detection framework that employs the activations of several layers, including the intermediate layers of a ResNet model. The proposed approach does not modify the complex backbone architecture training but utilizes its pre-trained activations to train prototypes. Finally, an out-of-distribution classifier is trained with the similarity scores extracted from prototypes using both in and out-of-distribution samples. We showed that training prototypes to obtain scores improves the detection performance. Our results on the various benchmark datasets are on par with the state-of-the-art. Implementation of the proposed framework can be found at: https://github.com/ozanzgur/prototype-similarity/tree/main",10.1109/ICKG63256.2024.00037,https://ieeexplore.ieee.org/stamp/stamp.jsp?arnumber=10884282,OOD detection;external OOD data;postprocessing;prototypes,,,removed,no,no,no,no
Out-of-Distribution Generalization on Graphs: A Survey,H. Li; X. Wang; Z. Zhang; W. Zhu,IEEE Transactions on Pattern Analysis and Machine Intelligence,2025,"Graph machine learning has been extensively studied in both academia and industry. Although booming with a vast number of emerging methods and techniques, most of the literature is built on the in-distribution hypothesis, i.e., testing and training graph data are identically distributed. However, this in-distribution hypothesis can hardly be satisfied in many real-world graph scenarios where the model performance substantially degrades when there exist distribution shifts between testing and training graph data. To solve this critical problem, out-of-distribution (OOD) generalization on graphs, which goes beyond the in-distribution hypothesis, has made great progress and attracted ever-increasing attention from the research community. In this paper, we comprehensively survey OOD generalization on graphs and present a detailed review of recent advances in this area. First, we provide a formal problem definition of OOD generalization on graphs. Second, we categorize existing methods into three classes from conceptually different perspectives, i.e., data, model, and learning strategy, based on their positions in the graph machine learning pipeline, followed by detailed discussions for each category. We also review the theories related to OOD generalization on graphs and introduce the commonly used graph datasets for thorough evaluations. Finally, we share our insights on future research directions.",10.1109/TPAMI.2025.3593897,https://ieeexplore.ieee.org/stamp/stamp.jsp?arnumber=11106188,Graph machine learning;graph neural network;out-of-distribution generalization (OOD),4.0,,removed,no,no,no,yes
Learning to generate training datasets for robust semantic segmentation,M. Hariat; O. Laurent; R. Kazmierczak; S. Zhang; A. Bursuc; A. Yao; G. Franchi,2024 IEEE/CVF Winter Conference on Applications of Computer Vision (WACV),2024,"Semantic segmentation methods have advanced significantly. Still, their robustness to real-world perturbations and object types not seen during training remains a challenge, particularly in safety-critical applications. We propose a novel approach to improve the robustness of semantic segmentation techniques by leveraging the synergy between label-to-image generators and image-to-label segmentation models. Specifically, we design Robusta, a novel robust conditional generative adversarial network to generate realistic and plausible perturbed images that can be used to train reliable segmentation models. We conduct in-depth studies of the proposed generative model, assess the performance and robustness of the downstream segmentation network, and demonstrate that our approach can significantly enhance the robustness in the face of real-world perturbations, distribution shifts, and out-of-distribution samples. Our results suggest that this approach could be valuable in safety-critical applications, where the reliability of perception modules such as semantic segmentation is of utmost importance and comes with a limited computational budget in inference. We release our code at github.com/ENSTA-U2IS/robusta.",10.1109/WACV57701.2024.00385,https://ieeexplore.ieee.org/stamp/stamp.jsp?arnumber=10484317,Algorithms;Adversarial learning;adversarial attack and defense methods;Algorithms;Datasets and evaluations,1.0,,removed,no,no,no,yes
Learning with Diversity: Self-Expanded Equalization for Better Generalized Deep Metric Learning,J. Yan; Z. Yin; E. Yang; Y. Yang; H. Huang,2023 IEEE/CVF International Conference on Computer Vision (ICCV),2023,"Exploring good generalization ability is essential in deep metric learning (DML). Most existing DML methods focus on improving the model robustness against category shift to keep the performance on unseen categories. However, in addition to category shift, domain shift also widely exists in real-world scenarios. Therefore, learning better generalization ability for the DML model is still a challenging yet realistic problem. In this paper, we propose a new self-expanded equalization (SEE) method to effectively generalize the DML model to both unseen categories and domains. Specifically, we take a ‘min-max’ strategy combined with a proxy-based loss to adaptively augment diverse out-of-distribution samples that vastly expand the span of original training data. To take full advantage of the implicit cross-domain relations between source and augmented samples, we introduce a domain-aware equalization module to induce the domain-invariant distance metric by regularizing the feature distribution in the metric space. Extensive experiments on two benchmarks and a large-scale multi-domain dataset demonstrate the superiority of our SEE over the existing DML methods.",10.1109/ICCV51070.2023.01774,https://ieeexplore.ieee.org/stamp/stamp.jsp?arnumber=10377237,,6.0,no,yes,no,no,no,yes
Out-of-Distribution Generalized Dynamic Graph Neural Network for Human Albumin Prediction,Z. Zhang; N. Lin; X. Li; X. Zhu; F. Teng; X. Wang; W. Zhu,2023 IEEE International Conference on Medical Artificial Intelligence (MedAI),2023,"Human albumin is essential for indicating the body's overall health. Accurately predicting plasma albumin levels and determining appropriate doses are urgent clinical challenges, particularly in critically ill patients, to maintain optimal blood levels. However, human albumin prediction is non-trivial that has to leverage the dynamics of biochemical markers as well as the experience of treating patients. Moreover, the problem of distribution shift is often encountered in real clinical data, which may lead to a decline in the model prediction performance and reduce the reliability of the model's application. In this paper, we propose a framework named Out-of-Distribution Generalized Dynamic Graph Neural Network for Human Albumin Prediction (DyG-HAP), which is able to provide accurate albumin predictions for Intensity Care Unit (ICU) patients during hospitalization. We first model human albumin prediction as a dynamic graph regression problem to model the dynamics and patient relationship. Then, we propose a disentangled dynamic graph attention mechanism to capture and disentangle the patterns whose relationship to labels under distribution shifts is invariant and variant respectively. Last, we propose an invariant dynamic graph regression method to encourage the model to rely on invariant patterns to make predictions. Moreover, we propose a dataset named Albumin level testing and nutritional dosing data for Intensive Care (ANIC) for evaluation. Extensive experiments demonstrate the superiority of our method compared to several baseline methods in human albumin prediction.",10.1109/MedAI59581.2023.00028,https://ieeexplore.ieee.org/stamp/stamp.jsp?arnumber=10403297,Human Albumin Prediction;Out-of-Distribution Generalization;Dynamic Graph Neural Network;Deep Learning;Medicine,1.0,,removed,no,no,no,no
Out-of-Distribution Internet Traffic Prediction Generalization Using Deep Sequence Model,S. Saha; A. Haque,ICC 2023 - IEEE International Conference on Communications,2023,"Efficient internet traffic prediction is very crucial for proactive network management. Unfortunately, it is a non-trivial task to design an effective prediction tool to capture the general pattern of complex, non-linear, and non-stationary real-world traffic. However, novel deep learning models have been developed for network traffic prediction, where they exhibit excellent performance. Most existing works assumed that training and testing data samples are independent and identically distributed (IID). But there is a high probability of having slightly or completely unknown data samples after model deployment, and the model should be able to predict them accurately. In this study, we show a comparative performance analysis among several deep sequence models using IID and out-of-distributed (OOD) samples. The prediction model average accuracy dropped significantly for OOD data samples compared to IID test data. Therefore, we proposed a hybrid architecture combining deep sequence models and discrete wavelet transformation (DWT), where models are trained using decomposed hierarchical components instead of original data. According to our experimental results, the hybrid model increases the prediction accuracy using IID samples by 2% compared to the standalone model. Also, the performance gap between IDD and OOD samples is reduced considerably by hybrid models, which indicates the outperformance of our proposed methodology to conventional deep learning models for both IDD and OOD test instances.",10.1109/ICC45041.2023.10279740,https://ieeexplore.ieee.org/stamp/stamp.jsp?arnumber=10279740,Internet traffic;IP traffic prediction;machine learning;out-of-distribution;wavelet decomposition,1.0,,removed,no,no,no,no
Out-of-Distribution Semantic Segmentation with Disentangled and Calibrated Representation,M. Wan; K. Li; Q. Geng; B. Su; Z. Zhou,IEEE Transactions on Circuits and Systems for Video Technology,2025,"Out-of-distribution (OoD) semantic segmentation aims to recognize pixels of classes undefined in the training dataset. Existing methods mostly focus on training the model to fit real OoD data samples to identify OoD pixels, which requires extra data collection and annotation efforts. By contrast, synthesizing OoD data with training data provides a more resource-efficient alternative. However, synthetic data generated from controlled settings lacks diversity, causing the model to suffer from overfitting. To this end, we propose a disentangled representation learning (DRL) method to guide the model to disentangle semantic-related and semantic-unrelated features from synthetic OoD data. DRL encourages the model to utilize the former to identify semantic categories, rather than overfitting to such semantic-unrelated features as synthetic artificiality. Specifically, DRL first incorporates two disentanglers to extract the semantic-related and -unrelated features and then applies a shuffle and reconstruction mechanism to regularize the disentangled features. Furthermore, to facilitate disentangling, we propose a pixel-wise feature similarity calibration (PSC) module, which utilizes more accurate ID-OoD similarity to calibrate inaccurate ID-OoD similarity learned exclusively from ID data. Thus, PSC delivers accurate and stable pixel-wise features for effective disentangling. Extensive experiments illustrate that the proposed method exhibits strong generalization ability. It attains 74.04% AuPRC and 20.82% FPR on Road Anomaly, 69.85% AuPRC and 5.78% FPR on Fishyscapes LostAndFound Validation Set, using SegFormer with the MiT-B5 backbone. Source code is available at https://github.com/WanMotion/DisentangledOoDSeg.",10.1109/TCSVT.2025.3597071,https://ieeexplore.ieee.org/stamp/stamp.jsp?arnumber=11121350,out-of-distribution;semantic segmentation;disentangled representations,,yes,moved,no,no,no,no
Overparametrization helps offline-to-online generalization of closed-loop control from pixels,M. Lechner; R. Hasani; A. Amini; T. -H. Wang; T. A. Henzinger; D. Rus,2024 IEEE International Conference on Robotics and Automation (ICRA),2024,"There is an ever-growing zoo of modern neural network models that can efficiently learn end-to-end control from visual observations. These advanced deep models, ranging from convolutional to Vision Transformers, from small to gigantic networks, have been extensively tested on offline image classification tasks. In this paper, we study these vision models with respect to the open-loop training to closed-loop generalization abilities, i.e., deployment realizes a causal feedback loop that is not present during training. This causality gap typically emerges in robotics applications such as autonomous driving, where a network is trained to imitate the control commands of a human. In this setting, two situations arise: 1) Closed-loop testing in-distribution, where the test environment shares properties with those of offline training data. 2) Closed-loop testing under distribution shifts and out-of-distribution. Contrary to recently reported results, we show that under proper training guidelines, all vision architectures perform indistinguishably well on in-distribution deployment, resolving the causality gap. In situation 2, We observe that scale is the strongest factor in improving closed-loop generalization regardless of the choice of the model architecture. Our results predict the trend that in the future we will see larger and larger models being used in offline-training-online-deployment imitation learning tasks in robotic applications.",10.1109/ICRA57147.2024.10610284,https://ieeexplore.ieee.org/stamp/stamp.jsp?arnumber=10610284,,,yes,moved,no,no,no,yes
Perada: Parameter-Efficient Federated Learning Personalization with Generalization Guarantees,C. Xie; D. -A. Huang; W. Chu; D. Xu; C. Xiao; B. Li; A. Anandkumar,2024 IEEE/CVF Conference on Computer Vision and Pattern Recognition (CVPR),2024,"Personalized Federated Learning (pFL) has emerged as a promising solution to tackle data heterogeneity across clients in FL. However, existing pFL methods either (1) introduce high computation and communication costs or (2) overfit to local data, which can be limited in scope and vulnerable to evolved test samples with natural distribution shifts. In this paper, we propose Perada,a parameter-efficient pFL framework that reduces communication and computational costs and exhibits superior generalization performance, es-pecially under test-time distribution shifts. Peradareduces the costs by leveraging the power of pretrained models and only updates and communicates a small number of additional parameters from adapters. Peradaachieves high generalization by regularizing each client's personalized adapter with a global adapter, while the global adapter uses knowledge distillation to aggregate generalized information from all clients. Theoretically, we provide generalization bounds of Perada,and we prove its convergence to station-ary points under non-convex settings. Empirically, Peradademonstrates higher personalized performance (+4.85% on CheXpert) and enables better out-of-distribution generalization (+5.23% on CIFAR-10-C) on different datasets across natural and medical domains compared with baselines, while only updating 12.6% of parameters per model. Our code is available at https://github.com/NVlabsIPerAda.",10.1109/CVPR52733.2024.02250,https://ieeexplore.ieee.org/stamp/stamp.jsp?arnumber=10656007,Personalized Federated Learning;Parameter-Efficient Finetuning;Generalization Guarantee;Privacy,5.0,yes,moved,no,no,no,yes
Learning With Style: Continual Semantic Segmentation Across Tasks and Domains,M. Toldo; U. Michieli; P. Zanuttigh,IEEE Transactions on Pattern Analysis and Machine Intelligence,2024,"Deep learning models dealing with image understanding in real-world settings must be able to adapt to a wide variety of tasks across different domains. Domain adaptation and class incremental learning deal with domain and task variability separately, whereas their unified solution is still an open problem. We tackle both facets of the problem together, taking into account the semantic shift within both input and label spaces. We start by formally introducing continual learning under task and domain shift. Then, we address the proposed setup by using style transfer techniques to extend knowledge across domains when learning incremental tasks and a robust distillation framework to effectively recollect task knowledge under incremental domain shift. The devised framework (LwS, Learning with Style) is able to generalize incrementally acquired task knowledge across all the domains encountered, proving to be robust against catastrophic forgetting. Extensive experimental evaluation on multiple autonomous driving datasets shows how the proposed method outperforms existing approaches, which prove to be ill-equipped to deal with continual semantic segmentation under both task and domain shift.",10.1109/TPAMI.2024.3397461,https://ieeexplore.ieee.org/stamp/stamp.jsp?arnumber=10521870,Continual learning;domain adaptation;semantic segmentation,8.0,no,yes,no,no,no,yes
Out-of-Distribution-Aware Electric Vehicle Charging,T. Li; C. Sun,IEEE Transactions on Transportation Electrification,2025,"We tackle the challenge of learning to charge electric vehicles (EVs) with out-of-distribution (OOD) data. Traditional scheduling algorithms typically fail to balance near-optimal average performance with worst case guarantees, particularly with OOD data. Model predictive control (MPC) is often too conservative and data-independent, whereas reinforcement learning (RL) tends to be overly aggressive and fully trusts the data, hindering their ability to consistently achieve the best-of-both-worlds. To bridge this gap, we introduce a novel OOD-aware scheduling algorithm, denoted OOD-Charging. This algorithm uses a dynamic “awareness radius,” which updates in real-time based on the temporal difference (TD)-error that reflects the severity of OOD. The OOD-Charging algorithm allows for a more effective balance between consistency and robustness in EV charging schedules, thereby significantly enhancing adaptability and efficiency in real-world charging environments. Our results demonstrate that this approach improves the scheduling reward reliably under real OOD scenarios with remarkable shifts of EV charging behaviors caused by COVID-19 in the Caltech adaptive charging network (ACN)-Data.",10.1109/TTE.2024.3434750,https://ieeexplore.ieee.org/stamp/stamp.jsp?arnumber=10613789,Electric vehicles (EVs);model predictive control (MPC);scheduling,1.0,,removed,no,no,no,yes
Outlier-Probability-Based Feature Adaptation for Robust Unsupervised Anomaly Detection on Contaminated Training Data,J. Zhou; Y. Wu,IEEE Transactions on Circuits and Systems for Video Technology,2024,"In the realm of large-scale industrial manufacturing, the precise detection of defective parts stands as a critical imperative. While current unsupervised anomaly detection algorithms exhibit commendable accuracy when applied to clean training datasets, their susceptibility to contaminated training data limits their real-world efficacy. In response to this challenge, this paper proposes a novel Outlier-Probability-Based Feature Adaptation (OPFA) network to realize robust unsupervised anomaly detection on contaminated training data. This method distinguishes itself by maintaining both high accuracy and robustness in the face of contaminated training data, enabling effective learning of discriminative features for anomaly detection. Specifically, the model enhances feature representations through the contraction of normal features and the contrast between normal and outlier features. Our methodology employs an iterative mechanism, featuring three core designs. First, outlier detection evaluates the outlier probabilities of current feature embeddings, providing a basis for subsequent improvements. Second, Gaussian Mixture Model (GMM) is leveraged to model the distributions of normal feature embeddings. Third, the adaptive network refines feature representations based on the GMM models and outlier scores of feature embeddings. Ablation experiments underscore the effectiveness of each component within our model. Furthermore, our approach outperforms other state-of-the-art methods on three benchmark datasets, demonstrating a notable advantage especially in scenarios with contaminated training data.",10.1109/TCSVT.2024.3408034,https://ieeexplore.ieee.org/stamp/stamp.jsp?arnumber=10542974,Anomaly detection;outlier detection;unsupervised learning;deep feature modeling,3.0,,removed,no,no,no,no
NICEST: Noisy Label Correction and Training for Robust Scene Graph Generation,L. Li; J. Xiao; H. Shi; H. Zhang; Y. Yang; W. Liu; L. Chen,IEEE Transactions on Pattern Analysis and Machine Intelligence,2024,"Nearly all existing scene graph generation (SGG) models have overlooked the ground-truth annotation qualities of mainstream SGG datasets, i.e., they assume: 1) all the manually annotated positive samples are equally correct; 2) all the un-annotated negative samples are absolutely background. In this article, we argue that neither of the assumptions applies to SGG: there are numerous “noisy” ground-truth predicate labels that break these two assumptions and harm the training of unbiased SGG models. To this end, we propose a novel NoIsy label CorrEction and Sample Training strategy for SGG: NICEST, which rules out these noisy label issues by generating high-quality samples and designing an effective training strategy. Specifically, it consists of: 1) NICE: it detects noisy samples and then reassigns higher-quality soft predicate labels to them. To achieve this goal, NICE contains three main steps: negative Noisy Sample Detection (Neg-NSD), positive NSD (Pos-NSD), and Noisy Sample Correction (NSC). First, in Neg-NSD, it is treated as an out-of-distribution detection problem, and the pseudo labels are assigned to all detected noisy negative samples. Then, in Pos-NSD, we use a density-based clustering algorithm to detect noisy positive samples. Lastly, in NSC, we use weighted KNN to reassign more robust soft predicate labels rather than hard labels to all noisy positive samples. 2) NIST: it is a multi-teacher knowledge distillation based training strategy, which enables the model to learn unbiased fusion knowledge. A dynamic trade-off weighting strategy in NIST is designed to penalize the bias of different teachers. Due to the model-agnostic nature of both NICE and NIST, NICEST can be seamlessly incorporated into any SGG architecture to boost its performance on different predicate categories. In addition, to better assess the generalization ability of SGG models, we propose a new benchmark, VG-OOD, by reorganizing the prevalent VG dataset. This reorganization deliberately makes the predicate distributions between the training and test sets as different as possible for each subject-object category pair. This new benchmark helps disentangle the influence of subject-object category biases. Extensive ablations and results on different backbones and tasks have attested to the effectiveness and generalization ability of each component of NICEST.",10.1109/TPAMI.2024.3387349,https://ieeexplore.ieee.org/stamp/stamp.jsp?arnumber=10496249,Multi-Teacher knowledge distillation;noisy label learning;out-of-distribution;scene graph generation,12.0,,removed,no,yes,no,yes
Memory-Efficient Pseudo-Labeling for Online Source-Free Universal Domain Adaptation using a Gaussian Mixture Model,P. Schlachter; S. Wagner; B. Yang,2025 IEEE/CVF Winter Conference on Applications of Computer Vision (WACV),2025,"In practice, domain shifts are likely to occur between training and test data, necessitating domain adaptation (DA) to adjust the pre-trained source model to the target domain. Recently, universal domain adaptation (UniDA) has gained attention for addressing the possibility of an additional category (label) shift between the source and target domain. This means new classes can appear in the target data, some source classes may no longer be present, or both at the same time. For practical applicability, UniDA methods must handle both source-free and online scenarios, enabling adaptation without access to the source data and performing batch-wise updates in parallel with prediction. In an online setting, preserving knowledge across batches is crucial. However, existing methods often require substantial memory, which is impractical because memory is limited and valuable, in particular on embedded systems. Therefore, we consider memory-efficiency as an additional constraint. To achieve memory-efficient online source-free universal domain adaptation (SF-UniDA), we propose a novel method that continuously captures the distribution of known classes in the feature space using a Gaussian mixture model (GMM). This approach, combined with entropy-based out-of-distribution detection, allows for the generation of reliable pseudo-labels. Finally, we combine a contrastive loss with a KL divergence loss to perform the adaptation. Our approach not only achieves state-of-the-art results in all experiments on the DomainNet and Office-Home datasets but also significantly outperforms the existing methods on the challenging VisDA-C dataset, setting a new benchmark for online SF-UniDA. Our code is available at https://github.com/pascalschlachter/GMM.",10.1109/WACV61041.2025.00626,https://ieeexplore.ieee.org/stamp/stamp.jsp?arnumber=10943994,gaussian mixture model;universal domain adaptation;source-free;online;test-time adaptation;pseudo-labeling,,no,yes,no,no,no,yes
Predicting Out-of-Distribution Performance of Deep Neural Networks Using Model Conformance,R. Kaur; S. Jha; A. Roy; O. Sokolsky; I. Lee,2023 IEEE International Conference on Assured Autonomy (ICAA),2023,"With the increasingly high interest in using Deep Neural Networks (DNN) in safety-critical cyber-physical systems, such as autonomous vehicles, providing assurance about the safe deployment of these models becomes ever more important. The safe deployment of deep learning models in the real world where the inputs can vary from the training environment of the models requires characterizing the performance and the uncertainty in the prediction of these models, particularly on novel and out-of-distribution (OOD) inputs. This has motivated the development of methods to predict the accuracy of DNN in novel (unseen during training) environments. These methods, however, assume access to some labeled data from the novel environment which is unrealistic in many real-world settings. We propose an approach for predicting the accuracy of a DNN classifier under a shift from its training distribution without assuming access to labels of the inputs drawn from the shifted distribution. We demonstrate the efficacy of the proposed approach on two autonomous driving datasets namely the GTSRB dataset for image classification, and the ONCE dataset with synchronized feeds from LiDAR and cameras used for object detection. We show that the proposed approach is applicable for predicting accuracy on different modalities (image from camera, and point cloud from LiDAR) of the input data.",10.1109/ICAA58325.2023.00011,https://ieeexplore.ieee.org/stamp/stamp.jsp?arnumber=10207589,Deep neural networks;uncertainty;out-of-distribution;cyber-physical systems;safety;assurance;accuracy,4.0,yes,moved,no,no,no,yes
Perception Datasets for Anomaly Detection in Autonomous Driving: A Survey,D. Bogdoll; S. Uhlemeyer; K. Kowol; J. M. Zöllner,2023 IEEE Intelligent Vehicles Symposium (IV),2023,"Deep neural networks (DNN) which are employed in perception systems for autonomous driving require a huge amount of data to train on, as they must reliably achieve high performance in all kinds of situations. However, these DNN are usually restricted to a closed set of semantic classes available in their training data, and are therefore unreliable when confronted with previously unseen instances. Thus, multiple perception datasets have been created for the evaluation of anomaly detection methods, which can be categorized into three groups: real anomalies in real-world, synthetic anomalies augmented into real-world and completely synthetic scenes. This survey provides a structured and, to the best of our knowledge, complete overview and comparison of perception datasets for anomaly detection in autonomous driving. Each chapter provides information about tasks and ground truth, context information, and licenses. Additionally, we discuss current weaknesses and gaps in existing datasets to underline the importance of developing further data.",10.1109/IV55152.2023.10186609,https://ieeexplore.ieee.org/stamp/stamp.jsp?arnumber=10186609,autonomous driving;perception;dataset;anomaly;outlier;out-of-distribution;novelty;corner case,18.0,,removed,no,no,no,no
Probabilistic Contrastive Test-Time Adaptation,L. You; J. Lu; X. Huang,"ICASSP 2025 - 2025 IEEE International Conference on Acoustics, Speech and Signal Processing (ICASSP)",2025,"Test-time adaptation (TTA) enhances generalization against out-of-distribution data during inference. Recent advances in TTA leverage some techniques such as contrastive learning and entropy minimization to improve the discriminability and robustness of models in target domains. However, existing methods often overlook simultaneous distribution shifts of sample and label, such as long-tail distributions, and contrastive learning approaches may require substantial storage for sample pairs. In this paper, we propose a novel Probabilistic Contrastive Test-time Adaptation (PCTA) method based on Expectation Maximization (EM), which is used to estimate the von Mises Fisher (vMF) distribution of test samples to capture both sample distribution and class proportions. The estimated distributions are used for probabilistic contrastive learning to adapt feature representations and optimize classification through class-weighted entropy minimization. Experimental results show that PCTA significantly enhances the performance across various distribution shifts and outperforms state-of-the-art methods in different scenarios involving both sample and label shifts. Code is available at https://github.com/youlj109/PCTA.",10.1109/ICASSP49660.2025.10890260,https://ieeexplore.ieee.org/stamp/stamp.jsp?arnumber=10890260,Test-Time Adaptation;Probabilistic Contrastive Learning;Distribution Shifts;Label Shifts,,yes,moved,no,no,no,no
Physics-Guided Graph Convolutional Network for Modeling Car-Following Behaviors Under Distributional Shift,H. Naing; W. Cai; J. Yu; T. Wu; L. Yu,2023 IEEE 26th International Conference on Intelligent Transportation Systems (ITSC),2023,"Recent works on data-driven car-following modeling have shown that a Graph Convolutional Network (GCN)-based car-following model (CFM) can outperform other data-driven models such as Long Short-term Memory (LSTM) networks. Inspired by this result, a new physics-guided GCN-based CFM is proposed in this paper. The model has been extended from the previous GCN-based CFM by integrating a vehicle platoon graph along with other refinements. Furthermore, the first attempt to develop physics-guided graph-learning-based CFM is made in this paper by adopting physics-guided machine learning (PGML) in different modeling aspects. The effectiveness of the proposed model was demonstrated in both in-distribution and out-of-distribution scenarios, yielding safe and accurate car-following behaviors. The experiment results showed that under the most severe distributional shift, the proposed model outperformed the best pure data-driven model by approximately 26.25% and a well-calibrated physics-based model by about 11.45% in terms of collision-penalized gap root mean squared error. Future research can focus on improving the robustness of our proposed model under various distributional shifts, leveraging the insights and suggestions given in the paper.",10.1109/ITSC57777.2023.10422607,https://ieeexplore.ieee.org/stamp/stamp.jsp?arnumber=10422607,,3.0,,removed,no,no,no,yes
PIETRA: Physics-Informed Evidential Learning for Traversing Out-of-Distribution Terrain,X. Cai; J. Queeney; T. Xu; A. Datar; C. Pan; M. Miller; A. Flather; P. R. Osteen; N. Roy; X. Xiao; J. P. How,IEEE Robotics and Automation Letters,2025,"Self-supervised learning is a powerful approach for developing traversability models for off-road navigation, but these models often struggle with inputs unseen during training. Existing methods utilize techniques like evidential deep learning to quantify model uncertainty, helping to identify and avoid out-of-distribution terrain. However, always avoiding out-of-distribution terrain can be overly conservative, e.g., when novel terrain can be effectively analyzed using a physics-based model. To overcome this challenge, we introduce Physics-Informed Evidential Traversability (PIETRA), a self-supervised learning framework that integrates physics priors directly into the mathematical formulation of evidential neural networks and introduces physics knowledge implicitly through an uncertainty-aware, physics-informed training loss. Our evidential network seamlessly transitions between learned and physics-based predictions for out-of-distribution inputs. Additionally, the physics-informed loss regularizes the learned model, ensuring better alignment with the physics model. Extensive simulations and hardware experiments demonstrate that PIETRA improves both learning accuracy and navigation performance in environments with significant distribution shifts.",10.1109/LRA.2025.3527285,https://ieeexplore.ieee.org/stamp/stamp.jsp?arnumber=10833878,Machine learning for robot control;motion and path planning,3.0,,removed,no,no,no,yes
Probabilistic Knowledge Distillation of Face Ensembles,J. Xu; S. Li; A. Deng; M. Xiong; J. Wu; J. Wu; S. Ding; B. Hooi,2023 IEEE/CVF Conference on Computer Vision and Pattern Recognition (CVPR),2023,"Mean ensemble (i.e. averaging predictions from multiple models) is a commonly-used technique in machine learning that improves the performance of each individual model. We formalize it as feature alignment for ensemble in open-set face recognition and generalize it into Bayesian Ensemble Averaging (BEA) through the lens of probabilistic modeling. This generalization brings up two practical benefits that existing methods could not provide: (1) the uncertainty of a face image can be evaluated and further decomposed into aleatoric uncertainty and epistemic uncertainty, the latter of which can be used as a measure for out-of-distribution detection of faceness; (2) a BEA statistic provably reflects the aleatoric uncertainty of a face image, acting as a measure for face image quality to improve recognition performance. To inherit the uncertainty estimation capability from BEA without the loss of inference efficiency, we propose BEA-KD, a student model to distill knowledge from BEA. BEA-KD mimics the overall behavior of ensemble members and consistently outperforms SOTA knowledge distillation methods on various challenging benchmarks.",10.1109/CVPR52729.2023.00340,https://ieeexplore.ieee.org/stamp/stamp.jsp?arnumber=10204935,Humans: Face;body;pose;gesture;movement,5.0,yes,moved,no,no,no,yes
Meta OOD Learning For Continuously Adaptive OOD Detection,X. Wu; J. Lu; Z. Fang; G. Zhang,2023 IEEE/CVF International Conference on Computer Vision (ICCV),2023,"Out-of-distribution (OOD) detection is crucial to modern deep learning applications by identifying and alerting about the OOD samples that should not be tested or used for making predictions. Current OOD detection methods have made significant progress when in-distribution (ID) and OOD samples are drawn from static distributions. However, this can be unrealistic when applied to real-world systems which often undergo continuous variations and shifts in ID and OOD distributions over time. Therefore, for an effective application in real-world systems, the development of OOD detection methods that can adapt to these dynamic and evolving distributions is essential. In this paper, we propose a novel and more realistic setting called continuously adaptive out-of-distribution (CAOOD) detection which targets on developing an OOD detection model that enables dynamic and quick adaptation to a new arriving distribution, with insufficient ID samples during deployment time. To address CAOOD, we develop meta OOD learning (MOL) by designing a learning-to-adapt diagram such that a good initialized OOD detection model is learned during the training process. In the testing process, MOL ensures OOD detection performance over shifting distributions by quickly adapting to new distributions with a few adaptations. Extensive experiments on several OOD benchmarks endorse the effectiveness of our method in preserving both ID classification accuracy and OOD detection performance on continuously shifting distributions.",10.1109/ICCV51070.2023.01773,https://ieeexplore.ieee.org/stamp/stamp.jsp?arnumber=10377422,,6.0,yes,moved,no,no,no,yes
Raising the Bar on the Evaluation of Out-of-Distribution Detection,J. Mukhoti; T. -Y. Lin; B. -C. Chen; A. Shah; P. H. S. Torr; P. K. Dokania; S. -N. Lim,2023 IEEE/CVF International Conference on Computer Vision Workshops (ICCVW),2023,"In image classification, a lot of development has happened in detecting out-of-distribution (OoD) data. However, most OoD detection methods are evaluated on a standard set of datasets, arbitrarily different from training data. There is no clear definition of what forms a ""good"" OoD dataset. Furthermore, the state-of-the-art OoD detection methods already achieve near perfect results on these standard benchmarks. In this paper, we define 2 categories of OoD data using the subtly different concepts of perceptual/visual and semantic similarity to in-distribution (iD) data. We define Near OoD samples as perceptually similar but semantically different from iD samples, and Shifted samples as points which are visually different but semantically akin to iD data. We then propose a GAN based framework for generating OoD samples from each of these 2 categories, given an iD dataset. Through extensive experiments on MNIST, CIFAR-10/100 and ImageNet, we show that a) state-of-the-art OoD detection methods which perform exceedingly well on conventional benchmarks are significantly less robust to our proposed benchmark. Moreover, we observe that b) models performing well on our setup also perform well on conventional real-world OoD detection benchmarks and vice versa, thereby indicating that one might not even need a separate OoD set, to reliably evaluate performance in OoD detection.",10.1109/ICCVW60793.2023.00471,https://ieeexplore.ieee.org/stamp/stamp.jsp?arnumber=10350840,,2.0,yes,moved,no,no,no,yes
ProS: Prompting-to-Simulate Generalized Knowledge for Universal Cross-Domain Retrieval,K. Fang; J. Song; L. Gao; P. Zeng; Z. -Q. Cheng; X. Li; H. T. Shen,2024 IEEE/CVF Conference on Computer Vision and Pattern Recognition (CVPR),2024,"The goal of Universal Cross-Domain Retrieval (UCDR) is to achieve robust performance in generalized test scenarios, wherein data may belong to strictly unknown do-mains and categories during training. Recently, pre-trained models with prompt tuning have shown strong generalization capabilities and attained noteworthy achievements in various downstream tasks, such as few-shot learning and video-text retrieval. However, applying them directly to UCDR may not be sufficient to handle both domain shift (i.e., adapting to unfamiliar domains) and semantic shift (i.e., transferring to unknown categories). To this end, we propose Prompting-to-Simulate (ProS), the first method to apply prompt tuning for UCDR. ProS employs a two-step process to simulate Content-aware Dynamic Prompts (CaDP) which can impact models to produce generalized features for UCDR. Concretely, in Prompt Units Learning stage, we introduce two Prompt Units to individually capture domain and semantic knowledge in a mask-and-align way. Then, in Context-aware Simulator Learning stage, we train a Content-aware Prompt Simulator under a simulated test scenario to produce the corresponding CaDP. Extensive experiments conducted on three benchmark datasets show that our method achieves new state-of-the-art performance without bringing excessive parameters. Code is available at https://github.com/fangkaipeng/ProS.",10.1109/CVPR52733.2024.01637,https://ieeexplore.ieee.org/stamp/stamp.jsp?arnumber=10655944,Image Retrieval;Domain Generalization;Open-Set,15.0,,removed,no,no,no,yes
RankFeat&RankWeight: Rank-1 Feature/Weight Removal for Out-of-Distribution Detection,Y. Song; W. Wang; N. Sebe,IEEE Transactions on Pattern Analysis and Machine Intelligence,2025,"The task of out-of-distribution (OOD) detection is crucial for deploying machine learning models in real-world settings. In this paper, we observe that the singular value distributions of the in-distribution (ID) and OOD features are quite different: the OOD feature matrix tends to have a larger dominant singular value than the ID feature, and the class predictions of OOD samples are largely determined by it. This observation motivates us to propose RankFeat, a simple yet effective post hoc approach for OOD detection by removing the rank-1 matrix composed of the largest singular value and the associated singular vectors from the high-level feature. RankFeat achieves state-of-the-art performance and reduces the average false positive rate (FPR95) by 17.90% compared with the previous best method. The success of RankFeat motivates us to investigate whether a similar phenomenon would exist in the parameter matrices of neural networks. We thus propose RankWeight which removes the rank-1 weight from the parameter matrices of a single deep layer. Our RankWeight is also post hoc and only requires computing the rank-1 matrix once. As a standalone approach, RankWeight has very competitive performance against other methods across various backbones. Moreover, RankWeight enjoys flexible compatibility with a wide range of OOD detection methods. The combination of RankWeight and RankFeat refreshes the new state-of-the-art performance, achieving the FPR95 as low as 16.13% on the ImageNet-1k benchmark. Extensive ablation studies and comprehensive theoretical analyses are presented to support the empirical results.",10.1109/TPAMI.2024.3520899,https://ieeexplore.ieee.org/stamp/stamp.jsp?arnumber=10812065,Distribution shift;out-of-distribution detection,1.0,yes,moved,no,no,no,no
Realistic galaxy images and improved robustness in machine learning tasks from generative modelling,B. J. Holzschuh; C. M. O'Riordan; S. Vegetti; V. Rodriguez-Gomez; N. Thuerey,Monthly Notices of the Royal Astronomical Society,2022,"We examine the capability of generative models to produce realistic galaxy images. We show that mixing generated data with the original data improves the robustness in downstream machine learning tasks. We focus on three different data sets: analytical Sérsic profiles, real galaxies from the COSMOS survey, and galaxy images produced with the SKIRT code, from the IllustrisTNG simulation. We quantify the performance of each generative model, using the Wasserstein distance between the distributions of morphological properties (e.g. the Gini-coefficient, the asymmetry, and ellipticity), the surface brightness distribution on various scales (as encoded by the power spectrum), the bulge statistic, and the colour for the generated and source data sets. With an average Wasserstein distance (Fréchet Inception Distance) of 7.19 × 10−2 (0.55), 5.98 × 10−2 (1.45), and 5.08 × 10−2 (7.76) for the Sérsic, COSMOS and SKIRT data set, respectively, our best models convincingly reproduce even the most complicated galaxy properties and create images that are visually indistinguishable from the source data. We demonstrate that by supplementing the training data set with generated data, it is possible to significantly improve the robustness against domain-shifts and out-of-distribution data. In particular, we train a convolutional neural network to denoise a data set of mock observations. By mixing generated images into the original training data, we obtain an improvement of 11 and 45 per cent in the model performance regarding domain-shifts in the physical pixel size and background noise level, respectively.",10.1093/mnras/stac1188,https://ieeexplore.ieee.org/stamp/stamp.jsp?arnumber=10059011,methods: data analysis;methods: statistical;techniques: image processing;galaxies: structure,1.0,yes,moved,no,no,no,yes
Reconstruction Guided Meta-Learning for Few Shot Open Set Recognition,S. Nag; D. S. Raychaudhuri; S. Paul; A. K. Roy-Chowdhury,IEEE Transactions on Pattern Analysis and Machine Intelligence,2023,"In many applications, we are constrained to learn classifiers from very limited data (few-shot classification). The task becomes even more challenging if it is also required to identify samples from unknown categories (open-set classification). Learning a good abstraction for a class with very few samples is extremely difficult, especially under open-set settings. As a result, open-set recognition has received limited attention in the few-shot setting. However, it is a critical task in many applications like environmental monitoring, where the number of labeled examples for each class is limited. Existing few-shot open-set recognition (FSOSR) methods rely on thresholding schemes, with some considering uniform probability for open-class samples. However, this approach is often inaccurate, especially for fine-grained categorization, and makes them highly sensitive to the choice of a threshold. To address these concerns, we propose Reconstructing Exemplar-based Few-shot Open-set ClaSsifier (ReFOCS). By using a novel exemplar reconstruction-based meta-learning strategy ReFOCS streamlines FSOSR eliminating the need for a carefully tuned threshold by learning to be self-aware of the openness of a sample. The exemplars, act as class representatives and can be either provided in the training dataset or estimated in the feature domain. By testing on a wide variety of datasets, we show ReFOCS to outperform multiple state-of-the-art methods.",10.1109/TPAMI.2023.3320731,https://ieeexplore.ieee.org/stamp/stamp.jsp?arnumber=10268073,Few-shot learning;open-set recognition;out-of-distribution detection;meta-learning,11.0,yes,moved,no,no,no,no
Reducing CNN Textural Bias With k-Space Artifacts Improves Robustness,Y. Cabrera; A. E. Fetit,IEEE Access,2022,"Convolutional neural networks (CNNs) have become the de facto algorithms of choice for semantic segmentation tasks in biomedical image processing. Yet, models based on CNNs remain susceptible to the domain shift problem, where a mismatch between source and target distributions could lead to a drop in performance. CNNs were recently shown to exhibit a textural bias when processing natural images, and recent studies suggest that this bias also extends to the context of biomedical imaging. In this paper, we focus on Magnetic Resonance Images (MRI) and investigate textural bias in the context of  ${k}$ -space artifacts (Gibbs, spike, and wraparound artifacts), which naturally manifest in clinical MRI scans. We show that carefully introducing such artifacts at training time can help reduce textural bias, and consequently lead to CNN models that are more robust to acquisition noise and out-of-distribution inference, including scans from hospitals not seen during training. We also present Gibbs ResUnet; a novel, end-to-end framework that automatically finds an optimal combination of Gibbs  ${k}$ -space stylizations and segmentation model weights. We illustrate our findings on multimodal and multi-institutional clinical MRI datasets obtained retrospectively from the Medical Segmentation Decathlon  $(n=750)$  and The Cancer Imaging Archive  $(n=243)$ .",10.1109/ACCESS.2022.3179844,https://ieeexplore.ieee.org/stamp/stamp.jsp?arnumber=9786829,Texture;bias;artifacts;robustness;MRI;CNNs,1.0,yes,moved,no,no,no,yes
Reliability in Semantic Segmentation: Are we on the Right Track?,P. de Jorge; R. Volpi; P. H. S. Torr; G. Rogez,2023 IEEE/CVF Conference on Computer Vision and Pattern Recognition (CVPR),2023,"Motivated by the increasing popularity of transformers in computer vision, in recent times there has been a rapid development of novel architectures. While in-domain performance follows a constant, upward trend, properties like robustness or uncertainty estimation are less explored-leaving doubts about advances in model reliability. Studies along these axes exist, but they are mainly limited to classification models. In contrast, we carry out a study on semantic segmentation, a relevant task for many real-world applications where model reliability is paramount. We analyze a broad variety of models, spanning from older ResNet-based architectures to novel transformers and assess their reliability based on four metrics: robustness, calibration, misclassification detection and out-of-distribution (OOD) detection. We find that while recent models are significantly more robust, they are not overall more reliable in terms of uncertainty estimation. We further explore methods that can come to the rescue and show that improving calibration can also help with other uncertainty metrics such as misclassification or OOD detection. This is the first study on modern segmentation models focused on both robustness and uncertainty estimation and we hope it will help practitioners and researchers interested in this fundamental vision task11Code available at https://github.com/naver/relis.",10.1109/CVPR52729.2023.00693,https://ieeexplore.ieee.org/stamp/stamp.jsp?arnumber=10203092,Segmentation;grouping and shape analysis,18.0,yes,moved,no,no,no,no
Recovering Generalization via Pre-Training-Like Knowledge Distillation for Out-of-Distribution Visual Question Answering,Y. Song; X. Yang; Y. Wang; C. Xu,IEEE Transactions on Multimedia,2024,"With the emergence of large-scale multi-modal foundation models, significant improvements have been made towards Visual Question Answering (VQA) in recent years via the “Pre-training and Fine-tuning” paradigm. However, the fine-tuned VQA model, which is more specialized for the downstream training data, may fail to generalize well when there is a distribution shift between the training and test data, which is defined as the Out-of-Distribution (OOD) problem. An intuitive way to solve this problem is to transfer the common knowledge from the foundation model to the fine-tuned VQA model via knowledge distillation for better generalization. However, the generality of distilled knowledge based on the task-specific training data is questionable due to the bias between the training and test data. An ideal way is to adopt the pre-training data to distill the common knowledge shared by the training and OOD test samples, which however is impracticable due to the huge size of pre-training data. Based on the above considerations, in this article, we propose a method, named Pre-training-like Knowledge Distillation (PKD), to imitate the pre-training feature distribution and leverage it to distill the common knowledge, which can improve the generalization performance of the fine-tuned model for OOD VQA. Specifically, we first leverage the in-domain VQA data as guidance and adopt two cross-modal feature prediction networks, which are learned under the supervision of image-text matching loss and feature divergence loss, to estimate pre-training-like vision and text features. Next, we conduct feature-level distillation by explicitly integrating the downstream VQA input features with the predicted pre-training-like features through a memory mechanism. In the meantime, we also conduct model-level distillation by constraining the image-text matching output of the downstream VQA model and the output of the foundation model for the pre-training-like image and text features. Extensive experiments on the VQA-CP v2 and VQA v2 datasets demonstrate the effectiveness of our method.",10.1109/TMM.2023.3272224,https://ieeexplore.ieee.org/stamp/stamp.jsp?arnumber=10119213,Multi-modal Foundation Model;Out-of-Distribution Generalization;Visual Question Answering;Knowledge Distillation,8.0,,removed,no,no,no,yes
Mitigating Distributional Shift in Semantic Segmentation via Uncertainty Estimation From Unlabeled Data,D. S. W. Williams; D. D. Martini; M. Gadd; P. Newman,IEEE Transactions on Robotics,2024,"Knowing when a trained segmentation model is encountering data that is different to its training data is important. Understanding and mitigating the effects of this play an important part in their application from a performance and assurance perspective—this being a safety concern in applications such as autonomous vehicles. This article presents a segmentation network that can detect errors caused by challenging test domains without any additional annotation in a single forward pass. As annotation costs limit the diversity of labeled datasets, we use easy-to-obtain, uncurated and unlabeled data to learn to perform uncertainty estimation by selectively enforcing consistency over data augmentation. To this end, a novel segmentation benchmark based on the sense-assess-eXplain (SAX) is used, which includes labeled test data spanning three autonomous-driving domains, ranging in appearance from dense urban to off-road. The proposed method, named $\mathrm{\gamma }\text{-}\text{SSL}$, consistently outperforms uncertainty estimation and out-of-distribution techniques on this difficult benchmark—by up to 10.7% in area under the receiver operating characteristic curve and 19.2% in area under the precision-recall curve in the most challenging of the three scenarios.",10.1109/TRO.2024.3401020,https://ieeexplore.ieee.org/stamp/stamp.jsp?arnumber=10530426,Autonomous vehicle (AV) navigation;deep learning in robotics and automation;introspection;out-of-distribution (OoD) detection;performance assessment;semantic scene understanding;uncertainty estimation,4.0,yes,no,no,no,no,no
Refining Graph OOD Detection in Heterophilous Contexts through Neural Collapse,K. Zheng,2025 4th International Symposium on Computer Applications and Information Technology (ISCAIT),2025,"Out-of-distribution (OOD) detection in graph neural networks plays a crucial role in relevant security deployments. Recent research on graph OOD detection focuses on the score of individual instances, utilizing aggregation operations to update scores. These approaches generally assume that neighboring instances are of the same distribution, an assumption known as homophily. However, in heteroophilic scenarios, these methods have a flaw in that the aggregation operation reduces the difference between the In-distribution (ID) data and the OOD data. To address this issue, we propose a novel inference-based approach, Graph Neural Collapse OOD (GNCO), which leverages the geometric properties of Neural Collapse and optimizes the aggregation operation, achieving generalization in heterophilous settings. In GNCO, we consider a unique geometric property of neural collapse, i.e., ID and OOD features tend to become orthogonal during the terminal phase of training. Based on this insight, the norm of the test instance feature within the ID subspace can be devised to derive the OOD score. We conducted comprehensive experiments to validate the efficacy of GNCO. Our results confirm that this method outperforms all benchmarks across a variety of real-world datasets.",10.1109/ISCAIT64916.2025.11010623,https://ieeexplore.ieee.org/stamp/stamp.jsp?arnumber=11010623,Out-of-Distribution Detection;Graph;Neural Collapse;Graph Deep Learning;Heteroophilic Graph,,,removed,no,yes,no,no
OpenMIBOOD: Open Medical Imaging Benchmarks for Out-Of-Distribution Detection,M. Gutbrod; D. Rauber; D. W. Nunes; C. Palm,2025 IEEE/CVF Conference on Computer Vision and Pattern Recognition (CVPR),2025,"The growing reliance on Artificial Intelligence (AI) in critical domains such as healthcare demands robust mechanisms to ensure the trustworthiness of these systems, especially when faced with unexpected or anomalous inputs. This paper introduces the Open Medical Imaging Benchmarks for Out-Of-Distribution Detection (OpenMI-BOOD), a comprehensive framework for evaluating out-of-distribution (OOD) detection methods specifically in medical imaging contexts. OpenMIBOOD includes three benchmarks from diverse medical domains, encompassing 14 datasets divided into covariate-shifted in-distribution, near-OOD, and far-OOD categories. We evaluate 24 post-hoc methods across these benchmarks, providing a standardized reference to advance the development and fair comparison of OOD detection methods. Results reveal that findings from broad-scale OOD benchmarks in natural image domains do not translate to medical applications, underscoring the critical need for such benchmarks in the medical field. By mitigating the risk of exposing AI models to inputs outside their training distribution, OpenMIBOOD aims to support the advancement of reliable and trustworthy AI systems in healthcare. The repository is available at https: //github.com/remic-othr/OpenMIBOOD.",10.1109/CVPR52734.2025.02410,https://ieeexplore.ieee.org/stamp/stamp.jsp?arnumber=11094279,out-of-distribution;medical image computing;deep learning;benchmark;trustworthy artificial intelligence,,yes,no,no,no,no,no
Representation-Based Continual Learning for Channel Estimation in Dynamic Wireless Environments,L. Kong; X. Liu; X. Zhang; J. Xiong; H. Zhao; J. Wei,IEEE Transactions on Wireless Communications,2025,"Most AI-based channel estimation methods with static environment assumptions suffer from performance degradation due to the distribution shift caused by the varying channel environment. As one of the solutions, transfer learning also faces the problem of catastrophic forgetting, where the model tents to fail in previous estimation tasks after learning from new ones. In this paper, we propose a continuous learning-based channel estimation (CLCE) scheme that integrates a series of subnetworks to preserve historical knowledge and achieve an ongoing process of self-improvement. To determine whether the wireless environment is previously unobserved, we first propose a distance-based unsupervised out-of-distribution (OOD) detection algorithm to perceive the distribution shift of the channel environment. The OOD detection algorithm is developed based on the representation of channel data in the latent space of a variational autoencoder (VAE), which is designed to infer the latent variable that implies the characteristics of the wireless environment. Then, a new channel estimation subnetwork is initiated with meta-learning to adapt to the dynamic channel environments with a small set of OOD channel data. Simulation results reveal that our proposed scheme can accurately detect unobserved channel environments without introducing additional detection network, and efficiently adapt to them with few online samples. Furthermore, the mean square error (MSE) result of the channel estimations across multiple environments demonstrates that CLCE effectively mitigates catastrophic forgetting and outperforms the competitors.",10.1109/TWC.2025.3552836,https://ieeexplore.ieee.org/stamp/stamp.jsp?arnumber=10944428,Channel estimation;continual learning;out of distribution detection;variational autoencoder;orthogonal frequency division multiplexing (OFDM),,,removed,no,no,no,yes
Research on a Dynamic Multi-Dimensional Lightweight Evaluation Framework for Large Language Models,X. Wen; F. Feng; X. Zhang,"2025 5th International Conference on Artificial Intelligence, Big Data and Algorithms (CAIBDA)",2025,"To address the limitations of strong static assumptions, single-dimensional evaluation, and insufficient engineering flexibility in current evaluation methods for large language models (LLMs), this paper proposes a dynamic multidimensional evaluation framework, which includes adversarial sample generation and temporal drift techniques to simulate real-world distribution shifts. To comprehensively measure model performance under resource constraints, we introduce a novel metric, PCR_lite, which integrates accuracy, inference latency, and VRAM usage into a unified efficiency score. Experiments were conducted on mainstream LLMs including GPT-4, Claude 3 Opus, LLaMA3-70B, and DeepSeek-70B, evaluated under both static benchmarks (HELM and Big-Bench) and the proposed dynamic evaluation scenarios. Results show that all models experience a 5–8% accuracy degradation under distributional shifts, revealing latent vulnerabilities not captured by static benchmarks. Moreover, PCR_lite demonstrates improved sensitivity to inference efficiency, ranking models more accurately for deployment readiness—DeepSeek-70B, for instance, achieves the highest score due to low latency and memory consumption. Compared to traditional evaluation methods, the proposed framework reduces evaluation time and memory usage by $\sim 30 \%$, while preserving comparable task coverage. These findings suggest that our framework offers a more realistic and resource-aware evaluation paradigm for the development and deployment of next-generation LLMs.",10.1109/CAIBDA65784.2025.11182957,https://ieeexplore.ieee.org/stamp/stamp.jsp?arnumber=11182957,Large Language Models (LLMs);Model Evaluation;Dynamic Data Generation;Adversarial Samples;Efficiency Ratio;Lightweight Metrics,,,removed,no,no,no,no
Respond to Change With Constancy: Instruction-Tuning With LLM for Non-I.I.D. Network Traffic Classification,X. Lin; G. Xiong; G. Gou; W. Dong; J. Yu; Z. Li; W. Xia,IEEE Transactions on Information Forensics and Security,2025,"Encrypted traffic classification is highly challenging in network security due to the need for extracting robust features from content-agnostic traffic data. Existing approaches face critical issues: (i) Distribution drift, caused by reliance on the closed-world assumption, limits adaptability to real-world, shifting patterns; (ii) Dependence on labeled data restricts applicability where such data is scarce or unavailable. Large language models (LLMs) have demonstrated remarkable potential in offering generalizable solutions across a wide range of tasks, achieving notable success in various specialized fields. However, their effectiveness in traffic analysis remains constrained by challenges in adapting to the unique requirements of the traffic domain. In this paper, we introduce a novel traffic representation model named Encrypted Traffic Out-of-Distribution Instruction Tuning with LLM (ETooL), which integrates LLMs with knowledge of traffic structures through a self-supervised instruction tuning paradigm. This framework establishes connections between textual information and traffic interactions. ETooL demonstrates more robust classification performance and superior generalization in both supervised and zero-shot traffic classification tasks. Notably, it achieves significant improvements in F1 scores: APP53 (I.I.D.) to 93.19%(6.62% $\uparrow $ ) and 92.11%(4.19% $\uparrow $ ), APP53 (O.O.D.) to 74.88%(18.17% $\uparrow $ ) and 72.13%(15.15% $\uparrow $ ), and ISCX-Botnet (O.O.D.) to 95.03%(9.16% $\uparrow $ ) and 81.95%(12.08% $\uparrow $ ). Additionally, we construct NETD, a traffic dataset designed to support dynamic distributional shifts, and use it to validate ETooL’s effectiveness under varying distributional conditions. Furthermore, we evaluate the efficiency gains achieved through ETooL’s instruction tuning approach.",10.1109/TIFS.2025.3574971,https://ieeexplore.ieee.org/stamp/stamp.jsp?arnumber=11018090,Encrypted traffic classification;network security;out-of-distribution generalization;large language models,,,removed,no,no,no,no
OpenMix: Exploring Outlier Samples for Misclassification Detection,F. Zhu; Z. Cheng; X. -Y. Zhang; C. -L. Liu,2023 IEEE/CVF Conference on Computer Vision and Pattern Recognition (CVPR),2023,"Reliable confidence estimation for deep neural classifiers is a challenging yet fundamental requirement in high-stakes applications. Unfortunately, modern deep neural networks are often overconfident for their erroneous predictions. In this work, we exploit the easily available outlier samples, i.e., unlabeled samples coming from non-target classes, for helping detect misclassification errors. Particularly, we find that the well-known Outlier Exposure, which is powerful in detecting out-of-distribution (OOD) samples from unknown classes, does not provide any gain in identifying misclassification errors. Based on these observations, we propose a novel method called OpenMix, which incorporates open-world knowledge by learning to reject uncertain pseudo-samples generated via outlier transformation. OpenMix significantly improves confidence reliability under various scenarios, establishing a strong and unified framework for detecting both misclassified samples from known classes and OOD samples from unknown classes. The code is publicly available at https://github.com/Impression2805/OpenMix.",10.1109/CVPR52729.2023.01162,https://ieeexplore.ieee.org/stamp/stamp.jsp?arnumber=10205216,Recognition: Categorization;detection;retrieval,23.0,yes,moved,no,no,no,no
Revisiting Attack-Caused Structural Distribution Shift in Graph Anomaly Detection,Y. Gao; J. Li; X. Wang; X. He; H. Feng; Y. Zhang,IEEE Transactions on Knowledge and Data Engineering,2024,"Graph anomaly detection (GAD) under semi-supervised setting poses a significant challenge due to the distinct structural distribution between anomalous and normal nodes. Specifically, anomalous nodes constitute a minority and exhibit high heterophily and low homophily compared to normal nodes. The distribution of neighbors of the two types of nodes is close, making them difficult to distinguish during aggregation. Furthermore, we discover that apart from various time factors and annotation preferences, graph adversarial attacks can amplify the heterophily difference across training and testing data, namely distribution shift (SDS) in this paper. Current methods for GAD tend to overlook SDS, resulting in poor generalization and limited effectiveness. This work solves the problem from a feature view. We observe that the degree of SDS varies between anomalies and normal nodes. Hence the key lies in (1) resisting high heterophily for anomalies and (2) benefiting the learning of normals from homophily. To this end, we design a Graph Decomposition Network (GDN), which not only teases out the anomaly features that make great contributions to GAD to mitigate the effect of heterophilous neighbors and make them invariant, but also constrain the remaining features for normal nodes to preserve the connectivity of nodes and reinforce the influence of the homophilous neighborhood. To further validate the effectiveness of our method, we illustrate the feature decomposition process in spectral domain, and we also conduct an adversarial attack to incur different heterophily degrees under SDS. Extensive experimental results demonstrate that our framework achieves both accuracy and robustness enhancement.",10.1109/TKDE.2024.3380709,https://ieeexplore.ieee.org/stamp/stamp.jsp?arnumber=10478154,Graph neural networks;adversarial attack;anomaly detection;out-of-distribution,7.0,,removed,no,no,no,no
Robust Distribution-Shift Aware Sar-Optical data Fusion for Multi-Label Scene Classification,J. Gawlikowski; S. Saha; J. Niebling; X. X. Zhu,IGARSS 2022 - 2022 IEEE International Geoscience and Remote Sensing Symposium,2022,"Out-of-distribution (OOD) detection is an emerging research topic in remote sensing where existing works focus on single sensor analysis. However, many remote sensing works use multi-modal data to benefit from different characteristics of the sensors. Data that is in-domain for one sensor may be OOD for another sensor. In this work, we address such a scenario focusing on Synthetic Aperture Radar (SAR) and optical data fusion for multi-label scene classification. Besides data distribution shifts caused by unknown classes and snow, we also consider cases where only one modality is affected. Optical images acquired with significant cloud coverage are considered as OOD, while their corresponding SAR images can be in-distribution. We propose a weighted feature propagation strategy based on the in-distribution probabilities of the single modalities. We show, that we not only improve the prediction performance on the cloudy samples but also receive a higher predictive uncertainty when both modalities are OOD.",10.1109/IGARSS46834.2022.9884880,https://ieeexplore.ieee.org/stamp/stamp.jsp?arnumber=9884880,Data Fusion;Out-of-Distribution;Uncertainty Quantification;Robustness;Remote Sensing,1.0,yes,moved,no,no,no,yes
Robust Generalized Zero-Shot Learning via Dual-Stream Variational Autoencoders and Out-of-Distribution Detection,X. Han; Z. Li; W. Zhang; H. Huang; W. Fan,2025 IEEE International Conference on Multimedia and Expo (ICME),2025,"In this work, we propose a novel Generalized Zero-Shot Learning (GZSL) approach that integrates out-of-distribution (OOD) detection mechanisms into the architecture of generative models. At the core of our method is a dual-stream Variational Autoencoder (VAE), which creates a unified latent space to align data distributions from different modalities. This alignment helps our model better identify unseen classes by reducing bias using class-specific distribution ranges. We further improve the model by adding contrastive learning and a classification loss to the latent space, which separates features of seen and unseen classes and reduces feature confusion. To enhance the quality of generated data, we combine the dual-stream VAE with a Generative Adversarial Network (GAN), enhancing the quality of synthetic data and improving the model’s robustness against variations in data distribution. Extensive validation on popular benchmarks has confirmed the effectiveness of our approach, demonstrating notable improvements in GZSL performance.",10.1109/ICME59968.2025.11208941,https://ieeexplore.ieee.org/stamp/stamp.jsp?arnumber=11208941,Generalized Zero-Shot Learning;Variational Autoencoder;Out-of-Distribution;Contrastive Learning,,yes,moved,no,no,no,no
Robust Novelty Detection Through Style-Conscious Feature Ranking,S. Smeu; E. Burceanu; E. Haller; A. L. Nicolicioiu,2025 IEEE/CVF Winter Conference on Applications of Computer Vision (WACV),2025,"Novelty detection seeks to identify samples deviating from a known distribution, yet data shifts in a multitude of ways, and only a few consist of relevant changes. Aligned with out-of-distribution generalization literature, we advocate for a formal distinction between task-relevant semantic or content changes and irrelevant style changes. This distinction forms the basis for robust novelty detection, emphasizing the identification of semantic changes resilient to style distributional shifts. To this end, we introduce Stylist, a method that utilizes pretrained large-scale model representations to selectively discard environment-biased features. By computing per-feature scores based on feature distribution distances between environments, Stylist effectively eliminates features responsible for spurious correlations, enhancing novelty detection performance. Evaluations on adapted domain generalization datasets and a synthetic dataset demonstrate Stylist's efficacy in improving novelty detection across diverse datasets with stylistic and content shifts. We make our code available at https://github.com/bit-ml/Stylist.",10.1109/WACV61041.2025.00720,https://ieeexplore.ieee.org/stamp/stamp.jsp?arnumber=10943786,distribution shift;feature selection;novelty detection,,yes,moved,no,no,no,yes
Robust Object Detection via Instance-Level Temporal Cycle Confusion,X. Wang; T. E. Huang; B. Liu; F. Yu; X. Wang; J. E. Gonzalez; T. Darrell,2021 IEEE/CVF International Conference on Computer Vision (ICCV),2021,"Building reliable object detectors that are robust to domain shifts, such as various changes in context, viewpoint, and object appearances, is critical for real-world applications. In this work, we study the effectiveness of auxiliary self-supervised tasks to improve the out-of-distribution generalization of object detectors. Inspired by the principle of maximum entropy, we introduce a novel self-supervised task, instance-level temporal cycle confusion (CycConf), which operates on the region features of the object detectors. For each object, the task is to find the most different object proposals in the adjacent frame in a video and then cycle back to itself for self-supervision. CycConf encourages the object detector to explore invariant structures across instances under various motions, which leads to improved model robustness in unseen domains at test time. We observe consistent out-of-domain performance improvements when training object detectors in tandem with self-supervised tasks on various do-main adaptation benchmarks with static images (Cityscapes, Foggy Cityscapes, Sim10K) and large-scale video datasets (BDD100K and Waymo open data)1.",10.1109/ICCV48922.2021.00901,https://ieeexplore.ieee.org/stamp/stamp.jsp?arnumber=9711333,Transfer/Low-shot/Semi/Unsupervised Learning;Detection and localization in 2D and 3D,22.0,yes,moved,no,no,no,yes
Robust Fine-Tuning of Vision-Language Models for Domain Generalization,K. Vogt-Lowell; N. Lee; T. Tsiligkaridis; M. Vaillant,2023 IEEE High Performance Extreme Computing Conference (HPEC),2023,"Transfer learning enables the sharing of common knowledge among models for a variety of downstream tasks, but traditional methods suffer in limited training data settings and produce narrow models incapable of effectively generalizing under distribution shifts. Foundation models have recently demonstrated impressive zero-shot inference capabilities and robustness under distribution shifts. However, zero-shot evaluation for these models has been predominantly confined to benchmarks with simple distribution shifts, limiting our understanding of their effectiveness under the more realistic shifts found in practice. Moreover, common fine-tuning methods for these models have yet to be evaluated against vision models in few-shot scenarios where training data is limited. To address these gaps, we present a new recipe for few-shot fine-tuning of the popular vision-language foundation model CLIP and evaluate its performance on challenging benchmark datasets with realistic distribution shifts from the WILDS collection. Our experimentation demonstrates that, while zero-shot CLIP fails to match performance of trained vision models on more complex benchmarks, few-shot CLIP fine-tuning outperforms its vision-only counterparts in terms of in-distribution and out-of-distribution accuracy at all levels of training data availability. This provides a strong incentive for adoption of foundation models within few-shot learning applications operating with real-world data.",10.1109/HPEC58863.2023.10363450,https://ieeexplore.ieee.org/stamp/stamp.jsp?arnumber=10363450,foundation model;vision-language model;CLIP;fine-tuning;distribution shift;out-of-distribution robustness,2.0,,removed,no,no,no,yes
RobustCLEVR: A Benchmark and Framework for Evaluating Robustness in Object-centric Learning,N. Drenkow; M. Unberath,2024 IEEE/CVF Winter Conference on Applications of Computer Vision (WACV),2024,"Object-centric representation learning offers the potential to overcome limitations of image-level representations by explicitly parsing image scenes into their constituent components. While image-level representations typically lack robustness to natural image corruptions, the robustness of object-centric methods remains largely untested. To address this gap, we present the RobustCLEVR benchmark dataset and evaluation framework. Our framework takes a novel approach to evaluating robustness by enabling the specification of causal dependencies in the image generation process grounded in expert knowledge and capable of producing a wide range of image corruptions unattainable in existing robustness evaluations. Using our framework, we define several causal models of the image corruption process which explicitly encode assumptions about the causal relationships and distributions of each corruption type. We generate dataset variants for each causal model on which we evaluate state-of-the-art object-centric methods. Overall, we find that object-centric methods are not inherently robust to image corruptions. Our causal evaluation approach exposes model sensitivities not observed using conventional evaluation processes, yielding greater insight into robustness differences across algorithms. Lastly, while conventional robustness evaluations view corruptions as out-of-distribution, we use our causal framework to show that even training on in-distribution image corruptions does not guarantee increased model robustness. This work provides a step towards more concrete and substantiated understanding of model performance and deterioration under complex corruption processes of the real-world.1",10.1109/WACV57701.2024.00446,https://ieeexplore.ieee.org/stamp/stamp.jsp?arnumber=10484494,Algorithms;Datasets and evaluations;Algorithms;Image recognition and understanding,2.0,yes,moved,no,no,no,no
Out-of-Distribution Segmentation in Autonomous Driving: Problems and State of the Art,Y. Shoeb; A. Nowzad; H. Gottschalk,2025 IEEE/CVF Conference on Computer Vision and Pattern Recognition Workshops (CVPRW),2025,"In this paper, we review the state of the art in Out-ofDistribution (OoD) segmentation, with a focus on road obstacle detection in automated driving as a real-world application. We analyse the performance of existing methods on two widely used benchmarks, SegmentMeIfYouCan Obstacle Track and LostAndFound-NoKnown, highlighting their strengths, limitations, and real-world applicability. Additionally, we discuss key challenges and outline potential research directions to advance the field. Our goal is to provide researchers and practitioners with a comprehensive perspective on the current landscape of OoD segmentation and to foster further advancements toward safer and more reliable autonomous driving systems.",10.1109/CVPRW67362.2025.00416,https://ieeexplore.ieee.org/stamp/stamp.jsp?arnumber=11147772,out-of-distribution segmentation;autonomous driving,,yes,no,no,no,no,no
RotoGBML: Towards Out-of-distribution Generalization for Gradient-based Meta-learning,M. Zhang; Z. Zhuang; Z. Wang; D. Wang,2024 IEEE International Conference on Multimedia and Expo (ICME),2024,"Gradient-based meta-learning (GBML) algorithms can quickly adapt to new tasks by transferring the learned meta-knowledge while assuming that all tasks come from the same distribution (in-distribution, ID). However, in the real world, they often grapple with an out-of-distribution (OOD) generalization challenge, where tasks stem from diverse distributions. OOD exacerbates discrepancies in task gradient magnitudes and directions, posing a formidable challenge for GBML in optimizing meta-knowledge by minimizing the sum of task gradients in each minibatch. To address this problem, we propose RotoGBML, a novel approach designed to homogenize OOD task gradients. RotoGBML employs reweighted vectors to dynamically balance diverse magnitudes to a standardized scale and uses rotation matrices to align conflicting directions. To reduce overhead, we homogenize gradients with the features rather than network parameters. Additionally, to circumvent the impact of non-causal features (e.g., backgrounds), we propose an Invariant Self-Information (ISI) module to extract invariant causal features (e.g., the outlines of objects). Finally, task gradients are homogenized based on these invariant causal features. Experiments demonstrate that RotoGBML outperforms state-of-the-art methods across various few-shot benchmarks.",10.1109/ICME57554.2024.10687395,https://ieeexplore.ieee.org/stamp/stamp.jsp?arnumber=10687395,In-distribution;Out-of-distribution;Few-shot image classification;Gradient-based meta-learning,1.0,yes,moved,no,no,no,no
Runtime Verification for Visual Deep Learning Systems With Loss Prediction,B. Torpmann-Hagen; M. A. Riegler; P. Halvorsen; D. Johansen,IEEE Access,2025,"Deep neural networks often demonstrate remarkable performance on benchmarks, but have been shown to readily fail once they leave lab-conditions and are deployed in real-world conditions. This can be attributed to their sensitivity to minor changes in the nature of the data, typically referred to as distributional shifts. To address this, a growing body of work has emerged implementing distributional shift detectors, a form of runtime verification intended to detect when a neural network encounters data for which it is unlikely to predict correctly. These methods generally involve extracting features which characterize the degree to which a given point is out-of-distribution and setting a suitable threshold for this feature which sufficiently separates in-distribution and out-of-distribution data. In this paper, we advocate for a significant methodological shift from framing the detection of distributional-shift as a classification problem to framing it as a regression problem. We first justify this view through an empirical analysis of several popular methods of distributional shift detection, where we show that optimal thresholds for one type and severity of shift does not necessarily generalize to other shifts and that classification generally lacks the granularity and expressivity for use as a form of runtime verification in deployment scenarios. We then show that the relationships between the features these classifiers are based upon and network loss are often fairly strong. Motivated by these results, we perform a feasibility study wherein we train a generalized linear model on synthetically-augmented data, which we assess on instances of organic distributional shift in several domain-adaptation datasets. We attain promising results, with for instance, an average percentage error of 5% when predicting network loss for a polyp segmentation benchmark, equivalent to predicting intersection-over-union scores with an average error of only 0.03. We discuss the implications this has for practitioners and advocate for the continued development of loss-regression models as runtime monitors for deep learning systems.",10.1109/ACCESS.2025.3552157,https://ieeexplore.ieee.org/stamp/stamp.jsp?arnumber=10930478,Deep learning;runtime verification;distributional shift detection;OOD detection;trustworthy AI,,yes,moved,no,no,no,yes
Robust Stochastically-Descending Unrolled Networks,S. Hadou; N. NaderiAlizadeh; A. Ribeiro,IEEE Transactions on Signal Processing,2024,"Deep unrolling, or unfolding, is an emerging learning-to-optimize method that unrolls a truncated iterative algorithm in the layers of a trainable neural network. However, the convergence guarantees and generalizability of the unrolled networks are still open theoretical problems. To tackle these problems, we provide deep unrolled architectures with a stochastic descent nature by imposing descending constraints during training. The descending constraints are forced layer by layer to ensure that each unrolled layer takes, on average, a descent step toward the optimum during training. We theoretically prove that the sequence constructed by the outputs of the unrolled layers is then guaranteed to converge for in-distribution problems. We then analyze the generalizability to certain out-of-distribution (OOD) shifts in the optimization problems being solved. Our analysis shows that the descending nature imposed by the proposed constraints is transferable under these distribution shifts, subject to a generalization error, thereby providing the unrolled networks with OOD robustness. We numerically assess unrolled architectures trained with the proposed constraints in two different applications, including the sparse coding using learnable iterative shrinkage and thresholding algorithm (LISTA) and image inpainting using proximal generative flow (GLOW-Prox), and demonstrate the performance and robustness advantages of the proposed method.",10.1109/TSP.2024.3489223,https://ieeexplore.ieee.org/stamp/stamp.jsp?arnumber=10741959,Algorithm unrolling;deep unfolding;learning to optimize;constrained learning,1.0,,removed,no,no,no,yes
SALON: Self-supervised Adaptive Learning for Off-road Navigation,M. Sivaprakasam; S. Triest; C. Ho; S. Aich; J. Lew; I. Adu; W. Wang; S. Scherer,2025 IEEE International Conference on Robotics and Automation (ICRA),2025,"Autonomous robot navigation in off-road environments presents a number of challenges due to its lack of structure, making it difficult to handcraft robust heuristics for diverse scenarios. While learned methods using hand labels or self-supervised data improve generalizability, they often require a tremendous amount of data and can be vulnerable to domain shifts. To improve generalization in novel environments, recent works have incorporated adaptation and self-supervision to develop autonomous systems that can learn from their own experiences online. However, current works often rely on significant prior data, for example minutes of human teleoperation data for each terrain type, which is difficult to scale with more environments and robots. To address these limitations, we propose SALON, a perception-action framework for fast adaptation of traversability estimates with minimal human input. SALON rapidly learns online from experience while avoiding out of distribution terrains to produce adaptive and risk-aware cost and speed maps. Within seconds of collected experience, our results demonstrate comparable navigation performance over kilometer-scale courses in diverse off-road terrain as methods trained on 100-1000x more data. We additionally show promising results on significantly different robots in different environments. Our code is available at https://theairlab.org/SALON",10.1109/ICRA55743.2025.11128268,https://ieeexplore.ieee.org/stamp/stamp.jsp?arnumber=11128268,,1.0,yes,moved,no,no,no,no
SeeABLE: Soft Discrepancies and Bounded Contrastive Learning for Exposing Deepfakes,N. Larue; N. -S. Vu; V. Struc; P. Peer; V. Christophides,2023 IEEE/CVF International Conference on Computer Vision (ICCV),2023,"Modern deepfake detectors have achieved encouraging results, when training and test images are drawn from the same data collection. However, when these detectors are applied to images produced with unknown deepfake-generation techniques, considerable performance degradations are commonly observed. In this paper, we propose a novel deepfake detector, called SeeABLE, that formalizes the detection problem as a (one-class) out-of-distribution detection task and generalizes better to unseen deepfakes. Specifically, SeeABLE first generates local image perturbations (referred to as soft-discrepancies) and then pushes the perturbed faces towards predefined prototypes using a novel regression-based bounded contrastive loss. To strengthen the generalization performance of SeeABLE to unknown deepfake types, we generate a rich set of soft discrepancies and train the detector: (i) to localize, which part of the face was modified, and (ii) to identify the alteration type. To demonstrate the capabilities of SeeABLE, we perform rigorous experiments on several widely-used deepfake datasets and show that our model convincingly outperforms competing state-of-the-art detectors, while exhibiting highly encouraging generalization capabilities. The source code for SeeABLE is available from: https://github.com/anonymous-author-sub/seeable.",10.1109/ICCV51070.2023.01921,https://ieeexplore.ieee.org/stamp/stamp.jsp?arnumber=10376925,,25.0,yes,moved,no,no,no,yes
Segmentation Consistency Training: Out-of-Distribution Generalization for Medical Image Segmentation,B. Torpmann-Hagen; V. Thambawita; M. A. Riegler; P. Halvorsen; K. Glette,2022 IEEE International Symposium on Multimedia (ISM),2022,"Generalizability is seen as one of the major challenges in deep learning, in particular in the domain of medical imaging, where a change of hospital or in imaging routines can lead to a complete failure of a model. To tackle this, we introduce Consistency Training, a training procedure and alternative to data augmentation based on maximizing models’ prediction consistency across augmented and unaugmented data in order to facilitate better out-of-distribution generalization. To this end, we develop a novel auxiliary region-based segmentation loss function called Segmentation Inconsistency Loss (SIL), which considers the differences between pairs of augmented and unaugmented predictions and labels. We demonstrate that Consistency Training outperforms conventional data augmentation on several out-of-distribution datasets on polyp segmentation, a popular medical task.",10.1109/ISM55400.2022.00012,https://ieeexplore.ieee.org/stamp/stamp.jsp?arnumber=10019618,Deep Learning;Generalizability;Segmentation;Data Augmentation;Loss Functions;Medical Imaging,3.0,yes,moved,no,no,no,no
"Percept, Memory, and Imagine: World Feature Simulating for Open-Domain Unknown Object Detection",A. Wu; C. Deng,2025 IEEE/CVF Conference on Computer Vision and Pattern Recognition (CVPR),2025,"To accelerate the safe deployment of object detectors, we focus on reducing the impact of both covariate and semantic shifts. And we consider a realistic yet challenging scenario, namely Open-Domain Unknown Object Detection (ODU-OD), which aims to detect unknown objects in unseen target domains without accessing any auxiliary data. Towards ODU-OD, it is feasible to learn a robust discriminative boundary by synthesizing virtual features. Generally, perception, memory, and imagination are three essential capacities for human beings. Through multi-level perception and rich memory about known objects, the characteristics of unknown objects can be imagined sufficiently, enhancing the ability of discriminating known from unknown objects. Inspired by this idea, an approach of World Feature Simulation (WFS) is proposed, mainly consisting of a multi-level perception, memory recorder, and unknown-feature generator. Specifically, after extracting the features of the input, we separately employ a Mamba and Graph Network to obtain the global-level and connective-level representations. Next, a codebook containing multiple learnable codewords is defined to preserve fragmented memory of known objects. Meanwhile, we perform a modulated operation on the memory to form the imagination bank involving unknown characteristics. Finally, to alleviate the impact of lacking supervision data, based on the multi-level representation and imagination bank, a dedicated unknown-feature generator is designed to recurrently synthesize outlier features deviating from in-distribution (ID) objects. The significant performance gains on four different detection tasks demonstrate the superiorities of our method. The code will be released at https://github.com/AmingWu/WFS.",10.1109/CVPR52734.2025.00441,https://ieeexplore.ieee.org/stamp/stamp.jsp?arnumber=11093101,,,yes,no,no,no,no,no
Selective Cross-Correlation Consistency Loss for Out-of-Distribution Generalization,Z. Chen; W. Wang; Z. Zhao; F. Su; A. Men,2024 IEEE International Conference on Multimedia and Expo (ICME),2024,"Deep learning methods usually succeed in independent and identically distributed (IID) data distribution, but suffer from sharp performance decay in real-world out-of-distribution (OOD) data. OOD generalization emerges to alleviate the large distribution shift between source and target domains. Recently, domain-invariant learning has boosted the research on OOD generalization, but most methods indulge complex architectures and training strategies. Hence, we propose a simple yet effective Selective Cross-Correlation Consistency (SC3) loss to align the cross-correlation matrix of features from identical categories. Specifically, we design the Semantic-Oriented Selection (SOS) algorithm in SC3 loss to eliminate negative effects on spurious channels. Extensive experiments demonstrate that the SC3 loss achieves superior performance on multiple OOD scenarios, including domain generalization (DG) and single domain gener-alization (SDG) tasks. Also, our loss consumes negligible computational resource which conforms to real-world applications. Source code is available at https://github.com/znchen666/SC3.",10.1109/ICME57554.2024.10688222,https://ieeexplore.ieee.org/stamp/stamp.jsp?arnumber=10688222,Cross-Correlation Consistenc Domain-Invariant Learning;Out-of-Distribution Generalization;Image Classification,,yes,moved,no,no,no,yes
SAR Ship OOD Detection Combining Deep Learning with Guidance and Constraint Mechanisms,Q. Ma; Z. Chen; Y. Zhang; Z. Ding; Q. Hua,2025 IEEE Radar Conference (RadarConf25),2025,"Synthetic Aperture Radar (SAR) [1] is an active ground detection system capable of performing all-weather, all-time surveillance of the Earth's surface [2]. However, the Out-Of-Distribution (OOD) [3] problem causes a significant degradation in the performance of traditional deep learning algorithms. This paper designs a SAR ship detection method combining deep learning with Guidance and Constraint mechanisms. Based on the original deep learning model, CFAR preprocessing results are introduced as guidance to assist the model in more accurately localizing and extracting more precise features. Additionally, the salient features of SAR are employed as a constraint mechanism to filter out irrelevant features. Experimental results show that the proposed method outperforms a pure deep learning model, especially when there are significant distribution differences between the training and validation sets. It demonstrates higher robustness and stronger generalization ability for out-ofdistribution (OOD) samples.",10.1109/RadarConf2559087.2025.11205048,https://ieeexplore.ieee.org/stamp/stamp.jsp?arnumber=11205048,OOD;ship target detection;deep learning;CFAR,,,removed,no,no,no,no
"Scenario-Aware Framework for DL-Based CSI Feedback With Unified Training, Monitoring, and Updating",H. Li; X. Gu; Z. Du; J. Chen; Z. Liu; L. Zhang,IEEE Internet of Things Journal,2025,"The deep-learning-based (DL-based) channel state information (CSI) feedback faces significant challenges in open-world wireless communication systems, where CSI data are characterized by multiscenario diversity and high dynamics. These properties introduce distribution bias and distribution shift issues: the former leads to overfitting during model training, while the latter causes model degradation during deployment and catastrophic forgetting during updates. To address these challenges across the artificial intelligence (AI) lifecycle, this work proposes a unified scenarios-aware CSI feedback framework that operates throughout the training, monitoring, and updating phases. It includes: bias-resilient model training, which introduces CSI scenario awareness to enhance CSI reconstruction while mitigating overfitting; learnable-free out-of-distribution (OOD) detection for model monitoring, which identifies distribution shifts and enables efficient updates via in-distribution (ID) samples filtering; and forgetting-resistant model updating via a hybrid domain adaptation (HDA) strategy, which retains knowledge of known scenarios while improving CSI reconstruction in unseen scenarios. Extensive experiments demonstrate the superiority of the scenario-aware CSI feedback framework: it achieves up to 4.65 db normalized mean squared error (NMSE) improvement over its prototype in random bias setups dataset, enables responsive OOD detection using both Softmax and energy-based confidence functions with an average gain of 1 dB after updates on filtering ID samples, and facilitate adaptation to unseen scenarios (up to 0.30 similarity improvement) while preserving known knowledge (above 97.6% scenario-aware accuracy) even under significant scenario shifts.",10.1109/JIOT.2025.3585120,https://ieeexplore.ieee.org/stamp/stamp.jsp?arnumber=11063393,channel state information (CSI) feedback;deep learning;domain adaptation (DA);FDD;massive multiple-input and multiple-output (MIMO);out-of-distribution (OOD) detection,,,removed,no,no,no,yes
Self-Assessment and Robust Anomaly Detection with Bayesian Deep Learning,G. Carannante; D. Dera; O. Aminul; N. C. Bouaynaya; G. Rasool,2022 25th International Conference on Information Fusion (FUSION),2022,"Deep Learning (DL) models have achieved or even surpassed human-level accuracy in several areas, including computer vision and pattern recognition. The state-of-art performance of DL models has raised the interest in using them in real-world applications, such as disease diagnosis and clinical decision support systems. However, the challenge remains the lack of trustworthiness and reliability of these DL models. The detection of incorrect decisions or flagging suspicious input samples is essential for the reliability of machine learning models. Uncertainty estimation in the output decision is a key component in establishing the trustworthiness and reliability of these models. In this work, we use Bayesian techniques to estimate the uncertainty in the model's output and use this uncertainty to detect distributional shifts linked to both input perturbations and labels shifts. We use the learned uncertainty information (i.e., the variance of the predictive distribution) in two different ways to detect anomalous input samples: 1) a static threshold based on average uncertainty of a model evaluated on the clean test data, and 2) a statistical threshold based on the significant increase in the average uncertainty of the model evaluated on corrupted (anomalous) samples. Our extensive experiments demonstrate that both approaches can detect anomalous samples. We observe that the proposed thresholding techniques can distinguish misclassified examples in the presence of noise, adversarial attacks, anomalies or distributional shifts. For example, when considering corrupted versions of MNIST and CIFAR-10 datasets, the rate of detecting misclassified samples is almost twice as compared to Monte-Carlo-based approaches.",10.23919/FUSION49751.2022.9841358,https://ieeexplore.ieee.org/stamp/stamp.jsp?arnumber=9841358,Bayesian Deep Learning;Uncertainty Estimation;Anomaly Detection and Distributional Shift,3.0,yes,moved,no,no,no,no
Self-Supervised Modality-Agnostic Pre-Training of Swin Transformers,A. Talasila; M. Maity; U. D. Priyakumar,2024 IEEE International Symposium on Biomedical Imaging (ISBI),2024,"Unsupervised pre-training has emerged as a transformative paradigm, displaying remarkable advancements in various domains. However, the susceptibility to domain shift, where pre-training data distribution differs from fine-tuning, poses a significant obstacle. To address this, we augment the Swin Transformer to learn from different medical imaging modalities, enhancing downstream performance. Our model, dubbed SwinFUSE (Swin Multi-Modal Fusion for UnSupervised Enhancement), offers three key advantages: (i) it learns from both Computed Tomography (CT) and Magnetic Resonance Images (MRI) during pre-training, resulting in complementary feature representations; (ii) a domain-invariance module (DIM) that effectively highlights salient input regions, enhancing adaptability; (iii) exhibits remarkable generalizability, surpassing the confines of tasks it was initially pre-trained on. Our experiments on two publicly available 3D segmentation datasets show a modest 1-2% performance trade-off compared to single-modality models, yet significant out-performance of up to 27% on out-of-distribution modality. This substantial improvement underscores our proposed approach’s practical relevance and real-world applicability. Code is available at: https://github.com/devalab/SwinFUSE",10.1109/ISBI56570.2024.10635811,https://ieeexplore.ieee.org/stamp/stamp.jsp?arnumber=10635811,self-supervision;multi-modal;domain adaptation;3D image segmentation,,yes,moved,no,no,no,yes
Semantic-Aware Message Broadcasting for Efficient Unsupervised Domain Adaptation,X. Li; C. Lan; G. Wei; Z. Chen,IEEE Transactions on Image Processing,2024,"Vision transformer has demonstrated great potential in abundant vision tasks. However, it also inevitably suffers from poor generalization capability when the distribution shift occurs in testing (i.e., out-of-distribution data). To mitigate this issue, we propose a novel method, Semantic-aware Message Broadcasting (SAMB), which enables more informative and flexible feature alignment for unsupervised domain adaptation (UDA). Particularly, we study the attention module in the vision transformer and notice that the alignment space using one global class token lacks enough flexibility, where it interacts information with all image tokens in the same manner but ignores the rich semantics of different regions. In this paper, we aim to improve the richness of the alignment features by enabling semantic-aware adaptive message broadcasting. Particularly, we introduce a group of learned group tokens as nodes to aggregate the global information from all image tokens, but encourage different group tokens to adaptively focus on the message broadcasting to different semantic regions. In this way, our message broadcasting encourages the group tokens to learn more informative and diverse information for effective domain alignment. Moreover, we systematically study the effects of adversarial-based feature alignment (ADA) and pseudo-label based self-training (PST) on UDA. We find that one simple two-stage training strategy with the cooperation of ADA and PST can further improve the adaptation capability of the vision transformer. Extensive experiments on DomainNet, OfficeHome, and VisDA-2017 demonstrate the effectiveness of our methods for UDA.",10.1109/TIP.2024.3437212,https://ieeexplore.ieee.org/stamp/stamp.jsp?arnumber=10630651,Unsupervised domain adaptation;vision transformer;semantic-aware message broadcasting;adversarial-based feature alignment;self-training,1.0,yes,moved,no,no,no,yes
Perspectives of Calibrated Adaptation for Few-Shot Cross-Domain Classification,D. Kong; X. Yang; N. Wang; X. Gao,IEEE Transactions on Circuits and Systems for Video Technology,2025,"Current few-shot learning techniques predominantly leverage amortization techniques based on meta-learning frameworks, which effectively adapt to unknown tasks with limited examples. However, these approaches face significant challenges in cross-domain scenarios, where the data distributions between the source domain (training data) and the target domain (testing data) differ substantially. This domain shift can lead to models that overfit the global discriminative model while underfitting their local amortization on the adaptable few-shot structure. To mitigate this problem, our proposal makes an upgrade on Conditional Neural Adaptive Processes, reformulating its conditioning mechanism to better handle cross-domain adaptation. This results in calibrated amortization of task-specific feature extractors and the construction of a robust non-parametric classifier. In our implementation, we first employ generative modeling or deterministic self-attention to all labeled context features, establishing a strong task-level alignment that adapts the extractor across domains. Additionally, we introduce a novel channel-wise normalization to further enhance the adaptation process. Our experiments on the Meta-dataset benchmark demonstrate an average  $6.9\sim 9$ % improvement in out-of-distribution tasks, underscoring the effectiveness of exploiting calibrated adaptation in few-shot cross-domain classification.",10.1109/TCSVT.2024.3486455,https://ieeexplore.ieee.org/stamp/stamp.jsp?arnumber=10735235,Visual classification;neural processes;few-shot learning;feature adaptation,2.0,no,yes,no,no,no,yes
Serverless Federated Learning in Multi-Cell Scenarios Robust to Test-Time Distribution Shifts,K. Cho; J. Park; A. Rizwan; M. Choi,2024 15th International Conference on Information and Communication Technology Convergence (ICTC),2024,"This paper introduces a novel serverless Federated Learning (FL) framework designed for multi-cell environments, addressing the significant limitations of traditional centralized FL methods, especially in dynamic settings with frequent test-time distribution shifts. Unlike conventional FL approaches that rely on a central cloud server, our framework decentralizes model training and aggregation entirely to edge servers, thereby reducing communication latency, improving scalability, and enhancing data privacy. The proposed framework incorporates additional hyperparameters of $\alpha$ and $\beta$ to control the tradeoff between personalization and generalization for the model aggregation process, while ensuring robust performances in out-of-distribution (OOD) tasks. Furthermore, the framework exhibits adaptability across varying numbers of clients in overlapping regions, making it a scalable and effective solution for real-world FL applications in environments with diverse and unreliable connectivity. Experimental results on the CIFAR-10 dataset demonstrate that our framework outperforms existing serverless and centralized FL methods, achieving superior personalization and accuracy even under challenging conditions.",10.1109/ICTC62082.2024.10827388,https://ieeexplore.ieee.org/stamp/stamp.jsp?arnumber=10827388,Federated learning;Split learning;Personal model training,,yes,moved,no,no,no,no
Self-Supervised Learning and Nearest Neighbors for Out-of-Distribution Modulation Classification,Y. Tai; Y. Zeng; Y. Gong,IEEE Wireless Communications Letters,2025,"In non-cooperative communications, most modulation recognition tasks assume that the transmitted (training) signals and the received (test) signals are independent and identically distributed. However, the received signals may suffer from unknown impairments in practical communication systems, resulting in different data distributions between the test and training signals. Such test signals are regarded as out-of-distribution (OOD) signals. In this letter, we consider OOD scenarios with varying carrier frequency offset and varying sampling frequency and propose a new self-supervised method to improve the robustness of modulation recognition. The key idea is to use contrastive learning with information maximization to pre-train a feature extractor from unlabeled signals and leverage the feature space of the fine-tuned feature extractor with deep k-nearest neighbors to recognize modulation modes of the test signals. Experimental results show that our method has better representation and recognition accuracy than the baseline methods.",10.1109/LWC.2025.3545345,https://ieeexplore.ieee.org/stamp/stamp.jsp?arnumber=10901963,Automatic modulation classification;self-supervised learning;out-of-distribution;k-nearest neighbors,1.0,,removed,no,no,no,no
Shape-biased CNNs are Not Always Superior in Out-of-Distribution Robustness,X. Qiu; M. Kan; Y. Zhou; Y. Bi; S. Shan,2024 IEEE/CVF Winter Conference on Applications of Computer Vision (WACV),2024,"In recent years, Out-of-Distribution (o.o.d) Robustness has garnered increasing attention in Deep Learning, and shape-biased Convolutional Neural Networks (CNNs) are believed to exhibit higher robustness, attributed to the inherent shape-based decision rule of human cognition. In this work, we delve deeper into the intricate relationship between shape/texture information and o.o.d robustness by leveraging a carefully curated ""Category-Balanced ImageNet"" dataset. We find that shape information is not always superior in distinguishing distinct categories and shape-biased model is not always superior across various o.o.d scenarios. Motivated by these insightful findings, we design a novel method named Shape-Texture Adaptive Recombination (STAR) to achieve higher o.o.d robustness. A category-balanced dataset is firstly used to pretrain a debiased backbone and three specialized heads, each adept at robustly extracting shape, texture, and debiased features. Subsequently, an instance-adaptive recombination head is trained to adaptively adjust the contributions of these distinctive features for each given instance. Through comprehensive experiments, our proposed method achieves state-of-the-art o.o.d robustness across various scenarios such as image corruptions, adversarial attacks, style shifts, and dataset shifts, demonstrating its effectiveness.",10.1109/WACV57701.2024.00232,https://ieeexplore.ieee.org/stamp/stamp.jsp?arnumber=10484293,Algorithms;Machine learning architectures;formulations;and algorithms,,yes,moved,no,no,no,yes
Self-Supervised Visual Motor Skills via Neural Radiance Fields,P. Gesel; N. Sojib; M. Begum,2023 IEEE/RSJ International Conference on Intelligent Robots and Systems (IROS),2023,"In this paper, we propose a novel network architecture for visual imitation learning that exploits neural radiance fields (NeRFs) and key-point correspondence for self-supervised visual motor policy learning. The proposed network architecture incorporates a dynamic system output layer for policy learning. Combining the stability and goal adaption properties of dynamic systems with the robustness of keypoint-based correspondence yields a policy that is invariant to significant clutter, occlusions, lighting conditions changes, and spatial variations in goal configurations. Experiments on multiple manipulation tasks show that our method outperforms comparable visual motor policy learning methods on both in-distribution and out-of-distribution scenarios when using a small number of training samples.",10.1109/IROS55552.2023.10341682,https://ieeexplore.ieee.org/stamp/stamp.jsp?arnumber=10341682,,1.0,,removed,no,no,no,no
ROADS: Robust Prompt-Driven Multi-Class Anomaly Detection Under Domain Shift,H. Kashiani; N. A. Talemi; F. Afghah,2025 IEEE/CVF Winter Conference on Applications of Computer Vision (WACV),2025,"Recent advancements in anomaly detection have shifted focus towards Multi-class Unified Anomaly Detection (MUAD), offering more scalable and practical alternatives compared to traditional one-class-one-model approaches. However, existing MUAD methods often suffer from interclass interference and are highly susceptible to domain shifts, leading to substantial performance degradation in real-world applications. In this paper, we propose a novel robust prompt-driven MUAD framework, called ROADS, to address these challenges. ROADS employs a hierarchical class-aware prompt integration mechanism that dynamically encodes class-specific information into our anomaly detector to mitigate interference among anomaly classes. Additionally, ROADS incorporates a domain adapter to enhance robustness against domain shifts by learning domain-invariant representations. Extensive experiments on MVTec-AD and VISA datasets demonstrate that ROADS surpasses state-of-the-art methods in both anomaly detection and localization, with notable improvements in out-of-distribution settings.",10.1109/WACV61041.2025.00768,https://ieeexplore.ieee.org/stamp/stamp.jsp?arnumber=10944164,visual anomaly detection;domain shift;multi-class anomaly detection;anomaly detection,2.0,yes,yes,no,no,no,yes
Single Domain Generalization via Normalised Cross-correlation Based Convolutions,W. Chuah; R. Tennakoon; R. Hoseinnezhad; D. Suter; A. Bab-Hadiashar,2024 IEEE/CVF Winter Conference on Applications of Computer Vision (WACV),2024,"Deep learning techniques often perform poorly in the presence of domain shift, where the test data follows a different distribution than the training data. The most practically desirable approach to address this issue is Single Domain Generalization (S-DG), which aims to train robust models using data from a single source. Prior work on S-DG has primarily focused on using data augmentation techniques to generate diverse training data. In this paper, we explore an alternative approach by investigating the robustness of linear operators, such as convolution and dense layers commonly used in deep learning. We propose a novel operator called ""XCNorm"" that computes the normalized cross-correlation between weights and an input feature patch. This approach is invariant to both affine shifts and changes in energy within a local feature patch and eliminates the need for commonly used non-linear activation functions. We show that deep neural networks composed of this operator are robust to common semantic distribution shifts. Furthermore, our empirical results on single-domain generalization benchmarks demonstrate that our proposed technique performs comparably to the stateof-the-art methods.1",10.1109/WACV57701.2024.00177,https://ieeexplore.ieee.org/stamp/stamp.jsp?arnumber=10483833,Algorithms;Machine learning architectures;formulations;and algorithms,1.0,yes,moved,no,no,no,no
MiSSNet: Memory-Inspired Semantic Segmentation Augmentation Network for Class-Incremental Learning in Remote Sensing Images,J. Xie; B. Pan; X. Xu; Z. Shi,IEEE Transactions on Geoscience and Remote Sensing,2024,"With remote sensing images constantly being collected rapidly, the class-incremental semantic segmentation (CISS) task has attracted increasing attention. However, the semantic distribution shift problem of the background class in remote sensing images, which is a case of catastrophic forgetting, continues to limit available CISS algorithms. To address this challenge, we present a new memory-inspired semantic segmentation augmentation network (MiSSNet) for class-incremental learning in remote sensing images. The MiSSNet mainly includes two modules: the local semantic distillation (LSD) module and the class-specific regularization (CSR) module. LSD is a distillation structure that employs the local semantic features in retained memory to maintain correlation between pixels throughout the training process of incremental learning. It constructs a series of pixel-level correlation matrices and implicitly adjusts the semantic distribution shift problem of the background class. CSR is a classwise regularization term that utilizes the class-specific portion of the preserved memory to help the model keep repeating the learning of the old categories. It alleviates the background class shift problem by generating countless pixel-level instances of old classes. LSD and CSR work together to tackle the semantic distribution shift problem of background class from semantic information and class information aspects, respectively. In particular, MiSSNet only needs an additional single inference process for memory extraction and storage, and the whole algorithm does not add any new training parameters. Experimental results on three semantic segmentation datasets indicate the advantage of the proposed method.",10.1109/TGRS.2024.3360701,https://ieeexplore.ieee.org/stamp/stamp.jsp?arnumber=10418153,Incremental learning;remote sensing images;semantic segmentation,8.0,,removed,no,no,no,no
ROSE: Relational and Prototypical Structure Learning for Universal Domain Adaptive Hashing,X. Yang; H. Wang; J. Sun; Y. Xiao; W. Xiang; C. Chen; X. -S. Hua; X. Luo,IEEE Transactions on Information Forensics and Security,2024,"As an important problem in searching system development, domain adaptive retrieval seeks to train a retrieval model with both labeled source samples and unlabeled target samples. Although several domain adaptive hashing algorithms have been proposed to handle the problem with high efficiency, they often presume that source and target domains share all classes. However, prior knowledge about the label space on the target domain is hard to obtain in reality. To tackle this, we study a novel and challenging problem of universal domain adaptive retrieval, which evidently increases the difficulty of effective domain alignment. In this paper, we propose a hashing method named Relational and prOtotypical Structure lEarning (ROSE) to solve the problem. In particular, to overcome domain shift, we construct a relational structure depicting cross-domain similar pairs based on ranking statistics, then learn from the structure by maximizing the similarity between similar pairs compared with challenging negatives. Moreover, target private samples are detected using the min-max criterion, which helps to construct hashing prototypes in the Hamming space. On this basis, we combine prototypical structure learning with online clustering in the Hamming space, which improves target semantic learning under label deficiency. Extensive experiments on several benchmarks demonstrate that our proposed ROSE significantly outperforms a wide range of state-of-the-art methods. Our source code is available at https://github.com/WillDreamer/Rose.git.",10.1109/TIFS.2024.3444319,https://ieeexplore.ieee.org/stamp/stamp.jsp?arnumber=10637714,Image retrieval;deep hashing;out-of-distribution retrieval,1.0,,removed,no,no,no,no
Sharp Analysis of Out-of-Distribution Error for “Importance-Weighted” Estimators in the Overparameterized Regime,K. -W. Lai; V. Muthukumar,2024 IEEE International Symposium on Information Theory (ISIT),2024,"Overparameterized models that achieve zero training error are observed to generalize well on average, but degrade in performance when faced with data that is under-represented in the training sample. In this work, we study an overparameterized Gaussian mixture model imbued with a spurious feature, and sharply analyze the in-distribution and out-of-distribution test error of a cost-sensitive interpolating solution that incorporates “importance weights”. Compared to recent work [1], [2], our analysis is sharp with matching upper and lower bounds, and significantly weakens required assumptions on data dimensionality. Our error characterizations apply to any choice of importance weights and unveil a novel tradeoff between worst-case robustness to distribution shift and average accuracy as a function of the importance weight magnitude11An extended version of this paper is available at https://arxiv.org/abs/2405.06546..",10.1109/ISIT57864.2024.10619252,https://ieeexplore.ieee.org/stamp/stamp.jsp?arnumber=10619252,,,,removed,no,no,no,no
Sliding Window Optimal Transport for Open World Artifact Detection in Histopathology,M. Fuchs; M. Konstantin; N. Schrade; L. Schweizer; Y. Tolkach; A. Mukhopadhyay,IEEE Journal of Biomedical and Health Informatics,2024,"Histological images are frequently impaired by local artifacts from scanner malfunctions or iatrogenic processes – caused by preparation – impacting the performance of Deep Learning models. Models often struggle with the slightest out-of-distribution shifts, resulting in compromised performance. Detecting artifacts and failure modes of the models is crucial to ensure open-world applicability to whole slide images for tasks like segmentation or diagnosis. We introduce a novel technique for out-of-distribution detection within whole slide images, compatible with any segmentation or classification model. Our approach tiles multi-layer features into sliding window patches and leverages optimal transport to align them with recognized in-distribution samples. We average the optimal transport costs over tiles and layers to detect out-of-distribution samples. Notably, our method excels in identifying failure modes that would harm downstream performance, surpassing contemporary out-of-distribution detection techniques. We evaluate our method for both natural and synthetic artifacts, considering distribution shifts of various sizes and types. The results confirm that our technique outperforms alternative methods for artifact detection. We assess our method components and the ability to negate the impact of artifacts on the downstream tasks. Finally, we demonstrate that our method can mitigate the risk of performance drops in downstream tasks, enhancing reliability by up to 77%. In testing 7 annotated whole slide images with natural artifacts, our method boosted the Dice score by 68%, highlighting its real open-world utility.",10.1109/JBHI.2024.3383590,https://ieeexplore.ieee.org/stamp/stamp.jsp?arnumber=10487032,Computational pathology;optimal transport;out-of-distribution;quality assurance,,yes,moved,no,no,no,yes
Show and Segment: Universal Medical Image Segmentation via In-Context Learning,Y. Gao; D. Liu; Z. Li; Y. Li; D. Chen; M. Zhou; D. N. Metaxas,2025 IEEE/CVF Conference on Computer Vision and Pattern Recognition (CVPR),2025,"Medical image segmentation remains challenging due to the vast diversity of anatomical structures, imaging modalities, and segmentation tasks. While deep learning has made significant advances, current approaches struggle to generalize as they require task-specific training or fine-tuning on unseen classes. We present Iris, a novel In-context Reference Image guided Segmentation framework that enables flexible adaptation to novel tasks through the use of reference examples without fine-tuning. At its core, Iris features a lightweight context task encoding module that distills task-specific information from reference context image-label pairs. This rich context embedding information is used to guide the segmentation of target objects. By decoupling task encoding from inference, Iris supports diverse strategies from one-shot inference and context example ensemble to object-level context example retrieval and in-context tuning. Through comprehensive evaluation across twelve datasets, we demonstrate that Iris performs strongly compared to task-specific models on in-distribution tasks. On seven held-out datasets, Iris shows superior generalization to out-of-distribution data and unseen classes. Further, Iris’s task encoding module can automatically discover anatomical relationships across datasets and modalities, offering insights into medical objects without explicit anatomical supervision.",10.1109/CVPR52734.2025.01940,https://ieeexplore.ieee.org/stamp/stamp.jsp?arnumber=11094913,,,no,no,no,no,no,no
SLX: Similarity Learning for X-Ray Screening and Robust Automated Disassembled Object Detection,N. Dionelis; R. Jackson; S. A. Tsaftaris; M. Yaghoobi,2023 International Joint Conference on Neural Networks (IJCNN),2023,"Baggage screening is important in security-critical applications in airports for detecting threats, including firearms and parts of them. Existing approaches underperform to recognise prohibited objects that are disassembled, especially when learning from limited data and from images produced by different scanners with multi-view orientations. To address such limitations, in this paper, we develop the Similarity Learning X-ray screening (SLX) model for accurate and robust firearm component detection in cluttered scenes. We evaluate SLX on the X-ray Image Library (XIL) dataset that the UK Government has provided us with, for this research. SLX is based on a contrastive similarity learning approach combined with Out-of-Distribution (OoD) detection/ anomaly detection using a deep discriminative model, ResNet-152, for detecting and classifying forbidden items. The evaluation of SLX on the XIL dataset shows that it is effective, beneficial for detecting firearms and their parts, and outperforms other baseline models, on average, by approximately 12 points in accuracy.",10.1109/IJCNN54540.2023.10190997,https://ieeexplore.ieee.org/stamp/stamp.jsp?arnumber=10190997,X-ray security imaging;Baggage X-ray screening,5.0,yes,no,no,no,no,no
"Single-trial detection and session detection in a rapid serial visual presentation task with covariate, target probability, and concept shifts",H. Cecotti,2024 International Joint Conference on Neural Networks (IJCNN),2024,"Brain-computer interfaces (BCIs) that use noninvasive electroencephalography (EEG) have to deal with the non-stationarity of the EEG signal. Capturing variations over time is not an easy task as it is dependent on many factors. In this paper, we propose to create the shift by changing the task from the training session to the test session. We propose a rapid serial visual presentation task with a covariate shift, probability shift, and concept shift. We consider two classification problems: 1) the binary classification of target vs. non-target images in a rapid serial visual presentation task, and 2) the binary classification of baseline session vs. shifted session. In the former, we consider a state-of-the-art discriminant approach using inputs time × space domain while in the latter, we consider a density-based approach with covariance matrices as inputs in different frequency bands. The results highlight the substantial drop in performance that occurs when a data shift happens (AUC≈ 0.68). The results also show that the sessions can be classified with different frequency bands. The results support the conclusion that covariate and probability shift have a substantial effect on single-trial detection and that the difference between sessions can be discriminated.",10.1109/IJCNN60899.2024.10650085,https://ieeexplore.ieee.org/stamp/stamp.jsp?arnumber=10650085,pattern recognition;neural network;pooling functions,,,removed,no,no,no,yes
STC: Student-Teacher Collaborative Model for Multi-Target Domain Adaptation,X. Jiayi; Y. Jiaqi; W. Yixin; H. Shijia,2024 21st International Computer Conference on Wavelet Active Media Technology and Information Processing (ICCWAMTIP),2024,"Cross-domain object detection poses significant challenges due to the susceptibility of object detection models to data variance, particularly the domain shifts that can occur between different domains. To address the limitation, we draw inspiration from knowledge distillation, proposing a collaborative learning framework. Our method employs CycleGAN to generate target-style images, and during pretraining, an unsupervised domain adaptation teacher model is trained for each source-target pair. In the distillation process, our proposed algorithm implements an out-of-distribution estimation strategy to select samples that best align with the current model, thereby enhancing the cross-domain distillation process. Furthermore, each expert model is encouraged to collaborate by designating the student model as a bridge between different target domains, facilitated by the Exponential Moving Average (EMA) algorithm. Experiments show that the proposed method leverages structured information, not only does it perform well across various target domains, but it also yields favorable results compared to state-of-the-art unsupervised methods that are specifically trained on single source-target pair.",10.1109/ICCWAMTIP64812.2024.10873765,https://ieeexplore.ieee.org/stamp/stamp.jsp?arnumber=10873765,Transfer learning;Domain adaptation;Object detection,,yes,moved,no,no,no,no
Steerable Conditional Diffusion for Out-of-Distribution Adaptation in Medical Image Reconstruction,R. Barbano; A. Denker; H. Chung; T. H. Roh; S. Arridge; P. Maass; B. Jin; J. C. Ye,IEEE Transactions on Medical Imaging,2025,"Denoising diffusion models have emerged as the go-to generative framework for solving inverse problems in imaging. A critical concern regarding these models is their performance on out-of-distribution tasks, which remains an under-explored challenge. Using a diffusion model on an out-of-distribution dataset, realistic reconstructions can be generated, but with hallucinating image features that are uniquely present in the training dataset. To address this discrepancy and improve reconstruction accuracy, we introduce a novel test-time adaptation sampling framework called Steerable Conditional Diffusion. Specifically, this framework adapts the diffusion model, concurrently with image reconstruction, based solely on the information provided by the available measurement. Utilising the proposed method, we achieve substantial enhancements in out-of-distribution performance across diverse imaging modalities, advancing the robust deployment of denoising diffusion models in real-world applications.",10.1109/TMI.2024.3524797,https://ieeexplore.ieee.org/stamp/stamp.jsp?arnumber=10829716,Neural network;score-based generative models;image reconstruction;X-ray imaging and computed tomography;magnetic resonance imaging,4.0,yes,moved,no,no,no,no
SOoD: Self-Supervised Out-of-Distribution Detection Under Domain Shift for Multi-Class Colorectal Cancer Tissue Types,B. Bozorgtabar; G. Vray; D. Mahapatra; J. -P. Thiran,2021 IEEE/CVF International Conference on Computer Vision Workshops (ICCVW),2021,"The goal of out-of-distribution (OoD) detection is to identify unseen categories of inputs different from those seen during training, which is an important requirement for the safe deployment of deep neural networks in computational pathology. Additionally, to make OoD detection applicable in clinical applications, one may encounter image data distribution shifts. This paper argues that practical OoD detection should handle both semantic shift and data distribution shift simultaneously. We propose a new self-supervised OoD detector for colorectal cancer tissue types based on a clustering scheme. Our work’s central tenet benefits from multi-view consistency learning with a supplementary view based on style augmentation to mitigate domain shift. The learned representation is then adapted to minimize images’ predictive entropy to segregate indistribution examples from OoDs on the target data domain. We evaluated our method on two public colorectal tissue types datasets. Our method achieved state-of-the-art OoD detection performance over various self-supervised baselines. The code, data, and models are available at https://github.com/BehzadBozorgtabar/SOoD.",10.1109/ICCVW54120.2021.00371,https://ieeexplore.ieee.org/stamp/stamp.jsp?arnumber=9607789,,6.0,yes,yes,no,no,no,yes
Symmetric Contrastive Loss for Out-of-Distribution Skin Lesion Detection,X. Li; C. Desrosiers; X. Liu,2022 IEEE 19th International Symposium on Biomedical Imaging (ISBI),2022,"Detecting out-of-distribution (OOD) data has been a challenging task for deep learning models trained with real-life datasets. This work studies OOD detection in medical images where inter-class difference (e.g., variations in visual appearance across separate diseases) outweighs intra-class difference (e.g., same disease but on different locations or people). To improve OOD detection performance, we propose a self-supervised learning approach that can better capture inter-/intra-class variance using a novel symmetric contrastive loss. Two large-scale, publicly-available skin lesion datasets, HAM10000 and DermNet, are adopted in our study. Comprehensive experiments, including three different distributional shifts, disease-specific OOD detection, as well as an adversarial attack, are conducted to validate the effectiveness of our approach.",10.1109/ISBI52829.2022.9761434,https://ieeexplore.ieee.org/stamp/stamp.jsp?arnumber=9761434,Self-supervised learning;contrastive learning;skin lesion out-of-distribution detection,2.0,yes,moved,no,no,no,yes
Space Time Attention Transformer for Non-Event Detection in UAV Videos,L. Bashmal; Y. Bazi; N. Alajlan,IGARSS 2022 - 2022 IEEE International Geoscience and Remote Sensing Symposium,2022,"Most of the classification models are built for closed set environments, where the model is trained to assign samples to a set of predefined categories. This assumption cannot be hold for models built for UAV aerial videos, where novel videos are likely to be encountered in the test phase. Dealing with unknown videos is fundamental for a reliable classification model. Therefore, in this work, we propose a model for recognizing events acquired using UAV platforms with the non-event detection property. Our model utilized the power of the attention-based model to extract discriminative spatiotemporal features from the video clips. Then, the model is trained with IsoMax loss to detect out-of-distribution videos. The proposed model is evaluated on UAV Events Recognition Dataset (ERA), and the results show that our model is able to detect non-event videos with 70.87% precision. Moreover, non-event detection has increased the accuracy of recognizing known events to 68.44%, which outperforms the accuracy of other state-of-the-art models.",10.1109/IGARSS46834.2022.9884661,https://ieeexplore.ieee.org/stamp/stamp.jsp?arnumber=9884661,Video classification;Out-of-distribution detection;Vision transformers,3.0,,removed,no,no,no,no
Spatiotemporal Generalization Graph Neural Network-Based Prediction Models by Considering Morphological Diversity in Traffic Networks,L. Liu; P. Duan; Z. Chen; J. Zhang; S. Feng; W. Yue; Y. Wang; J. Rong,IEEE Transactions on Intelligent Transportation Systems,2025,"The morphological diversity, referring to the variations in traffic network topologies defined in this paper, often emerges and brings difficulties in successfully transferring a pre-trained prediction model from one traffic network to another. Moreover, most existing research primarily assumes that traffic data in source and target networks follow independent and identically distributed (i.i.d.) patterns, which is usually not consistent with real-world situations, particularly when considering morphological diversity. For this inconsistency, many efforts have been made, but they mainly concentrate on temporal aspects, which significantly differ from traffic prediction due to spatial and temporal correlations among road segments, influenced by variations in road topology and traffic behavior. This paper introduces a causality-based spatiotemporal out-of-distribution (OOD) generalization method, which is adaptable to most GNNs for diverse, large-scale, dynamic traffic systems with zero-shot. Furthermore, to enhance the generalization and adaptability of the proposed method, we introduce graph matching and equal-sized graph partitioning to alleviate spatial shift between the source and target traffic networks, reduce and align the scale of the networks. Experiments carried out on traffic flow datasets demonstrate that our method significantly improves the performance of various GNN-based traffic predictors in the situation of morphological diversity, achieving a maximum reduction in MAE of 33.08%. Compared to other OOD-driven baselines, our approach also shows a notable improvement, with up to a 40.58% decrease in MAE.",10.1109/TITS.2025.3557427,https://ieeexplore.ieee.org/stamp/stamp.jsp?arnumber=10967037,OOD generalization;morphological diversity;spatiotemporal generalization;causality,,,removed,no,no,no,yes
Stable Heterogeneous Treatment Effect Estimation across Out-of-Distribution Populations,Y. Zhang; A. Wu; K. Kuang; L. Du; Z. Sun; Z. Wang,2024 IEEE 40th International Conference on Data Engineering (ICDE),2024,"Heterogeneous treatment effect (HTE) estimation is vital for understanding the change of treatment effect across individuals or subgroups. Most existing HTE estimation methods focus on addressing selection bias induced by imbalanced distributions of confounders between treated and control units, but ignore distribution shifts across populations. Thereby, their applicability has been limited to the in-distribution (ID) population, which shares a similar distribution with the training dataset. In real-world applications, where population distributions are subject to continuous changes, there is an urgent need for stable HTE estimation across out-of-distribution (OOD) populations, which, however, remains an open problem. As pioneers in resolving this problem, we propose a novel Stable Balanced Representation Learning with Hierarchical-Attention Paradigm (SBRL-HAP) framework, which consists of 1) Balancing Regularizer for eliminating selection bias, 2) Independence Regularizer for addressing the distribution shift issue, 3) Hierarchical-Attention Paradigm for coordination between balance and independence. In this way, SBRL- HAP regresses counterfactual outcomes using ID data, while ensuring the resulting HTE estimation can be successfully generalized to out-of-distribution scenarios, thereby enhancing the model's applicability in real-world settings. Extensive experiments conducted on synthetic and real-world datasets demonstrate the effectiveness of our SBRL-HAP in achieving stable HTE estimation across OOD populations, with an average 10% reduction in the error metric PEHE and 11% decrease in the ATE bias, compared to the SOTA methods.",10.1109/ICDE60146.2024.00091,https://ieeexplore.ieee.org/stamp/stamp.jsp?arnumber=10597895,Heterogeneous Treatment Effect;Out-of-Distribution;Balanced Representation Learning;Hierarchical-Attention Optimization,1.0,,removed,no,no,no,no
State Augmentation via Self-Supervision in Offline Multiagent Reinforcement Learning,S. Wang; X. Li; H. Qu; W. Chen,IEEE Transactions on Cognitive and Developmental Systems,2024,"The utilization of precollected offline data sets for learning in the absence of environmental interaction has enabled reinforcement learning (RL) to make significant strides in real-world circumstances. This approach is also attractive for multiagent RL (MARL) tasks, given the complex interactions that occur between agents and the environment. However, when compared to the single-agent approach, offline MARL faces more challenges due to the larger state and action space, particularly with regard to poor out-of-distribution generalization to the environment. The present study demonstrates the ineffectiveness of directly transferring conservative offline RL algorithms from single-agent settings to multiagent environments, which is due to the accumulating extrapolation errors that increase in proportion to the number of agents. In this article, we explore the efficacy of three types of data augmentation techniques that can be applied to the state representation in the context of MARL. By combining the proposed data augmentation techniques with a state-of-the-art offline multiagent algorithm, we improve the function approximation of centralized  $Q$ -networks. The experimental results conducted on StarCraft II strongly support the effectiveness of the data augmentation techniques in enhancing the performance of offline MARL in the state space.",10.1109/TCDS.2023.3326297,https://ieeexplore.ieee.org/stamp/stamp.jsp?arnumber=10290946,Data augmentation;multiagent RL (MARL);offline reinforcement learning (RL);self-supervision,1.0,,removed,no,no,no,no
"Corner Cases in Data-Driven Automated Driving: Definitions, Properties and Solutions",J. Zhou; J. Beyerer,2023 IEEE Intelligent Vehicles Symposium (IV),2023,"The field of validation and artificial intelligence (AI) for automated driving has been a rapidly emerging field of research and development in the last few years. Despite the enormous success of machine learning (ML) in perception and robotics, the capability of ML-supported automated driving functions remains to be proven in complex real-world scenarios. Due to stringent regulations and safety concerns, it is crucial to not only be able to identify critical driving events, the corner cases, but also to eliminate them in advance by systematic and provable processes. In contrast to previous work, we analyze and systematize the causes of corner cases from the perspective of neural network interpretation, and consider the network’s performance and robustness in relation to the availability of data points used during development and validation. Moreover, we demonstrate the proposed taxonomy of corner cases on real data from multiple sensor input sources, including images and LiDAR point clouds, showing relevant properties of various corner cases. Furthermore, we discuss the possible solutions dealing with previously unknown classes and driving environments as required in future automated driving use cases.",10.1109/IV55152.2023.10186558,https://ieeexplore.ieee.org/stamp/stamp.jsp?arnumber=10186558,corner case;dataset engineering;out of distribution,9.0,,removed,no,no,no,no
OCCUQ: Exploring Efficient Uncertainty Quantification for 3D Occupancy Prediction,S. Heidrich; T. Beemelmanns; A. Nekrasov; B. Leibe; L. Eckstein,2025 IEEE International Conference on Robotics and Automation (ICRA),2025,"Autonomous driving has the potential to significantly enhance productivity and provide numerous societal benefits. Ensuring robustness in these safety-critical systems is essential, particularly when vehicles must navigate adverse weather conditions and sensor corruptions that may not have been encountered during training. Current methods often overlook uncertainties arising from adversarial conditions or distributional shifts, limiting their real-world applicability. We propose an efficient adaptation of an uncertainty estimation technique for 3D occupancy prediction. Our method dynamically calibrates model confidence using epistemic uncertainty estimates. Our evaluation under various camera corruption scenarios, such as fog or missing cameras, demonstrates that our approach effectively quantifies epistemic uncertainty by assigning higher uncertainty values to unseen data. We introduce region-specific corruptions to simulate defects affecting only a single camera and validate our findings through both scene-level and region-level assessments. Our results show superior performance in Out-of-Distribution (OoD) detection and confidence calibration compared to common baselines such as Deep Ensembles and MC-Dropout. Our approach consistently demonstrates reliable uncertainty measures, indicating its potential for enhancing the robustness of autonomous driving systems in real-world scenarios. Code and dataset are available at https://github.com/ika-rwth-aachen/OCCUQ.",10.1109/ICRA55743.2025.11128049,https://ieeexplore.ieee.org/stamp/stamp.jsp?arnumber=11128049,,,,removed,no,no,no,no
STMS: An Out-Of-Distribution Model Stealing Method Based on Causality,Y. Yang; X. Chen; Z. Zhao; Y. Xuan; B. Tang; X. Li,2024 International Joint Conference on Neural Networks (IJCNN),2024,"Machine learning, particularly deep learning, is extensively applied in various real-life scenarios. However, recent research has highlighted the severe infringement of privacy and intellectual property caused by model stealing attacks. Therefore, more researchers are dedicated to studying the principles and methods of such attacks to promote the security development of artificial intelligence. Most of the existing model stealing attacks rely on prior information of the attacked models and consider ideal conditions. In order to better understand and defend against model stealing in real-world scenarios, we propose a novel model stealing method, named STMS, based on causal inference learning. For the first time, we introduce the problem of out-of-distribution generalization into the model stealing domain. The proposed approach operates under more challenging conditions, where the training and testing data of the target model are unknown, black-box, hard-label outputs, and there is a distribution shift during the testing phase. STMS achieves comparable or better stealing accuracy and generalization performance than prior works on multiple datasets and tasks. Moreover, this universal framework can be applied to improve the effectiveness of other model stealing methods and can also be migrated to other areas of machine learning.",10.1109/IJCNN60899.2024.10650104,https://ieeexplore.ieee.org/stamp/stamp.jsp?arnumber=10650104,Model Stealing;OOD Generalization;Causality;Stable Learning,1.0,,removed,no,no,no,no
Super-CLEVR: A Virtual Benchmark to Diagnose Domain Robustness in Visual Reasoning,Z. Li; X. Wong; E. Stengel-Eskin; A. Kortylewski; W. Ma; B. Van Durme; A. Yuille,2023 IEEE/CVF Conference on Computer Vision and Pattern Recognition (CVPR),2023,"Visual Question Answering (VQA) models often perform poorly on out-of-distribution data and struggle on domain generalization. Due to the multi-modal nature of this task, multiple factors of variation are intertwined, making generalization difficult to analyze. This motivates us to introduce a virtual benchmark, Super-CLEVR, where different factors in VQA domain shifts can be isolated in order that their effects can be studied independently. Four factors are considered: visual complexity, question redundancy, concept distribution and concept compositionality. With controllably generated data, Super-CLEVR enables us to test VQA methods in situations where the test data differs from the training data along each of these axes. We study four existing methods, including two neural symbolic methods NSCL [45] and NSVQA [59], and two non-symbolic methods FiLM [50] and mDETR [29]; and our proposed method, probabilistic NSVQA (P-NSVQA), which extends NSVQA with uncertainty reasoning. P-NSVQA outperforms other methods on three of the four domain shift factors. Our results suggest that disentangling reasoning and perception, combined with probabilistic uncertainty, form a strong VQA model that is more robust to domain shifts. The dataset and code are released at https://github.com/Lizw14/Super-CLEVR.",10.1109/CVPR52729.2023.01437,https://ieeexplore.ieee.org/stamp/stamp.jsp?arnumber=10205295,Vision;language;reasoning,11.0,,removed,no,no,no,yes
Tackling Distribution Shifts in Task-Oriented Communication With Information Bottleneck,H. Li; J. Shao; H. He; S. Song; J. Zhang; K. B. Letaief,IEEE Journal on Selected Areas in Communications,2025,"Task-oriented communication aims to extract and transmit task-relevant information to significantly reduce the communication overhead and transmission latency. However, the unpredictable distribution shifts between training and test data, including domain shift and semantic shift, can dramatically undermine the system performance. In order to tackle these challenges, it is crucial to ensure that the encoded features can generalize to domain-shifted data and detect semantic-shifted data, while remaining compact for transmission. In this paper, we propose a novel approach based on the information bottleneck (IB) principle and invariant risk minimization (IRM) framework. The proposed method aims to extract compact and informative features that possess high capability for effective domain-shift generalization and accurate semantic-shift detection without any knowledge of the test data during training. Specifically, we propose an invariant feature encoding approach based on the IB principle and IRM framework for domain-shift generalization, which aims to find the causal relationship between the input data and task result by minimizing the complexity and domain dependence of the encoded feature. Furthermore, we enhance the task-oriented communication with the label-dependent feature encoding approach for semantic-shift detection which achieves joint gains in IB optimization and detection performance. To avoid the intractable computation of the IB-based objective, we leverage variational approximation to derive a tractable upper bound for optimization. Extensive simulation results on image classification tasks demonstrate that the proposed scheme outperforms state-of-the-art approaches and achieves a better rate-distortion tradeoff.",10.1109/JSAC.2025.3559116,https://ieeexplore.ieee.org/stamp/stamp.jsp?arnumber=10964522,Task-oriented communication;joint source-channel coding;out-of-distribution;information bottleneck;variational inference,4.0,yes,yes,no,no,no,yes
The Utility of Feature Reuse: Transfer Learning in Data-Starved Regimes,R. Shadman; M. G. S. Murshed; E. Verenich; A. Velasquez; F. Hussain,2023 International Conference on Computational Science and Computational Intelligence (CSCI),2023,"The use of transfer learning with deep neural networks has increasingly become widespread for deploying well-tested computer vision systems to newer domains, especially those with limited datasets. We describe a transfer learning use case for a domain with a data-starved regime, having fewer than 100 labeled target samples. We evaluate the effectiveness of convolutional feature extraction and fine-tuning of overparameterized models with respect to the size of target training data, as well as their generalization performance on data with covariate shift, or out-of-distribution (OOD) data. Our experiments demonstrate that both overparameterization and feature reuse contribute to the successful application of transfer learning in training image classifiers in data-starved regimes. We provide visual explanations to support our findings and conclude that transfer learning enhances the performance of CNN architectures in data-starved regimes.",10.1109/CSCI62032.2023.00013,https://ieeexplore.ieee.org/stamp/stamp.jsp?arnumber=10590472,transfer learning;feature reuse;explainability,,yes,moved,no,yes,no,yes
TIDE: Training Locally Interpretable Domain Generalization Models Enables Test-time Correction,A. Agarwal; S. Karanam; V. Gandhi,2025 IEEE/CVF Conference on Computer Vision and Pattern Recognition (CVPR),2025,"We consider the problem of single-source domain generalization. Existing methods typically rely on extensive augmentations to synthetically cover diverse domains during training. However, they struggle with semantic shifts (e.g., background and viewpoint changes), as they often learn global features instead of local concepts that tend to be domain invariant. To address this gap, we propose an approach that compels models to leverage such local concepts during prediction. Given no suitable dataset with per-class concepts and localization maps exists, we first develop a novel pipeline to generate annotations by exploiting the rich features of diffusion and large-language models. Our next innovation is TIDE, a novel training scheme with a concept saliency alignment loss that ensures model focus on the right per-concept regions and a local concept contrastive loss that promotes learning domain-invariant concept representations. This not only gives a robust model but also can be visually interpreted using the predicted concept saliency maps. Given these maps at test time, our final contribution is a new correction algorithm that uses the corresponding local concept representations to iteratively refine the prediction until it aligns with prototypical concept representations that we store at the end of model training. We evaluate our approach extensively on four standard DG benchmark datasets and substantially outperform the current state-of-the-art (12% improvement on average) while also demonstrating that our predictions can be visually interpreted.",10.1109/CVPR52734.2025.02812,https://ieeexplore.ieee.org/stamp/stamp.jsp?arnumber=11093641,,,yes,moved,no,no,no,no
Task-Driven Detection of Distribution Shifts With Statistical Guarantees for Robot Learning,A. Farid; S. Veer; D. Pachisia; A. Majumdar,IEEE Transactions on Robotics,2025,"Our goal is to perform out-of-distribution (OOD) detection, i.e., to detect when a robot is operating in environments drawn from a different distribution than the ones used to train the robot. We leverage probably approximately correct-Bayes theory to train a policy with a guaranteed bound on performance on the training distribution. Our idea for OOD detection relies on the following intuition: violation of the performance bound on test environments provides evidence that the robot is operating OOD. We formalize this via statistical techniques based on $p$-values and concentration inequalities. The approach provides guaranteed confidence bounds on OOD detection including bounds on both the false-positive and false-negative rates of the detector and is task-driven and only sensitive to changes that impact the robot's performance. We demonstrate our approach in simulation and hardware for a grasping task using objects with unfamiliar shapes or poses and a drone performing vision-based obstacle avoidance in environments with wind disturbances and varied obstacle densities. Our examples demonstrate that we can perform task-driven OOD detection within just a handful of trials.",10.1109/TRO.2024.3521963,https://ieeexplore.ieee.org/stamp/stamp.jsp?arnumber=10815081,Deep learning in robotics and automation;failure detection and recovery;formal methods in robotics and automation;PAC-Bayes,,,removed,no,no,no,no
Temporal Context Awareness: A Defense Framework Against Multi-Turn Manipulation Attacks on Large Language Models,P. Kulkarni; A. Namer,2025 IEEE Conference on Artificial Intelligence (CAI),2025,"Many Large Language Models (LLMs) today are vulnerable to multi-turn manipulation attacks,where adversaries gradually build context through seemingly benign conversational turns to elicit harmful or unauthorized responses. These attacks exploit the temporal nature of dialogue to evade single-turn detection methods, posing a significant risk to the safe deployment of LLMs. This paper introduces the Temporal Context Awareness (TCA)framework, a novel defense mechanism designed to address this challenge by continuously analyzing semantic drift, cross-turn intention consistency, and evolving conversational patterns. The TCA framework integrates dynamic context embedding analysis, cross-turn consistency verification, and progressive risk scoring to detect and mitigate manipulation attempts effectively. Preliminary evaluations on simulated adversarial scenarios demonstrate the framework's potential to identify subtle manipulation patterns often missed by traditional detection techniques, offering a much-needed layer of security for conversational AI systems. In addition to outlining the design of TCA, we analyze diverse attack vectors and their progression across multi-turn conversations, providing valuable insights into adversarial tactics and their impact on LLM vulnerabilities. Our findings underscore the pressing need for robust, context-aware defenses in conversational AI systems and highlight the TCA framework as a promising direction for securing LLMs while preserving their utility in legitimate applications",10.1109/CAI64502.2025.00164,https://ieeexplore.ieee.org/stamp/stamp.jsp?arnumber=11050551,LLM Security;Multi-turn attacks;prompt security;obfuscation;prompt injection;security;trustworthy AI;jailbreak,,,removed,no,no,no,no
Temporal Dynamics in Visual Data: Analyzing the Impact of Time on Classification Accuracy,T. Pégeot; E. Feillet; A. Popescu; I. Kucher; B. Delezoide,2025 IEEE/CVF Winter Conference on Applications of Computer Vision (WACV),2025,"Visual datasets are generally constructed from the samples available at the time of their collection and are not further updated. However, these static datasets do not reflect the distribution changes that occur in real data. We analyze how different collection times lead to a shift in class distribution by collecting a set of Flickr images published over 14 years. The proposed “Visual Classes through Time” (VCT-107) dataset contains images tagged by their publication date and includes 107 classes covering various topics (human-made objects, animals, plants, food, etc.). Images from each class are divided into five collection periods to study the impact of time on classification accuracy. When training different classification models using linear probing, we observe an accuracy loss when training on data from one period and testing on other periods. This happens even in the case of a strongly pre-trained model like DinoV2 ViT-B/14. Intuitively, the performance loss is generally more significant when the collection periods between the training and test data are further apart. Our analysis reveals that the temporal shift varies between classes, with the largest shifts observed for human-made objects and the smallest for natural concepts such as animal species. Our results stress the importance of regularly updating models to adapt to timeinduced changes in the distribution of visual classes, even when using a strongly pre-trained model. We release the VCT-107 dataset to facilitate research on temporal shifts.",10.1109/WACV61041.2025.00674,https://ieeexplore.ieee.org/stamp/stamp.jsp?arnumber=10943912,domain shift;pre-training;transfer learning;continual learning;domain-incremental learning,,,removed,no,no,no,no
Towards Bridging the Performance Gaps of Joint Energy-Based Models,X. Yang; Q. Su; S. Ji,2023 IEEE/CVF Conference on Computer Vision and Pattern Recognition (CVPR),2023,"Can we train a hybrid discriminative-generative model with a single network? This question has recently been answered in the affirmative, introducing the field of Joint Energy-based Model (JEM) [17], [48], which achieves high classification accuracy and image generation quality simultaneously. Despite recent advances, there remain two performance gaps: the accuracy gap to the standard softmax classifier, and the generation quality gap to state-of-the-art generative models. In this paper, we introduce a variety of training techniques to bridge the accuracy gap and the generation quality gap of JEM. 1) We incorporate a recently proposed sharpness-aware minimization (SAM) framework to train JEM, which promotes the energy landscape smoothness and the generalization of JEM. 2) We exclude data augmentation from the maximum likelihood estimate pipeline of JEM, and mitigate the negative impact of data augmentation to image generation quality. Extensive experiments on multiple datasets demonstrate our SADA-JEM achieves state-of-the-art performances and outperforms JEM in image classification, image generation, calibration, out-of-distribution detection and adversarial robustness by a notable margin. Our code is available at https://github.com/sndnyang/SADAJEM.",10.1109/CVPR52729.2023.01510,https://ieeexplore.ieee.org/stamp/stamp.jsp?arnumber=10204348,Image and video synthesis and generation,9.0,yes,moved,no,no,no,yes
Test-time Alignment-Enhanced Adapter for Vision-Language Models,B. Tong; K. Song; H. Lai,"ICASSP 2025 - 2025 IEEE International Conference on Acoustics, Speech and Signal Processing (ICASSP)",2025,"Test-time adaptation with pre-trained vision-language models (VLMs) has attracted increasing attention for tackling the issue of distribution shift during the test phase. While prior methods have shown effectiveness in addressing distribution shift by adjusting classification logits, they are not optimal due to keeping text features unchanged. To address this issue, we introduce a new approach called Test-time Alignment-Enhanced Adapter (TAEA), which trains an adapter with test samples to adjust text features during the test phase. We can enhance the text-to-image alignment prediction by utilizing an adapter to adapt text features. Furthermore, we also propose to adopt the negative cache from TDA as enhancement module, which further improves the performance of TAEA. Our approach outperforms the state-of-the-art TTA method of pre-trained VLMs by an average of 0.75% on the out-of-distribution benchmark and 2.5% on the cross-domain benchmark, with an acceptable training time. Code will be available at https://github.com/BaoshunWq/clip-TAEA.",10.1109/ICASSP49660.2025.10888937,https://ieeexplore.ieee.org/stamp/stamp.jsp?arnumber=10888937,Adapter;test-time adaptation;text-to-image alignment,,,removed,no,no,no,no
The Devil is in the Labels: Noisy Label Correction for Robust Scene Graph Generation,L. Li; L. Chen; Y. Huang; Z. Zhang; S. Zhang; J. Xiao,2022 IEEE/CVF Conference on Computer Vision and Pattern Recognition (CVPR),2022,"Unbiased SGG has achieved significant progress over recent years. However, almost all existing SGG models have overlooked the ground-truth annotation qualities of prevailing SGG datasets, i.e., they always assume: 1) all the manually annotated positive samples are equally correct; 2) all the un-annotated negative samples are absolutely background. In this paper, we argue that both assumptions are inapplicable to SGG: there are numerous “noisy” ground-truth predicate labels that break these two assumptions, and these noisy samples actually harm the training of unbiased SGG models. To this end, we propose a novel model-agnostic NoIsy label CorrEction strategy for SGG: NICE. NICE can not only detect noisy samples but also reassign more high-quality predicate labels to them. After the NICE training, we can obtain a cleaner version of SGG dataset for model training. Specifically, NICE consists of three components: negative Noisy Sample Detection (Neg-NSD), positive NSD (Pos-NSD), and Noisy Sample Correction (NSC). Firstly, in Neg-NSD, we formulate this task as an out-of-distribution detection problem, and assign pseudo labels to all detected noisy negative samples. Then, in Pos-NSD, we use a clustering-based algorithm to divide all positive samples into multiple sets, and treat the samples in the noisiest set as noisy positive samples. Lastly, in NSC, we use a simple but effective weighted KNN to reassign new predicate labels to noisy positive samples. Extensive results on different backbones and tasks have attested to the effectiveness and generalization abilities of each component of NICE.",10.1109/CVPR52688.2022.01830,https://ieeexplore.ieee.org/stamp/stamp.jsp?arnumber=9880444,Scene analysis and understanding; Vision + language,73.0,,removed,no,no,no,yes
The Many Faces of Robustness: A Critical Analysis of Out-of-Distribution Generalization,D. Hendrycks; S. Basart; N. Mu; S. Kadavath; F. Wang; E. Dorundo; R. Desai; T. Zhu; S. Parajuli; M. Guo; D. Song; J. Steinhardt; J. Gilmer,2021 IEEE/CVF International Conference on Computer Vision (ICCV),2021,"We introduce four new real-world distribution shift datasets consisting of changes in image style, image blurriness, geographic location, camera operation, and more. With our new datasets, we take stock of previously proposed methods for improving out-of-distribution robustness and put them to the test. We find that using larger models and artificial data augmentations can improve robustness on real-world distribution shifts, contrary to claims in prior work. We find improvements in artificial robustness benchmarks can transfer to real-world distribution shifts, contrary to claims in prior work. Motivated by our observation that data augmentations can help with real-world distribution shifts, we also introduce a new data augmentation method which advances the state-of-the-art and outperforms models pre-trained with 1000× more labeled data. Overall we find that some methods consistently help with distribution shifts in texture and local image statistics, but these methods do not help with some other distribution shifts like geographic changes. Our results show that future research must study multiple distribution shifts simultaneously, as we demonstrate that no evaluated method consistently improves robustness.",10.1109/ICCV48922.2021.00823,https://ieeexplore.ieee.org/stamp/stamp.jsp?arnumber=9710159,Transfer/Low-shot/Semi/Unsupervised Learning;Recognition and classification,688.0,,removed,no,no,no,yes
Towards Building Self-Aware Object Detectors via Reliable Uncertainty Quantification and Calibration,K. Oksuz; T. Joy; P. K. Dokania,2023 IEEE/CVF Conference on Computer Vision and Pattern Recognition (CVPR),2023,"The current approach for testing the robustness of object detectors suffers from serious deficiencies such as improper methods of performing out-of-distribution detection and using calibration metrics which do not consider both localisation and classification quality. In this work, we address these issues, and introduce the Self Aware Object Detection (SAOD) task, a unified testing framework which respects and adheres to the challenges that object detectors face in safety-critical environments such as autonomous driving. Specifically, the SAOD task requires an object detector to be: robust to domain shift; obtain reliable uncertainty estimates for the entire scene; and provide calibrated confidence scores for the detections. We extensively use our framework, which introduces novel metrics and large scale test datasets, to test numerous object detectors in two different use-cases, allowing us to highlight critical insights into their robustness performance. Finally, we introduce a simple baseline for the SAOD task, enabling researchers to benchmark future proposed methods and move towards robust object detectors which are fit for purpose. Code is available at: https://github.com/fiveai/saod.",10.1109/CVPR52729.2023.00894,https://ieeexplore.ieee.org/stamp/stamp.jsp?arnumber=10203797,Recognition: Categorization;detection;retrieval,11.0,yes,yes,no,no,no,yes
Towards More Reliable Confidence Estimation,H. Qu; L. G. Foo; Y. Li; J. Liu,IEEE Transactions on Pattern Analysis and Machine Intelligence,2023,"As a task that aims to assess the trustworthiness of the model's prediction output during deployment, confidence estimation has received much research attention recently, due to its importance for the safe deployment of deep models. Previous works have outlined two important characteristics that a reliable confidence estimation model should possess, i.e., the ability to perform well under label imbalance and the ability to handle various out-of-distribution data inputs. In this work, we propose a meta-learning framework that can simultaneously improve upon both characteristics in a confidence estimation model. Specifically, we first construct virtual training and testing sets with some intentionally designed distribution differences between them. Our framework then uses the constructed sets to train the confidence estimation model through a virtual training and testing scheme leading it to learn knowledge that generalizes to diverse distributions. Besides, we also incorporate our framework with a modified meta optimization rule, which converges the confidence estimator to flat meta minima. We show the effectiveness of our framework through extensive experiments on various tasks including monocular depth estimation, image classification, and semantic segmentation.",10.1109/TPAMI.2023.3291676,https://ieeexplore.ieee.org/stamp/stamp.jsp?arnumber=10172026,Confidence estimation;distribution shift robustness;meta-learning,3.0,yes,moved,no,no,no,no
Toward a Holistic Evaluation of Robustness in CLIP Models,W. Tu; W. Deng; T. Gedeon,IEEE Transactions on Pattern Analysis and Machine Intelligence,2025,"Contrastive Language-Image Pre-training (CLIP) models have shown significant potential, particularly in zero-shot classification across diverse distribution shifts. Building on existing evaluations of overall classification robustness, this work aims to provide a more comprehensive assessment of CLIP by introducing several new perspectives. First, we investigate their robustness to variations in specific visual factors. Second, we assess two critical safety objectives—confidence uncertainty and out-of-distribution detection—beyond mere classification accuracy. Third, we evaluate the finesse with which CLIP models bridge the image and text modalities. Fourth, we extend our examination to 3D awareness in CLIP models, moving beyond traditional 2D image understanding. Finally, we explore the interaction between vision and language encoders within modern large multimodal models (LMMs) that utilize CLIP as the visual backbone, focusing on how this interaction impacts classification robustness. In each aspect, we consider the impact of six factors on CLIP models: model architecture, training distribution, training set size, fine-tuning, contrastive loss, and test-time prompts. Our study uncovers several previously unknown insights into CLIP. For instance, the architecture of the visual encoder in CLIP plays a significant role in their robustness against 3D corruption. CLIP models tend to exhibit a bias towards shape when making predictions. Moreover, this bias tends to diminish after fine-tuning on ImageNet. Vision-language models like LLaVA, leveraging the CLIP vision encoder, could exhibit benefits in classification performance for challenging categories over CLIP alone. Our findings are poised to offer valuable guidance for enhancing the robustness and reliability of CLIP models.",10.1109/TPAMI.2025.3580234,https://ieeexplore.ieee.org/stamp/stamp.jsp?arnumber=11037467,Contrastive language-image pre-training (CLIP);robustness;evaluation,1.0,,removed,no,no,no,yes
Toward Out-of-Domain Binding Affinity Prediction,Z. Zhao; S. Fang,2024 7th International Conference on Universal Village (UV),2024,"Predicting binding affinity takes a central role in modern drug design by clarifying how ligands interact with protein targets and supporting more efficient candidate selection. However, many existing methods rely on training and evaluation data drawn from closely aligned domains, which does not adequately capture the diversity observed in real biomedical research settings. In practice, predictive models are frequently challenged by distributional shifts arising from novel chemical scaffolds, previously unseen protein families, differences in experimental conditions and emerging drug resistance, all of which can greatly reduce accuracy. These challenges, known as out-of-domain (OOD) scenarios, increase the risk of overlooking potential compounds or selecting unsuitable substitutes. Although several benchmarks have been proposed to evaluate OOD generalization, many lack accessible and flexible codebases for robust and balanced evaluation. To address this gap, we present a benchmark built upon the DrugOOD dataset, crafted to systematically examine how binding affinity prediction models respond to realistic distributional variations. We also introduce BIOW2D, a new approach that outperforms previous baselines by retaining chemically meaningful substructures as key features, enhancing both accuracy and interpretability. We aim for this study to promote applied research on OOD generalization and aid in advancing reliable binding affinity prediction techniques, especially in contexts where domain shifts cannot be avoided, ultimately supporting more informed compound selection.",10.1109/UV63228.2024.11189163,https://ieeexplore.ieee.org/stamp/stamp.jsp?arnumber=11189163,machine learning;out-of-distribution;binding affinity prediction;drug design,,,removed,no,no,no,no
Towards Bi-Level Out-of-Distribution Logical Reasoning on Knowledge Graphs,F. Alotaibi; D. Zhou,2023 IEEE International Conference on Big Data (BigData),2023,"Logical reasoning is crucial in knowledge graphs, enabling the discovery of latent knowledge and facilitating various downstream tasks such as question-answering and knowledge discovery. Despite the promising results of state-of-the-art methods, their limited generalization capabilities in handling out-of-distribution (OOD) queries and KG data pose a significant challenge. This challenge arises from the complex variations in logical queries and the dynamic nature of graphs, resulting in two OOD scenarios at the query and KG data levels. To address this challenge, we propose a novel, generic framework that handles bi-level OOD logical reasoning on KGs by jointly modeling OOD queries and OOD KG data. First, we start with the uncertainty representation module to handle the KG-level OOD. Then, we further design an adversarial learning module to efficiently improve reasoning over query-level OOD. Extensive experiments on real-world datasets demonstrate the effectiveness of our framework in handling these two levels of OOD scenarios.",10.1109/BigData59044.2023.10386470,https://ieeexplore.ieee.org/stamp/stamp.jsp?arnumber=10386470,Knowledge graphs(KGs);out-of-distribution (OOD);logical reasoning,,,removed,no,no,no,no
Towards Out-of-Distribution Detection for Remote Sensing,J. Gawlikowski; S. Saha; A. Kruspe; X. X. Zhu,2021 IEEE International Geoscience and Remote Sensing Symposium IGARSS,2021,"In remote sensing, distributional mismatch between the training and test data may arise due to several reasons, including unseen classes in the test data, differences in the geographic area, and multi-sensor differences. Deep learning based models may behave in unexpected manners when subjected to test data that has such distributional shifts from the training data, also called out-of-distribution (OOD) examples. Vulnerability to OOD data severely reduces the reliability of deep learning based models. In this work, we address this issue by proposing a model to quantify distributional uncertainty of deep learning based remote sensing models. In particular, we adopt a Dirichlet Prior Network for remote sensing data. The approach seeks to maximize the representation gap between the in-domain and OOD examples for a better identification of unknown examples at test time. Experimental results on three exemplary test scenarios show that the proposed model can detect OOD images in remote sensing.",10.1109/IGARSS47720.2021.9553266,https://ieeexplore.ieee.org/stamp/stamp.jsp?arnumber=9553266,Out-of-distribution;open set recognition;robustness;remote sensing,6.0,yes,moved,no,no,no,yes
Towards Principled Disentanglement for Domain Generalization,H. Zhang; Y. -F. Zhang; W. Liu; A. Weller; B. Schölkopf; E. P. Xing,2022 IEEE/CVF Conference on Computer Vision and Pattern Recognition (CVPR),2022,"A fundamental challenge for machine learning models is generalizing to out-of-distribution (OOD) data, in part due to spurious correlations. To tackle this challenge, we first formalize the OOD generalization problem as constrained optimization, called Disentanglement-constrained Domain Generalization (DDG). We relax this non-trivial constrained optimization problem to a tractable form with finite-dimensional parameterization and empirical approxi-mation. Then a theoretical analysis of the extent to which the above transformations deviates from the original problem is provided. Based on the transformation, we propose a primal-dual algorithm for joint representation disentanglement and domain generalization. In contrast to traditional approaches based on domain adversarial training and domain labels, DDG jointly learns semantic and variation encoders for disentanglement, enabling flexible manipulation and augmentation on training data. DDG aims to learn intrinsic representations of semantic concepts that are invariant to nuisance factors and generalizable across domains. Comprehensive experiments on popular benchmarks show that DDG can achieve competitive OOD performance and uncover interpretable salient structures within data.",10.1109/CVPR52688.2022.00786,https://ieeexplore.ieee.org/stamp/stamp.jsp?arnumber=9880066,Transfer/low-shot/long-tail learning; Representation learning; Transparency;fairness;accountability;privacy and ethics in vision,75.0,yes,moved,no,no,no,no
Towards Domain Generalization for ECG and EEG Classification: Algorithms and Benchmarks,A. Ballas; C. Diou,IEEE Transactions on Emerging Topics in Computational Intelligence,2024,"Despite their immense success in numerous fields, machine and deep learning systems have not yet been able to firmly establish themselves in mission-critical applications in healthcare. One of the main reasons lies in the fact that when models are presented with previously unseen, Out-of-Distribution samples, their performance deteriorates significantly. This is known as the Domain Generalization (DG) problem. Our objective in this work is to propose a benchmark for evaluating DG algorithms, in addition to introducing a novel architecture for tackling DG in biosignal classification. In this article, we describe the Domain Generalization problem for biosignals, focusing on electrocardiograms (ECG) and electroencephalograms (EEG) and propose and implement an open-source biosignal DG evaluation benchmark. Furthermore, we adapt state-of-the-art DG algorithms from computer vision to the problem of 1D biosignal classification and evaluate their effectiveness. Finally, we also introduce a novel neural network architecture that leverages multi-layer representations for improved model generalizability. By implementing the above DG setup we are able to experimentally demonstrate the presence of the DG problem in ECG and EEG datasets. In addition, our proposed model demonstrates improved effectiveness compared to the baseline algorithms, exceeding the state-of-the-art in both datasets. Recognizing the significance of the distribution shift present in biosignal datasets, the presented benchmark aims at urging further research into the field of biomedical DG by simplifying the evaluation process of proposed algorithms. To our knowledge, this is the first attempt at developing an open-source framework for evaluating ECG and EEG DG algorithms.",10.1109/TETCI.2023.3306253,https://ieeexplore.ieee.org/stamp/stamp.jsp?arnumber=10233054,Biosignal classification;deep learning;domain generalization;1D signal classification;electrocardiogram (ECG) classification;electroencephalogram (EEG) classification,15.0,,removed,no,no,no ,yes
Towards Improved Input Masking for Convolutional Neural Networks,S. Balasubramanian; S. Feizi,2023 IEEE/CVF International Conference on Computer Vision (ICCV),2023,"The ability to remove features from the input of machine learning models is very important to understand and interpret model predictions. However, this is non-trivial for vision models since masking out parts of the input image typically causes large distribution shifts. This is because the baseline color used for masking (typically grey or black) is out of distribution. Furthermore, the shape of the mask itself can contain unwanted signals which can be used by the model for its predictions. Recently, there has been some progress in mitigating this issue (called missingness bias) in image masking for vision transformers. In this work, we propose a new masking method for CNNs we call layer masking in which the missingness bias caused by masking is reduced to a large extent. Intuitively, layer masking applies a mask to intermediate activation maps so that the model only processes the unmasked input. We show that our method (i) is able to eliminate or minimize the influence of the mask shape or color on the output of the model, and (ii) is much better than replacing the masked region by black or grey for input perturbation based interpretability techniques like LIME. Thus, layer masking is much less affected by missingness bias than other masking strategies. We also demonstrate how the shape of the mask may leak information about the class, thus affecting estimates of model reliance on class-relevant features derived from input masking. Furthermore, we discuss the role of data augmentation techniques for tackling this problem, and argue that they are not sufficient for preventing model reliance on mask shape.",10.1109/ICCV51070.2023.00178,https://ieeexplore.ieee.org/stamp/stamp.jsp?arnumber=10378479,,4.0,,removed,no,no,no,yes
Training Confidence-Calibrated Classifier via Distributionally Robust Learning,H. Wu; M. D. Wang,"2020 IEEE 44th Annual Computers, Software, and Applications Conference (COMPSAC)",2020,"Supervised learning via empirical risk minimization, despite its solid theoretical foundations, faces a major challenge in generalization capability, which limits its application in real-world data science problems. In particular, current models fail to distinguish in-distribution and out-of-distribution and give over confident predictions for out-of-distribution samples. In this paper, we propose an distributionally robust learning method to train classifiers via solving an unconstrained minimax game between an adversary test distribution and a hypothesis. We showed the theoretical generalization performance guarantees, and empirically, our learned classifier when coupled with thresholded detectors, can efficiently detect out-of-distribution samples.",10.1109/COMPSAC48688.2020.0-230,https://ieeexplore.ieee.org/stamp/stamp.jsp?arnumber=9201929,supervised learning;adversarial machine learning;robust machine learning;distributionally robust optimization,1.0,yes,moved,no,no,no,no
Towards More Trustworthy Deep Code Models by Enabling Out-of-Distribution Detection,Y. Yan; V. Duong; H. Shao; D. Poshyvanyk,2025 IEEE/ACM 47th International Conference on Software Engineering (ICSE),2025,"Numerous machine learning (ML) models have been developed, including those for software engineering (SE) tasks, under the assumption that training and testing data come from the same distribution. However, training and testing distributions often differ, as training datasets rarely encompass the entire distribution, while testing distribution tends to shift over time. Hence, when confronted with out-of-distribution (OOD) instances that differ from the training data, a reliable and trustworthy SE ML model must be capable of detecting them to either abstain from making predictions, or potentially forward these OODs to appropriate models handling other categories or tasks. In this paper, we develop two types of SE-specific OOD detection models, unsupervised and weakly-supervised OOD detection for code. The unsupervised OOD detection approach is trained solely on in-distribution samples while the weakly-supervised approach utilizes a tiny number of OOD samples to further enhance the detection performance in various OOD scenarios. Extensive experimental results demonstrate that our proposed methods significantly outperform the baselines in detecting OOD samples from four different scenarios simultaneously and also positively impact a main code understanding task.",10.1109/ICSE55347.2025.00177,https://ieeexplore.ieee.org/stamp/stamp.jsp?arnumber=11029813,OOD detection;Trustworthy ML;Code Models;Contrastive learning,,,removed,no,no,no,yes
Unbiased Mean Teacher for Cross-domain Object Detection,J. Deng; W. Li; Y. Chen; L. Duan,2021 IEEE/CVF Conference on Computer Vision and Pattern Recognition (CVPR),2021,"Cross-domain object detection is challenging, because object detection model is often vulnerable to data variance, especially to the considerable domain shift between two distinctive domains. In this paper, we propose a new Unbiased Mean Teacher (UMT) model for cross-domain object detection. We reveal that there often exists a considerable model bias for the simple mean teacher (MT) model in cross-domain scenarios, and eliminate the model bias with several simple yet highly effective strategies. In particular, for the teacher model, we propose a cross-domain distillation method for MT to maximally exploit the expertise of the teacher model. Moreover, for the student model, we alleviate its bias by augmenting training samples with pixel-level adaptation. Finally, for the teaching process, we employ an out-of-distribution estimation strategy to select samples that most fit the current model to further enhance the cross-domain distillation process. By tackling the model bias issue with these strategies, our UMT model achieves mAPs of 44.1%, 58.1%, 41.7%, and 43.1% on benchmark datasets Clipart1k, Watercolor2k, Foggy Cityscapes, and Cityscapes, respectively, which outperforms the existing state-of-the-art results in notable margins. Our implementation is available at https://github.com/kinredon/umt.",10.1109/CVPR46437.2021.00408,https://ieeexplore.ieee.org/stamp/stamp.jsp?arnumber=9578607,,276.0,yes,moved,no,no,no,yes
Uncertainty-Aware Ensemble Learning Models for Out-of-Distribution Medical Imaging Analysis,J. B. Tamo; M. C. Nnamdi; L. Lesbats; W. Shi; Y. Zhong; M. D. Wang,2023 IEEE International Conference on Bioinformatics and Biomedicine (BIBM),2023,"Advanced deep-learning techniques have been employed to develop clinical decision support systems for diagnosis and prognosis using medical images. However, the presence of out-of-distribution (OOD) samples, which deviate from the training data distribution, poses a significant challenge. Accurate quantification of the predictive uncertainty is crucial for ensuring reliable and dependable implementation in medical settings as a clinical decision support system. In this work, we propose an ensemble model to derive predictive uncertainty estimates for uncertainty quantification on OOD medical imaging. Specifically, the models are initialized with ImageNet pre-trained weights and fine-tuned on chest Computed Tomography (CT). Moreover, we utilize Grad-CAM to visualize and interpret the areas of the image that contribute most to the model’s predictions and uncertainty estimates. This visualization technique enhances the in-terpretability of our ensemble model and supports more informed clinical decision-making. Through extensive experiments on three Chest CT datasets, we have demonstrated the effectiveness of our approach in estimating uncertainty under domain shifting. Our results provide valuable insights into the reliability and specificity of deep ensemble uncertainty predictions in medical image analysis. Our Uncertainty-Aware Ensemble (UAE) approach can enable reliable and transparent predictions for safety-critical medical applications.",10.1109/BIBM58861.2023.10385418,https://ieeexplore.ieee.org/stamp/stamp.jsp?arnumber=10385418,uncertainty estimation;ensemble learning;out-of-distribution data;medical image analysis,2.0,yes,moved,no,no,no,no
Uncertainty-Aware Optimal Transport for Semantically Coherent Out-of-Distribution Detection,F. Lu; K. Zhu; W. Zhai; K. Zheng; Y. Cao,2023 IEEE/CVF Conference on Computer Vision and Pattern Recognition (CVPR),2023,"Semantically coherent out-of-distribution (SCOOD) detection aims to discern outliers from the intended data distribution with access to unlabeled extra set. The coexistence of in-distribution and out-of-distribution samples will exacerbate the model overfitting when no distinction is made. To address this problem, we propose a novel uncertainty-aware optimal transport scheme. Our scheme consists of an energy-based transport (ET) mechanism that estimates the fluctuating cost of uncertainty to promote the assignment of semantic-agnostic representation, and an inter-cluster extension strategy that enhances the discrimination of semantic property among different clusters by widening the corresponding margin distance. Furthermore, a T-energy score is presented to mitigate the magnitude gap between the parallel transport and classifier branches. Extensive experiments on two standard SCOOD benchmarks demonstrate the above-par OOD detection performance, outperforming the state-of-the-art methods by a margin of 27.69% and 34.4% on FPR@95, respectively. Code is available at https://github.com/LuFan3/IET-OOD.",10.1109/CVPR52729.2023.00320,https://ieeexplore.ieee.org/stamp/stamp.jsp?arnumber=10204549,Transfer;meta;low-shot;continual;or long-tail learning,9.0,yes,no,no,no,no,no
Uncertainty-Calibrated Test-Time Model Adaptation Without Forgetting,M. Tan; G. Chen; J. Wu; Y. Zhang; Y. Chen; P. Zhao; S. Niu,IEEE Transactions on Pattern Analysis and Machine Intelligence,2025,"Test-time adaptation (TTA) seeks to tackle potential distribution shifts between training and testing data by adapting a given model w.r.t. any testing sample. This task is particularly important when the test environment changes frequently. Although some recent attempts have been made to handle this task, we still face two key challenges: 1) prior methods have to perform backpropagation for each test sample, resulting in unbearable optimization costs to many applications; 2) while existing TTA solutions can significantly improve the test performance on out-of-distribution data, they often suffer from severe performance degradation on in-distribution data after TTA (known as catastrophic forgetting). To this end, we have proposed an Efficient Anti-Forgetting Test-Time Adaptation (EATA) method which develops an active sample selection criterion to identify reliable and non-redundant samples for test-time entropy minimization. To alleviate forgetting, EATA introduces a Fisher regularizer estimated from test samples to constrain important model parameters from drastic changes. However, in EATA, the adopted entropy loss consistently assigns higher confidence to predictions even when the samples are underlying uncertain, leading to overconfident predictions that underestimate the data uncertainty. To tackle this, we further propose EATA with Calibration (EATA-C) to separately exploit the reducible model uncertainty and the inherent data uncertainty for calibrated TTA. Specifically, we compare the divergence between predictions from the full network and its sub-networks to measure the reducible model uncertainty, on which we propose a test-time uncertainty reduction strategy with divergence minimization loss to encourage consistent predictions instead of overconfident ones. To further re-calibrate predicting confidence on different samples, we utilize the disagreement among predicted labels as an indicator of the data uncertainty. Based on this, we devise a min-max entropy regularization to selectively increase and decrease predicting confidence for confidence re-calibration. Note that EATA-C and EATA are different on the adaptation objective, while EATA-C still benefits from the active sample selection criterion and anti-forgetting Fisher regularization proposed in EATA. Extensive experiments on image classification and semantic segmentation verify the effectiveness of our proposed methods.",10.1109/TPAMI.2025.3560696,https://ieeexplore.ieee.org/stamp/stamp.jsp?arnumber=10964530,Out-of-distribution generalization;test-time adaptation;confidence calibration;catastrophic forgetting,1.0,yes,moved,no,no,no,yes
Tri-AutoAug: Single Domain Generalization for Bird's-Eye-View 3D Object Detection Through Pixel-2D-3D Features,X. Zhao; P. Peng; X. Li; X. Wang; C. Zhou; N. Ye,2025 IEEE International Conference on Robotics and Automation (ICRA),2025,"With the increasing popularity of autonomous driving based on the Bird's-Eye-View (BEV) representation, improving the generalization of such detection models is key for safe real-world applications. However, a realistic yet challenging scenario: Single Domain Generalization (SDG) for BEV, is still under-explored. A key ingredient for SDG is to increase data diversity via common image augmentation or adversarial data generation first. However, common image-level augmentation is not sufficient enough to ensure domain diversity in most part of latent space. The adversarial generation has the problem of unstable training or mode collapsing as well. To address these limitations, we present Tri-level Automatic Augmentation (Tri-AutoAug), a simple yet effective method to enlarge the diversity and quantity of data from image and 2D features and facilitate the model to learn more domain-invariant features in BEV space. Besides, Tri-AutoAug can automatically learn augmentation strategies to avoid spending too much time manually adjusting hyperparameters and maximize the benefit of Tri-level Augmentation. To the best of our knowledge, this is the first study to explore automatic augmentation for SDG BEV. Extensive experiments on NuScenes-C including eight testing domains have demonstrated that our approach can achieve the best performance across various domain generalization methods. More importantly, we evaluate the proposed method in real-world autonomous driving scenarios. Tri-AutoAug improves the out-of-distribution (ood) performance by 8.54% (mAP), which demonstrates that Tri-AutoAug provides a practical and feasible solution for the applications of 3D detectors in the real world. The code is available at https://github.com/ClaireTunlTri-AutoAug.",10.1109/ICRA55743.2025.11128244,https://ieeexplore.ieee.org/stamp/stamp.jsp?arnumber=11128244,,,,removed,no,yes,no,no
Two-stage Modeling for Prediction with Confidence,D. Chen,2022 IEEE 34th International Conference on Tools with Artificial Intelligence (ICTAI),2022,"The use of neural networks has been very successful in a wide variety of applications. However, it has recently been observed that it is difficult to generalize the performance of neural networks under the condition of distributional shift. Several efforts have been made to identify potential out-of-distribution inputs. Although existing literature has made significant progress with regard to images and textual data, finance has been overlooked. The aim of this paper is to investigate the distribution shift in the credit scoring problem, one of the most important applications of finance. For the potential distribution shift problem, we propose a novel two-stage model. Using the out-of-distribution detection method, data is first separated into confident and unconfident sets. As a second step, we utilize the domain knowledge with a mean-variance optimization in order to provide reliable bounds for unconfident samples. Using empirical results, we demonstrate that our model offers reliable predictions for the vast majority of datasets. It is only a small portion of the dataset that is inherently difficult to judge, and we leave them to the judgment of human beings. Based on the two-stage model, highly confident predictions have been made and potential risks associated with the model have been significantly reduced.",10.1109/ICTAI56018.2022.00009,https://ieeexplore.ieee.org/stamp/stamp.jsp?arnumber=10097996,model uncertainty;out-of-distribution;finance and risk management,,,removed,no,no,no,yes
Understanding ReLU Network Robustness Through Test Set Certification Performance,N. Franco; J. M. Lorenz; K. Roscher; S. Günnemann,2024 IEEE/CVF Conference on Computer Vision and Pattern Recognition Workshops (CVPRW),2024,"Neural networks can be vulnerable to small changes in input within their learning distribution, and this vulnerability increases for distributional shifts or input completely outside their training distribution. To ensure networks are used safely, robustness certificates offer formal assurances about the stability of their predictions in a pre-defined range around the input. However, the relationship between correctness and certified robustness remains unclear. In this work, we investigate the unexpected outcomes of verification methods applied to piecewise linear classifiers for clean, perturbed, in- and out-of-distribution samples. In our experiments focused on image classification, we observed that introducing a modest stability margin around the input sample leads to an important reduction in misclassified samples — approximately a 75% decrease — compared to the roughly 11% for samples that are correctly classified. This finding emphasizes the value of formal verification methods as an extra layer of safety, illustrating their effectiveness in enhancing accuracy for data that falls within the distribution. On the other hand, we provide a theoretical demonstration that formal verification methods robustly certify samples sufficiently far from the training distribution. These results are integrated with an experimental analysis and demonstrate their limitations compared to standard out-of-distribution detection methods.",10.1109/CVPRW63382.2024.00349,https://ieeexplore.ieee.org/stamp/stamp.jsp?arnumber=10677948,Adversarial Robustness;Machine Learning;Formal Verification,,no,yes,no,no,no,yes
Uncertainty Quantification for Deep Learning Models Predicting the Regulatory Activity of DNA Sequences,H. A. Gündüz; S. Giri; M. Binder; B. Bischl; M. Rezaei,2023 International Conference on Machine Learning and Applications (ICMLA),2023,"The field of computational biology has been enhanced by deep learning models, which hold great promise for revolutionizing domains such as protein folding and drug discovery. Recent studies have underscored the tremendous potential of these models, particularly in the realm of gene regulation and the more profound understanding of the non-coding regions of the genome. On the other hand, this raises significant concerns about the reliability and efficacy of such models, which have their own biases by design, along with those learned from the data. Uncertainty quantification allows us to measure where the system is confident and know when it can be trusted. In this paper, we study several uncertainty quantification methods with respect to a multi-target regression task, specifically predicting regulatory activity profiles using DNA sequence data. Using the Basenji model, we investigate how such methods can improve in-domain generalization, out-of-distribution detection, and provide coverage guarantees on prediction intervals.",10.1109/ICMLA58977.2023.00084,https://ieeexplore.ieee.org/stamp/stamp.jsp?arnumber=10459803,Uncertainty Quantification;Regulatory Activity of Genome Sequences;Multi-Target Regression,,,removed,no,no,no,no
Unified Entropy Optimization for Open-Set Test-Time Adaptation,Z. Gao; X. -Y. Zhang; C. -L. Liu,2024 IEEE/CVF Conference on Computer Vision and Pattern Recognition (CVPR),2024,"Test-time adaptation (TTA) aims at adapting a model pretrained on the labeled source domain to the unlabeled target domain. Existing methods usually focus on improving TTA performance under covariate shifts, while neglecting semantic shifts. In this paper, we delve into a realistic open-set TTA setting where the target domain may contain samples from unknown classes. Many state-of-the-art closed-set TTA methods perform poorly when applied to open-set scenarios, which can be attributed to the inaccurate estimation of data distribution and model confidence. To address these issues, we propose a simple but effective framework called unified entropy optimization (UniEnt), which is capable of simultaneously adapting to covariate-shifted in-distribution (csID) data and detecting covariate-shifted out-of-distribution (csOOD) data. Specifically, UniEnt first mines pseudo-csID and pseudo-csOOD samples from test data, followed by entropy min-imization on the pseudo-csID data and entropy maximization on the pseudo-csOOD data. Furthermore, we introduce UniEnt+ to alleviate the noise caused by hard data partition leveraging sample-level confidence. Extensive experiments on CIFAR benchmarks and Tiny-ImageNet-C show the superiority of our framework. The code is available at https://github.com/gaozhengqing/UniEnt.",10.1109/CVPR52733.2024.02263,https://ieeexplore.ieee.org/stamp/stamp.jsp?arnumber=10655660,Test-Time Adaptation,3.0,yes,yes,no,no,no,yes
Uncertainty-aware Disentangled Dynamic Graph Attention Network for Out-of-Distribution Generalization,X. Wang; H. Li; Z. Zhang; H. Chen; T. Xiao; K. Li; W. Zhu,IEEE Transactions on Pattern Analysis and Machine Intelligence,2025,"Dynamic graph neural networks, i.e., DyGNNs, have been extensively explored in literature to handle structural and temporal properties in graphs. On the one hand, there naturally exist distribution shifts in real-world scenarios relevant to dynamic graphs. On the other hand, the dynamics may further bring extra uncertainties to patterns in dynamic graphs. However, existing DyGNNs merely exploit variant patterns with respect to labels under distribution shifts, failing to accurately make predictions when there exist distribution shifts together with uncertain patterns from training data to test data. To deal with this issue, in this paper we propose to handle spatio-temporal distribution shifts in dynamic graphs via the discovery and utilization of invariant patterns, taking uncertainties in patterns into account, where the invariant patterns include structures and features whose predictive abilities are stable across distribution shifts. Nevertheless, we face the following key challenges: i) How to discover the complex invariant and variant spatio-temporal patterns involving time-varying topological structures and node-level features; ii) How to utilize the invariant and variant patterns to deal with the spatio-temporal distribution shifts in dynamic graphs; iii) How to handle the pattern uncertainties upon capturing the hidden invariance and variance with a theoretical guarantee. To tackle these challenges, we propose the Information Bottleneck guided Disentangled Dynamic Graph ATtention network (IB-D2GAT). Our proposed IB-D2GAT model is able to effectively handle spatio-temporal distribution shifts with uncertainties in dynamic graphs through discovering variant and invariant spatio-temporal patterns via information bottleneck. Specifically, we propose a disentangled spatio-temporal attention network to capture the invariant and variant patterns. Next, guided by the information bottleneck principle, we propose the distribution-based invariance optimization strategy which injects stochasticity into the invariant pattern identification so as to prevent the variant information from influencing the prediction, thus eliminating the spurious impacts of variant patterns. We further theoretically show that our proposed tailored invariance optimization strategy can lead to accurately capturing the invariant patterns with stable predictive abilities and therefore is capable of handling distribution shifts. Experiments on multiple real-world datasets and one synthetic dataset demonstrate the superiority of our method over state-of-the-art baselines under distribution shifts.",10.1109/TPAMI.2025.3622503,https://ieeexplore.ieee.org/stamp/stamp.jsp?arnumber=11205292,Graph Neural Network;Dynamic Graph Neural Network;Out-Of-Distribution Generalization,,,removed,no,no,no,no
Uniform Priors for Data-Efficient Learning,S. Sinha; K. Roth; A. Goyal; M. Ghassemi; Z. Akata; H. Larochelle; A. Garg,2022 IEEE/CVF Conference on Computer Vision and Pattern Recognition Workshops (CVPRW),2022,"Few or zero-shot adaptation to novel tasks is important for the scalability and deployment of machine learning models. It is therefore crucial to find properties that encourage more transferable features in deep networks for generalization. In this paper, we show that models that learn uniformly distributed features from the training data, are able to perform better transfer learning at test-time. Motivated by this, we evaluate our method: uniformity regularization (UR) on its ability to facilitate adaptation to unseen tasks and data on six distinct domains: Few-Learning with Images, Few-shot Learning with Language, Deep Metric Learning, 0-Shot Domain Adaptation, Out-of-Distribution classification, and Neural Radiance Fields. Across all experiments, we show that using UR, we are able to learn robust vision systems which consistently offer benefits over baselines trained without uniformity regularization and are able to achieve state-of-the-art performance in Deep Metric Learning, Few-shot learning with images and language.",10.1109/CVPRW56347.2022.00447,https://ieeexplore.ieee.org/stamp/stamp.jsp?arnumber=9857327,,3.0,no,no,no,no,no,no
When Domain Generalization meets Generalized Category Discovery: An Adaptive Task-Arithmetic Driven Approach,V. Rathore; S. B; S. Dutta; S. Mehrotra; Z. Kira; B. Banerjee,2025 IEEE/CVF Conference on Computer Vision and Pattern Recognition (CVPR),2025,"Generalized Class Discovery (GCD) clusters base and novel classes in a target domain, using supervision from a source domain with only base classes. Current methods often falter with distribution shifts and typically require access to target data during training, which can sometimes be impractical. To address this issue, we introduce the novel paradigm of Domain Generalization in GCD (DG-GCD), where only source data is available for training, while the target domain—with a distinct data distribution—remains unseen until inference. To this end, our solution, DG2CD-Net, aims to construct a domain-independent, discriminative embedding space for GCD. The core innovation is an episodic training strategy that enhances cross-domain generalization by adapting a base model on tasks derived from source and synthetic domains generated by a foundation model. Each episode focuses on a cross-domain GCD task, diversifying task setups over episodes and combining openset domain adaptation with a novel margin loss and representation learning for optimizing the feature space progressively. To capture the effects of fine-tunings on the base model, we extend task arithmetic by adaptively weighting the local task vectors concerning the fine-tuned models based on their GCD performance on a validation distribution. This episodic update mechanism boosts the adaptability of the base model to unseen targets. Experiments across three datasets confirm that DG2CD-Net outperforms existing GCD methods customized for DG-GCD.",10.1109/CVPR52734.2025.00462,https://ieeexplore.ieee.org/stamp/stamp.jsp?arnumber=11093826,domain generalization;generalized category discovery;task arithmetic,,no,no,no,no,no,no
Uncertainty-based Meta-Reinforcement Learning for Robust Radar Tracking,J. Ott; L. Servadei; G. Mauro; T. Stadelmayer; A. Santra; R. Wille,2022 21st IEEE International Conference on Machine Learning and Applications (ICMLA),2022,"Nowadays, Deep Learning (DL) methods often overcome the limitations of traditional signal processing approaches. Nevertheless, DL methods are barely applied in real-life applications. This is mainly due to limited robustness and distributional shift between training and test data. To this end, recent work has proposed uncertainty mechanisms to increase their reliability. Besides, meta-learning aims at improving the generalization capability of DL models. By taking advantage of that, this paper proposes an uncertainty-based Meta-Reinforcement Learning (Meta-RL) approach with Out-of-Distribution (OOD) detection. The presented method performs a given task in unseen environments and provides information about its complexity. This is done by determining first and second-order statistics on the estimated reward. Using information about its complexity, the proposed algorithm is able to point out when tracking is reliable. To evaluate the proposed method, we benchmark it on a radar-tracking dataset. There, we show that our method outperforms related Meta-RL approaches on unseen tracking scenarios in peak performance by 16% and the baseline by 35% while detecting OOD data with an F1-Score of 72%. This shows that our method is robust to environmental changes and reliably detects OOD scenarios.",10.1109/ICMLA55696.2022.00232,https://ieeexplore.ieee.org/stamp/stamp.jsp?arnumber=10069113,Radar Sensors;Reinforcement Learning;Meta Learning;Out-of Distribution Detection,3.0,,removed,no,yes,no,yes
Zero-Shot Learning via Structure-Aligned Generative Adversarial Network,C. Tang; Z. He; Y. Li; J. Lv,IEEE Transactions on Neural Networks and Learning Systems,2022,"In this article, we propose a structure-aligned generative adversarial network framework to improve zero-shot learning (ZSL) by mitigating the semantic gap, domain shift, and hubness problem. The proposed framework contains two parts, i.e., a generative adversarial network with a softmax classifier part, and a structure-aligned part. In the first part, the generative adversarial network aims at generating pseudovisual features through the guiding generator and discriminator play the minimax two-player game together. At the same time, the softmax classifier is committed to increasing the interclass distance and reducing intraclass distance. Then, the harmful effect of domain shift and hubness problems can be mitigated. In another part, we introduce a structure-aligned module where the structural consistency between visual space and semantic space is learned. By aligning the structure between visual space and semantic space, the semantic gap between them can be bridged. The performance of classification is improved when the structure-aligned visual-semantic embedding space is transferred to the unseen classes. Our framework reformulates the ZSL as a standard fully supervised classification task using the pseudovisual features of unseen classes. Extensive experiments conducted on five benchmark data sets demonstrate that the proposed framework significantly outperforms state-of-the-art methods in both conventional and generalized settings.",10.1109/TNNLS.2021.3083367,https://ieeexplore.ieee.org/stamp/stamp.jsp?arnumber=9449653,Generative adversarial network;structure aligned;visual-semantic embedding;zero-shot learning (ZSL),29.0,no,no,no,no,no,no
Unsupervised Domain Adaptation for Remote Sensing Image Segmentation Based on Adversarial Learning and Self-Training,C. Liang; B. Cheng; B. Xiao; Y. Dong,IEEE Geoscience and Remote Sensing Letters,2023,"There is a large amount of out-of-distribution (OOD) data in remote sensing, which hinders high-accuracy segmentation models under the assumption of independent identical distribution (i.i.d.) from stable and reliable performance in real-world remote sensing applications. And domain adaptation (DA) is presented to seamlessly extend classifiers to the label-scarce target domain in the presence of the label-sufficient source domain with different data distributions. However, given that the domain shift, i.e., the distribution difference between the two domains, is more serious in remote sensing images, the current DA methods for image segmentation in computer vision (CV) typically perform unsatisfactorily in remote sensing, even suffering from the negative domain alignment. To this end, this letter proposes the self-training adversarial DA (STADA) method for remote sensing image segmentation, which not only performs adversarial learning to extract domain-invariant features but also implements self-training using pseudo-labels in the target domain denoised by the conditional adversarial loss for classifier adaptation. The International Society for Photogrammetry and Remote Sensing (ISPRS) and Wuhan University (WHU) datasets are employed to conduct extensive experiments to investigate the effectiveness of STADA and the specific effect of each DA component. And the experimental results demonstrate that STADA outperforms other state-of-the-art DA methods in the remote sensing image segmentation task.",10.1109/LGRS.2023.3278448,https://ieeexplore.ieee.org/stamp/stamp.jsp?arnumber=10130291,Adversarial learning;domain adaptation (DA);self-training;semantic segmentation,20.0,yes,moved,no,no,no,yes
Unsupervised Domain Adaptation to Mitigate Out-of-Distribution Problem of Spatial Radiometer Images: Application to Quantitative Precipitation Estimation,V. Sambath; N. Dubois-Quilici; N. Viltard; A. Martini; C. Mallet,IEEE Transactions on Geoscience and Remote Sensing,2024,"A major issue limiting the successful deployment of deep-learning algorithms in geophysical applications is their inability to generalize to new contexts. Regarding the quantitative precipitation estimation (QPE) from the Global Precipitation Measurement (GPM) satellite constellation, the GPM microwave imager (GMI) contains enough co-located brightness temperatures (TBs) and rain rates data to train a deep-learning inverse model to retrieve precipitation intensity. However, the difference in instrumental configurations makes it impossible to directly apply this inverse operator to another space-borne radiometric imager. A domain adaptation is thus necessary to solve the domain shift problem encountered when applying the model trained on one satellite to another satellite. The present article tests a method to map the SSMI/S data to the GMI data. In the absence of sufficient paired images between the two satellites, we applied a Cycle Consistent Generative Adversarial Network (CycleGAN), which allows for an Unsupervised Domain Adaptation approach. Evaluating the quality of adapted images is a complex problem. This article employs two tactics: a brief evaluation of adapted radiometric images and a qualitative/quantitative evaluation of rain retrieval. Over several case studies, the results show that the domain adaptation step produces adapted SSMI/S images that retain the majority of the rain structure. Next, the rain detection score and intensity bias are then compared using 847 overpasses. The same analysis is carried out over mainland France by comparing the results with rainfall products supplied by Météo-France. In both comparisons, the adapted images allow the inverse operator to provide a better score in rain detection and intensity.",10.1109/TGRS.2024.3403373,https://ieeexplore.ieee.org/stamp/stamp.jsp?arnumber=10535296,Passive microwave radiometer;precipitation estimation;satellite;unsupervised domain adaptation,,yes,moved,no,no,no,no
Unsupervised Generative Approach for Anomaly Detection to Enhance the Quality of Unseen Medical Datasets,Z. Zhang; B. Patel; B. Patel; I. Banerjee,2025 IEEE/CVF Winter Conference on Applications of Computer Vision Workshops (WACVW),2025,"Out-of-distribution (OOD) and anomaly detection are critical for reducing noise and improving the generalization of AI models in breast cancer screening, especially when handling unseen private data. Given the challenge of limited prior knowledge about OOD samples in external unseen datasets, unsupervised generative learning is a preferable solution which trains the model to discern the normal characteristics of in-distribution (ID) data. The hypothesis is that during inference, the model aims to reconstruct ID samples accurately, while OOD samples exhibit poorer reconstruction due to their divergence from normality. In-spired by state-of-the-art (SOTA) hybrid architectures combining CNNs and transformers, we developed a novel back-bone - HAND (Hybrid ANomaly Detection), for detecting OOD from digital mammogram studies. To boost learning efficiency, we incorporated synthetic OOD samples and a parallel discriminator in the latent space to distinguish between ID and OOD samples. Gradient reversal to the OOD reconstruction loss penalizes the model for learning OOD reconstructions. An anomaly score is computed by weighting the reconstruction and the discriminator loss. On internal held-out test and external dataset, the proposed HAND model outperformed encoder-based and GAN-based baselines, and interestingly, it also outperformed the hybrid CNN+transformer baselines. Proposed HAND pipeline of-fers an automated and efficient computational solution for domain-specific quality checks in external screening mam-mograms, yielding actionable insights without direct exposure to private medical imaging data.",10.1109/WACVW65960.2025.00035,https://ieeexplore.ieee.org/stamp/stamp.jsp?arnumber=10972573,ood detection;cnn+tranformer;unsupervised learning,,yes,moved,no,yes,no,no
W-DOE: Wasserstein Distribution-Agnostic Outlier Exposure,Q. Wang; B. Han; Y. Liu; C. Gong; T. Liu; J. Liu,IEEE Transactions on Pattern Analysis and Machine Intelligence,2025,"In open-world environments, classification models should be adept at identifying out-of-distribution (OOD) data whose semantics differ from in-distribution (ID) data, leading to the emerging research in OOD detection. As a promising learning scheme, outlier exposure (OE) enables the models to learn from auxiliary OOD data, enhancing model representations in discerning between ID and OOD patterns. However, these auxiliary OOD data often do not fully represent real OOD scenarios, potentially biasing our models in practical OOD detection. Hence, we propose a novel OE-based learning method termed Wasserstein Distribution-agnostic Outlier Exposure (W-DOE), which is both theoretically sound and experimentally superior to previous works. The intuition is that by expanding the coverage of training-time OOD data, the models will encounter fewer unseen OOD cases upon deployment. In W-DOE, we achieve additional OOD data to enlarge the OOD coverage, based on a new data synthesis approach called implicit data synthesis (IDS). It is driven by our new insight that perturbing model parameters can lead to implicit data transformation, which is simple to implement yet effective to realize. Furthermore, we suggest a general learning framework to search for the synthesized OOD data that can benefit the models most, ensuring the OOD performance for the enlarged OOD coverage measured by the Wasserstein metric. Our approach comes with provable guarantees for open-world settings, demonstrating that broader OOD coverage ensures reduced estimation errors and thereby improved generalization for real OOD cases. We conduct extensive experiments across a series of representative OOD detection setups, further validating the superiority of W-DOE against state-of-the-art counterparts in the field.",10.1109/TPAMI.2025.3531000,https://ieeexplore.ieee.org/stamp/stamp.jsp?arnumber=10844561,Out-of-distribution detection;reliable machine learning;open-set learning,,yes,moved,no,yes,no,yes
Test-Time Adaptation Improves Inverse Problem Solving With Patch-Based Diffusion Models,J. Hu; B. Song; J. A. Fessler; L. Shen,IEEE Transactions on Computational Imaging,2025,"Diffusion models have achieved excellent success in solving inverse problems due to their ability to learn strong image priors, but existing approaches require a large training dataset of images that should come from the same distribution as the test dataset. In practice, the size of the available training dataset can range from nonexistent to very large. In some cases, conventional diffusion model training from limited data can lead to poor reconstruction results due to poorly learned priors. One potential improvement is to start with a diffusion model trained from available training data having a possibly mismatched distribution, and then refine the network at reconstruction time to account for the distribution mismatch. In this work, we investigate the effect of this network refining process on diffusion models trained from varying degrees of out-of-distribution data. Specifically, we use a self-supervised loss to adapt the learned diffusion network to the testing data while helping the network output maintain consistency with the measurements. We show that, both theoretically and experimentally, test-time adaptation of a patch-based diffusion prior leads to higher quality reconstructions than test-time refinement of traditional whole-image diffusion models. Extensive experiments show that across a wide range of inverse problems, test-time adaptation significantly improves image reconstruction quality when there are significant domain shifts between training and testing distributions. Interestingly, even for the in-distribution case, test-time adaptation also significantly improves reconstruction quality.",10.1109/TCI.2025.3587407,https://ieeexplore.ieee.org/stamp/stamp.jsp?arnumber=11074715,Deep learning;diffusion models;image processing;inverse problems,,,removed,no,no,no,yes
WDiscOOD: Out-of-Distribution Detection via Whitened Linear Discriminant Analysis,Y. Chen; Y. Lin; R. Xu; P. A. Vela,2023 IEEE/CVF International Conference on Computer Vision (ICCV),2023,"Deep neural networks are susceptible to generating overconfident yet erroneous predictions when presented with data beyond known concepts. This challenge underscores the importance of detecting out-of-distribution (OOD) samples in the open world. In this work, we propose a novel feature-space OOD detection score based on class-specific and class-agnostic information. Specifically, the approach utilizes Whitened Linear Discriminant Analysis to project features into two subspaces the discriminative and residual subspaces - for which the in-distribution (ID) classes are maximally separated and closely clustered, respectively. The OOD score is then determined by combining the deviation from the input data to the ID pattern in both subspaces. The efficacy of our method, named WDiscOOD, is verified on the large-scale ImageNet-1k benchmark, with six OOD datasets that cover a variety of distribution shifts. WDiscOOD demonstrates superior performance on deep classifiers with diverse backbone architectures, including CNN and vision transformer. Furthermore, we also show that WDiscOOD more effectively detects novel concepts in representation spaces trained with contrastive objectives, including supervised contrastive loss and multi-modality contrastive loss.",10.1109/ICCV51070.2023.00488,https://ieeexplore.ieee.org/stamp/stamp.jsp?arnumber=10376635,,1.0,yes,moved,no,no,no,yes
Responsible and Regulatory Conform Machine Learning for Medicine: A Survey of Challenges and Solutions,E. Petersen; Y. Potdevin; E. Mohammadi; S. Zidowitz; S. Breyer; D. Nowotka; S. Henn; L. Pechmann; M. Leucker; P. Rostalski; C. Herzog,IEEE Access,2022,"Machine learning is expected to fuel significant improvements in medical care. To ensure that fundamental principles such as beneficence, respect for human autonomy, prevention of harm, justice, privacy, and transparency are respected, medical machine learning systems must be developed responsibly. Many high-level declarations of ethical principles have been put forth for this purpose, but there is a severe lack of technical guidelines explicating the practical consequences for medical machine learning. Similarly, there is currently considerable uncertainty regarding the exact regulatory requirements placed upon medical machine learning systems. This survey provides an overview of the technical and procedural challenges involved in creating medical machine learning systems responsibly and in conformity with existing regulations, as well as possible solutions to address these challenges. First, a brief review of existing regulations affecting medical machine learning is provided, showing that properties such as safety, robustness, reliability, privacy, security, transparency, explainability, and nondiscrimination are all demanded already by existing law and regulations—albeit, in many cases, to an uncertain degree. Next, the key technical obstacles to achieving these desirable properties are discussed, as well as important techniques to overcome these obstacles in the medical context. We notice that distribution shift, spurious correlations, model underspecification, uncertainty quantification, and data scarcity represent severe challenges in the medical context. Promising solution approaches include the use of large and representative datasets and federated learning as a means to that end, the careful exploitation of domain knowledge, the use of inherently transparent models, comprehensive out-of-distribution model testing and verification, as well as algorithmic impact assessments.",10.1109/ACCESS.2022.3178382,https://ieeexplore.ieee.org/stamp/stamp.jsp?arnumber=9783196,Algorithmic fairness;ethical machine learning;explainability;medical device regulation;medical machine learning;privacy;reliability;robustness;safety;security;transparency,42.0,,removed,no,no,no,yes
Universal Blind-Denoising Method of Radar Spectrograms for Unknown Noise Distribution,B. Li; W. Ye; Y. Yang; T. Dong; X. Wang; Y. Lang,IEEE Sensors Journal,2024,"Human target detection and perception technology has numerous potential applications, including autonomous driving, biometric recognition, and anomaly detection. The distinctive advantages of radar sensors include their ability to function normally in a wide range of lighting and weather conditions, their low energy consumption, and their capacity to protect personal privacy. In recent years, they have become an important research topic in human target detection and perception technology. Due to the interference of channel clutter and environmental noise in the received radar echo signal in practical applications, it is necessary to design denoising models or methods to suppress clutter and noise in the radar spectrograms in order to prevent its impact on subsequent human target perception and detection tasks. Due to the high cost of obtaining measured radar spectrograms, we propose using simulated radar spectrograms as training data and measured radar spectrograms as testing data to develop a universal blind-denoising model. We design data augmentation methods and optimization strategies based on the characteristics of the measured radar echo signals to improve the model’s generalization performance on out-of-distribution data and solve the problem of domain shift. In addition, we evaluate the denoising effect of the proposed model using six objective image quality evaluation metrics. The experimental results demonstrate that the proposed denoising model outperforms all comparison methods in nearly all metrics, proving its superiority in solving the problem of universal blind denoising for radar spectrograms.",10.1109/JSEN.2024.3408927,https://ieeexplore.ieee.org/stamp/stamp.jsp?arnumber=10552638,Doppler signatures;radar spectrograms;universal blind denoising;unknown noise distribution,2.0,,removed,no,no,no,yes
Robust Category-Level 3D Pose Estimation from Diffusion-Enhanced Synthetic Data,J. Yang; W. Ma; A. Wang; X. Yuan; A. Yuille; A. Kortylewski,2024 IEEE/CVF Winter Conference on Applications of Computer Vision (WACV),2024,"Obtaining accurate 3D object poses is vital for numerous computer vision applications, such as 3D reconstruction and scene understanding. However, annotating real-world objects is time-consuming and challenging. While synthetically generated training data is a viable alternative, the domain shift between real and synthetic data is a significant challenge. In this work, we aim to narrow the performance gap between models trained on synthetic data and fully supervised models trained on a large amount of real data. We achieve this by approaching the problem from two perspectives: 1) We introduce P3D-Diffusion, a new synthetic dataset with accurate 3D annotations generated with a graphics-guided diffusion model. 2) We propose Cross-domain 3D Consistency, CC3D, for unsupervised domain adaptation of neural mesh models. In particular, we exploit the spatial relationships between features on the mesh surface and a contrastive learning scheme to guide the domain adaptation process. Combined, these two approaches enable our models to perform competitively with state-of-the-art models using only 10% of the respective real training images, while outperforming the SOTA model by a wide margin using only 50% of the real training data. By encouraging the diversity of synthetic data and generating the images with an OOD-aware manner, our model further demonstrates robust generalization to out-of-distribution scenarios despite being trained with minimal real data. The code is available at https://github.com/YangYY06/synthetic_3d.",10.1109/WACV57701.2024.00341,https://ieeexplore.ieee.org/stamp/stamp.jsp?arnumber=10484073,Algorithms;3D computer vision;Algorithms;Image recognition and understanding,1.0,,removed,no,no,no,yes
Utilizing Confidence in Localization Predictions for Improved Spectrum Management,F. Mitchell; J. Wang; A. Bhaskara; S. K. Kasera,2024 IEEE International Symposium on Dynamic Spectrum Access Networks (DySPAN),2024,"Transmitter localization is an important component of next-gen spectrum sharing and management systems. Recently, machine learning (ML) methods have shown promising results for localization in complex environments. However, existing ML models have significant limitations, such as the need for careful parameter tuning and the lack of accuracy on out-of-distribution (OOD) examples. Moreover, current ML models do not typically provide a “confidence” in their prediction. In this work, we propose a new training procedure based on the Earth Mover’s Distance (EMD) that improves on these limitations. The method improves OOD accuracy by up to $22 \%$ while providing more interpretable results. The EMD-trained model also produces a confidence score, which can be used to identify high-error and OOD examples. We demonstrate how model confidence serves as a guide for hybrid localization models. This includes selecting the most reliable prediction from multiple models based on confidence values or resorting to a fallback path loss technique in cases of low confidence. Our work establishes the importance of model confidence in improving the accuracy of localization and as a mechanism for effective decision making in localization applications.",10.1109/DySPAN60163.2024.10632736,https://ieeexplore.ieee.org/stamp/stamp.jsp?arnumber=10632736,transmitter localization;uncertainty;model robustness;spectrum management,1.0,,removed,no,no,no,no
"Validate on Sim, Detect on Real - Model Selection for Domain Randomization",G. Leibovich; G. Jacob; S. Endrawis; G. Novik; A. Tamar,2022 International Conference on Robotics and Automation (ICRA),2022,"A practical approach to learning robot skills, often termed sim2real, is to train control policies in simulation and then deploy them on a real robot. Popular sim2real techniques build on domain randomization (DR) - training the policy on diverse randomly generated domains for better generalization to the real world. Due to the large number of hyper-parameters in both the policy learning and DR algorithms, one often ends up with a large number of trained policies, where choosing the best policy among them demands costly evaluation on the real robot. In this work we ask - can we rank the policies without running them in the real world? Our main idea is that a predefined set of real world data can be used to evaluate all policies, using out-of-distribution detection (OOD) techniques. In a sense, this approach can be seen as a ‘unit test’ to evaluate policies before any real world execution. However, we find that by itself, the OOD score can be inaccurate and very sensitive to the particular OOD method. Our main contribution is a simple-yet-effective policy score that combines OOD with an evaluation in simulation. We show that our score - VSDR - can significantly improve the accuracy of policy ranking without requiring additional real world data. We evaluate the effectiveness of VSDR on sim2real transfer in a robotic grasping task with image inputs. We extensively evaluate different DR parameters and OOD methods, and show that VSDR improves policy selection across the board. More importantly, our method achieves significantly better ranking, and uses significantly less data compared to baselines. Project website is at https://sites.google.com/view/vsdr/home",10.1109/ICRA46639.2022.9811621,https://ieeexplore.ieee.org/stamp/stamp.jsp?arnumber=9811621,,2.0,,removed,no,yes,no,yes
Vicinal Gaussian Transform: Rethinking Source-Free Domain Adaptation through Source-Informed Label Consistency,J. Wang; Y. Xu; J. Tang; Z. Gong; B. Tao; C. W. de Silva; X. Bai,IEEE Transactions on Pattern Analysis and Machine Intelligence,2025,"A central challenge in source-free domain adaptation (SFDA) is the lack of a theoretical framework for explicitly analyzing domain shifts, as the absence of source data prevents direct domain comparisons. In this paper, we introduce the Vicinal Gaussian Transform (VGT), an analytical operator that models source-informed latent vicinities as Gaussians and shows that vicinal prediction divergence is bounded by their covariance. By this formulation, SFDA can be reframed as shrinking covariance to reinforce label consistency. To operationalize this idea, we introduce the Energy-based VGT (EBVGT), a novel SDE that realizes the Gaussian transform by contracting covariance through a denoising mechanism. A recovery-likelihood with a Schr¨ odinger-Bridge smoothness penalty denoises perturbed states, while a BYOL-derived energy function, directly obtained from model predictions, provides the score to guide label consistent trajectories within the vicinity. This design not only yields noise-suppressed vicinal features for adaptation without source data, but also eliminates the need for additional learnable parameters for score estimation, in contrast to conventional deep SDEs. Our EBVGT is model- and modality-agnostic, efficient for classification, and improves state-of-the-art SFDA methods by 1.3–3.0% (2.0% on average) across both 2D image and 3D point cloud benchmarks.",10.1109/TPAMI.2025.3621631,https://ieeexplore.ieee.org/stamp/stamp.jsp?arnumber=11203869,Source-Free Domain Adaptation;Energy-Based Model;Latent Diffusion Model;Consistency Model,,,removed,no,no,no,no
Visual Anomaly Detection Through the Joint Entropy-Energy Optimization for High-Speed Railway Traction Substation,P. Hong; W. Quan; Z. Chen; X. Liu; S. Gao,IEEE Transactions on Instrumentation and Measurement,2025,"High-speed railway traction substations are critical facilities in high-speed rail systems, responsible for providing stable electric power to high-speed trains through the power supply system. However, anomalies endangering the traction substation occur from time to time. Only by detecting anomalies promptly, timely and targeted countermeasures can be adopted. Therefore, the timely detection of anomalies is essential for the safe operation of traction substations. Existing methods can only detect known anomalies; however, anomaly types are diverse, and abnormal data is difficult to collect, resulting in high uncertainty of anomalies. To address the issue of anomaly uncertainty in visual anomaly monitoring of traction substations, this article proposes an anomaly detection method based on out-of-distribution (OOD) detection through joint entropy-energy optimization. Specifically, we construct an anomaly scoring network (AS-Net) to jointly model semantic, entropy, and energy feature spaces. This allows for a more effective characterization of data distributions and differentiation between in-distribution normal data and OOD anomalies. We further construct the hybrid feature anomaly detection network (HFAD-Net) to fuse information from different perspectives of the AS-Net and detect anomalies. Experimental results on the traction substation dataset demonstrate that the proposed method can improve anomaly detection performance, with the AP increased by 30.81% and FPR95 reduced by 27.69% on average compared to other training methods. The final anomaly detection AP reaches 61.67%, surpassing multiple comparison methods. We also validated the generalizability and effectiveness of the proposed method on three benchmark datasets. Overall, this article provides an efficient and accurate anomaly monitoring method for traction substations.",10.1109/TIM.2025.3554319,https://ieeexplore.ieee.org/stamp/stamp.jsp?arnumber=10938299,Anomaly detection;high-speed railway traction substation;out of distribution (OOD),,,removed,no,no,no,no
Robust Learning Through Cross-Task Consistency,A. R. Zamir; A. Sax; N. Cheerla; R. Suri; Z. Cao; J. Malik; L. J. Guibas,2020 IEEE/CVF Conference on Computer Vision and Pattern Recognition (CVPR),2020,"Visual perception entails solving a wide set of tasks (e.g., object detection, depth estimation, etc). The predictions made for different tasks out of one image are not independent, and therefore, are expected to be 'consistent'. We propose a flexible and fully computational framework for learning while enforcing Cross-Task Consistency (X-TAC). The proposed formulation is based on 'inference path invariance' over an arbitrary graph of prediction domains. We observe that learning with cross-task consistency leads to more accurate predictions, better generalization to out-of-distribution samples, and improved sample efficiency. This framework also leads to a powerful unsupervised quantity, called 'Consistency Energy, based on measuring the intrinsic consistency of the system. Consistency Energy well correlates with the supervised error (r=0.67), thus it can be employed as an unsupervised robustness metric as well as for detection of out-of-distribution inputs (AUC=0.99). The evaluations were performed on multiple datasets, including Taskonomy, Replica, CocoDoom, and ApolloScape.",10.1109/CVPR42600.2020.01121,https://ieeexplore.ieee.org/stamp/stamp.jsp?arnumber=9156702,,97.0,,removed,no,no,no,no
Towards Robust and Adaptive Motion Forecasting: A Causal Representation Perspective,Y. Liu; R. Cadei; J. Schweizer; S. Bahmani; A. Alahi,2022 IEEE/CVF Conference on Computer Vision and Pattern Recognition (CVPR),2022,"Learning behavioral patterns from observational data has been a de-facto approach to motion forecasting. Yet, the current paradigm suffers from two shortcomings: brittle under distribution shifts and inefficient for knowledge transfer. In this work, we propose to address these challenges from a causal representation perspective. We first introduce a causal formalism of motion forecasting, which casts the problem as a dynamic process with three groups of latent variables, namely invariant variables, style confounders, and spurious features. We then introduce a learning framework that treats each group separately: (i) unlike the common practice mixing datasets collected from different locations, we exploit their subtle distinctions by means of an invariance loss encouraging the model to suppress spurious correlations; (ii) we devise a modular architecture that factorizes the representations of invariant mechanisms and style confounders to approximate a sparse causal graph; (iii) we introduce a style contrastive loss that not only enforces the structure of style representations but also serves as a self-supervisory signal for test-time refinement on the fly. Experiments on synthetic and real datasets show that our proposed method improves the robustness and reusability of learned motion representations, significantly outperforming prior state-of-the-art motion forecasting models for out-of-distribution generalization and low-shot transfer.",10.1109/CVPR52688.2022.01657,https://ieeexplore.ieee.org/stamp/stamp.jsp?arnumber=9879717,Navigation and autonomous driving; Representation learning,32.0,,removed,no,no,no,yes
SiMOOD: Evolutionary Testing Simulation With Out-Of-Distribution Images,R. Sena Ferreira; J. Guerin; J. Guiochet; H. Waeselynck,2022 IEEE 27th Pacific Rim International Symposium on Dependable Computing (PRDC),2022,"Testing perception functions for safety-critical autonomous systems is a crucial task. The reason is that accurate machine learning (ML) models applied in computer vision tasks still fail in scenarios where humans perform well. Out-of-distribution (OOD) images are usually a source of such failures. For this reason, literature usually applies data augmentation techniques or runtime monitors such as OOD detectors to increase robustness. Evaluating such solutions is usually performed by analyzing metrics based on positive and negative rates over a dataset containing several perturbations. However, using such metrics on such datasets can be misleading since not all OOD data lead to failures in the perception system. Hence, testing a perception system cannot be reduced to measuring ML performances on a dataset but rely on the images captured by the system at runtime. However, the amount of time spent to generate diverse test cases during a simulation of perception components can grow quickly since it is a combinatorial optimization problem. Aiming to provide a solution for this challenging task, we present SiMOOD, an evolutionary simulation testing of safety-critical perception systems, which comes integrated into the CARLA simulator. Unlike related works that simulate scenarios that raise failures for control or specific perception problems such as adversarial and novelty, we provide an approach that finds the most relevant OOD perturbations that can lead to hazards in safety-critical perception systems. Moreover, our approach can decrease, at least ten times, the amount of time to find a set of hazards in safety-critical scenarios such as autonomous emergency braking system simulation. Besides, code is publicly available for use.",10.1109/PRDC55274.2022.00021,https://ieeexplore.ieee.org/stamp/stamp.jsp?arnumber=10027813,Testing;Genetic Algorithm;Out-Of-Distribution;Simulation;Computer Vision,3.0,,removed,no,no,no,no
You Never Walk Alone: A Generalizable and Nonparametric Structure Learning Framework,J. Zhang; X. Wang; S. Chen,IEEE Transactions on Neural Networks and Learning Systems,2025,"The graph-structured learning (GSL) aims to assist graph neural networks (GNNs) to yield effective node embeddings for downstream tasks, especially in scenarios with the absence of structures or the existence of unreliable edges. Most GSL models are built on i.i.d. assumption across training and testing data. However, this assumption can be violated, where testing data contain out-of-distribution (OOD) samples. Consequently, those models are limited in generalization, which will lead to a poor structure. On the other hand, while they have made great progress, additional optimized parameters are required due to their implementation with parametric models. To tackle the above problems, we propose a novel generalizable and nonparametric structure learning framework named GNS, which can be easily and effectively applied to various tasks. GNS neither relies on i.i.d. assumption nor even involves any parameters being optimized, instead to find an appropriate similarity between nodes and an associated threshold to establish desirable structures. Specifically, we first incorporate the candidate neighbor distributions for nodes to refine the similarity. Then, we introduce an adaptive threshold discovery method inspired by Fisher’s criterion to determine final structures. Extensive experiments demonstrate that GNS excels not only in OOD scenarios but also in the general classification and regression prediction tasks.",10.1109/TNNLS.2025.3580101,https://ieeexplore.ieee.org/stamp/stamp.jsp?arnumber=11048707,Graph neural networks (GNNs);graph-structured learning (GSL);out-of-distribution (OOD) detection;representation learning,,,removed,no,yes,no,no
Uncertainty-Aware Adaptation for Self-Supervised 3D Human Pose Estimation,J. N. Kundu; S. Seth; P. YM; V. Jampani; A. Chakraborty; R. V. Babu,2022 IEEE/CVF Conference on Computer Vision and Pattern Recognition (CVPR),2022,"The advances in monocular 3D human pose estimation are dominated by supervised techniques that require large-scale 2D/3D pose annotations. Such methods often behave erratically in the absence of any provision to discard unfamiliar out-of-distribution data. To this end, we cast the 3D human pose learning as an unsupervised domain adaptation problem. We introduce MRP-Net11Project page: https://sites.google.com/view/mrp-net that constitutes a common deep network backbone with two output heads subscribing to two diverse configurations; a) model-free Joint localization and b) model-based parametric regression. Such a design allows us to derive suitable measures to quantify prediction uncertainty at both pose and Joint level granularity. While supervising only on labeled synthetic samples, the adaptation process aims to minimize the uncertainty for the unlabeled target images while maximizing the same for an extreme out-of-distribution dataset (backgrounds). Alongside synthetic-to-real 3D pose adaptation, the Joint-uncertainties allow expanding the adaptation to work on in-the-wild images even in the presence of occlusion and truncation scenarios. We present a comprehensive evaluation of the proposed approach and demonstrate state-of-the-art performance on benchmark datasets.",10.1109/CVPR52688.2022.01980,https://ieeexplore.ieee.org/stamp/stamp.jsp?arnumber=9878469,Face and gestures; Self-& semi-& meta- & unsupervised learning,28.0,,removed,no,no,no,no
,,,,,,,,,,,,,,
,,,,,,,,,,,,,,
TOTAL,,,,,,,,,,,,,,
456,TOTAL,,,,,,,,,231,1,55,1,207
DEJADOS 31,456,,,,,,,,,43,,,,
leidos,,,,,,,,,208,15,223,reps,20,