Title,Publication Title,DOI,Authors,Year,Link,Type,read,Repeated,ACM,SCOPUS,IEEE,WOS
“It Looks All the&#xa0;Same to&#xa0;Me”: Cross-Index Training for&#xa0;Long-Term Financial Series Prediction,"Machine Learning, Optimization, and Data Science",10.1007/978-3-031-53969-5_26,Stanislav Selitskiy,2024,https://link.springer.com/chapter/10.1007/978-3-031-53969-5_26,Conference paper,,removed,no,no,no,no
<i>GPSP-CLIP</i>: learning generic pseudo-state prompts for flexible zero-shot anomaly detection,Applied Intelligence,10.1007/s10489-025-06843-1,Weiyu HuShubo ZhouYongbin GaoXue-Qin Jiang,2025,https://link.springer.com/article/10.1007/s10489-025-06843-1,Article,,removed,no,no,no,no
<i>UTransBPNet</i> for cuffless and calibration-free blood pressure estimation under dynamic conditions,Scientific Reports,10.1038/s41598-025-02963-3,Yali ZhengHongda HuangJiasheng GaoJingyuan HongShenghao WuYuanting ZhangQing Liu,2025,https://link.springer.com/article/10.1038/s41598-025-02963-3,Article,,removed,no,no,no,no
2D-Variation convolution-based generative adversarial network for unsupervised time series anomaly detection: a MSTL enhanced data preprocessing approach,Applied Intelligence,10.1007/s10489-025-06469-3,Qingdong WangLei ZouWeibo Liu,2025,https://link.springer.com/article/10.1007/s10489-025-06469-3,Article,,removed,no,no,no,no
36th European Congress of Pathology – Abstracts,Virchows Archiv,10.1007/s00428-024-03880-y,,2024,https://link.springer.com/article/10.1007/s00428-024-03880-y,Article,,removed,no,no,no,no
A Brief Review of Domain Adaptation,Advances in Data Science and Information Engineering,10.1007/978-3-030-71704-9_65,Abolfazl FarahaniSahar VoghoeiKhaled RasheedHamid R. Arabnia,2021,https://link.springer.com/chapter/10.1007/978-3-030-71704-9_65,Conference paper,yes,moved,no,no,no,no
A bias extraction and penalty method for robust visual question answering,Applied Intelligence,10.1007/s10489-025-06962-9,Lixia ZhangBingqian HuangZichao PangYun Liang,2025,https://link.springer.com/article/10.1007/s10489-025-06962-9,Article,,removed,no,no,no,no
A Broad Study of Pre-training for Domain Generalization and Adaptation,Computer Vision – ECCV 2022,10.1007/978-3-031-19827-4_36,Donghyun KimKaihong WangStan SclaroffKate Saenko,2022,https://link.springer.com/chapter/10.1007/978-3-031-19827-4_36,Conference paper,yes,moved,no,no,no,no
A class-aware multi-stage UDA framework for prostate zonal segmentation,Multimedia Tools and Applications,10.1007/s11042-023-18095-7,Zibo MaYue MiBo ZhangZheng ZhangYu BaiJingyun WuHaiwen HuangWendong Wang,2024,https://link.springer.com/article/10.1007/s11042-023-18095-7,Article,yes,moved,no,no,no,no
A calibration framework toward model generalization for bacteria concentration estimation in water resource recovery facilities,Scientific Reports,10.1038/s41598-024-82598-y,Fahad AljehaniIbrahima N’DoyePei-Ying HongMohammad Khalil MonjedTaous-Meriem Laleg-Kirati,2024,https://link.springer.com/article/10.1038/s41598-024-82598-y,Article,,removed,no,no,no,no
A Closer Look at Benchmarking Self-supervised Pre-training with Image Classification,International Journal of Computer Vision,10.1007/s11263-025-02402-w,Markus MarksManuel KnottNeehar KondapaneniElijah ColeThijs DefraeyeFernando Perez-CruzPietro Perona,2025,https://link.springer.com/article/10.1007/s11263-025-02402-w,Article,yes,moved,no,no,no,no
A Comparison of Covariate Shift Detection Methods on Medical Datasets,Computer Aided Systems Theory – EUROCAST 2022,10.1007/978-3-031-25312-6_57,Stephan Dreiseitl,2022,https://link.springer.com/chapter/10.1007/978-3-031-25312-6_57,Conference paper,yes,moved,no,no,no,no
A Comparison of&#xa0;Monitoring Techniques for&#xa0;Deep Neural Networks,Bridging the Gap Between AI and Reality,10.1007/978-3-031-75434-0_13,Ezio BartocciWasim Essbai,2025,https://link.springer.com/chapter/10.1007/978-3-031-75434-0_13,Conference paper,yes,moved,no,no,no,no
"A comparative deep learning framework for grape leaf disease classification using EfficientNetB0, InceptionV3, and Xception",Discover Applied Sciences,10.1007/s42452-025-07457-5,Midhun P. Mathew,2025,https://link.springer.com/article/10.1007/s42452-025-07457-5,Article,,removed,no,no,no,no
A Comprehensive Study on Robustness of Image Classification Models: Benchmarking and Rethinking,International Journal of Computer Vision,10.1007/s11263-024-02196-3,Chang LiuYinpeng DongWenzhao XiangXiao YangHang SuJun ZhuYuefeng ChenYuan HeHui XueShibao Zheng,2024,https://link.springer.com/article/10.1007/s11263-024-02196-3,Article,yes,moved,no,no,no,yes
A Comprehensive Survey on Test-Time Adaptation Under Distribution Shifts,International Journal of Computer Vision,10.1007/s11263-024-02181-w,Jian LiangRan HeTieniu Tan,2024,https://link.springer.com/article/10.1007/s11263-024-02181-w,Article,yes,moved,yes,no,no,no
A comprehensive analysis of perturbation methods in explainable AI feature attribution validation for neural time series classifiers,Scientific Reports,10.1038/s41598-025-09538-2,Ilija ŠimićEduardo VeasVedran Sabol,2025,https://link.springer.com/article/10.1038/s41598-025-09538-2,Article,,removed,no,no,no,no
"A comprehensive review of digital twin—part 2: roles of uncertainty quantification and optimization, a battery digital twin, and perspectives",Structural and Multidisciplinary Optimization,10.1007/s00158-022-03410-x,Adam ThelenXiaoge ZhangOlga FinkYan LuSayan GhoshByeng D. YounMichael D. ToddSankaran MahadevanChao HuZhen Hu,2022,https://link.springer.com/article/10.1007/s00158-022-03410-x,Article,,removed,no,no,no,no
A comprehensive review of digital twin&#xa0;—&#xa0;part 1: modeling and twinning enabling technologies,Structural and Multidisciplinary Optimization,10.1007/s00158-022-03425-4,Adam ThelenXiaoge ZhangOlga FinkYan LuSayan GhoshByeng D. YounMichael D. ToddSankaran MahadevanChao HuZhen Hu,2022,https://link.springer.com/article/10.1007/s00158-022-03425-4,Article,,removed,no,no,no,no
A Deep Ensemble Approach for Lung Disease Classification in Chest X-Ray Across Data Distribution Shifts and Unseen Data Generalization,SN Computer Science,10.1007/s42979-024-03164-x,Jutika BorahHidam Kumarjit SinghKumaresh Sarmah,2024,https://link.springer.com/article/10.1007/s42979-024-03164-x,Article,yes,yes,yes,no,no,no
"A comprehensive survey of federated transfer learning: challenges, methods and applications",Frontiers of Computer Science,10.1007/s11704-024-40065-x,Wei GuoFuzhen ZhuangXiao ZhangYiqi TongJin Dong,2024,https://link.springer.com/article/10.1007/s11704-024-40065-x,Article,,removed,no,no,no,no
A deep learning system for prostate cancer diagnosis and grading in whole slide images of core needle biopsies,Scientific Reports,10.1038/s41598-022-07217-0,Nitin SinghalShailesh SoniSaikiran BonthuNilanjan ChattopadhyayPranab SamantaUttara JoshiAmit JojeraTaher ChharchhodawalaAnkur AgarwalMahesh DesaiArvind Ganpule,2022,https://link.springer.com/article/10.1038/s41598-022-07217-0,Article,yes,moved,no,no,no,no
"A Comprehensive Survey on Trustworthy Graph Neural Networks: Privacy, Robustness, Fairness, and Explainability",Machine Intelligence Research,10.1007/s11633-024-1510-8,Enyan DaiTianxiang ZhaoHuaisheng ZhuJunjie XuZhimeng GuoHui LiuJiliang TangSuhang Wang,2024,https://link.springer.com/article/10.1007/s11633-024-1510-8,Article,,removed,no,no,no,no
A contemporary survey on image reconstruction with unsupervised deep learning: from denoising to generation,Visual Intelligence,10.1007/s44267-025-00092-z,Duoduo XueWenrui DaiZiyang ZhengJunni ZouHongkai Xiong,2025,https://link.springer.com/article/10.1007/s44267-025-00092-z,Article,,removed,no,no,no,no
A context-aware deconfounding autoencoder for robust prediction of personalized clinical drug response from cell-line compound screening,Nature Machine Intelligence,10.1038/s42256-022-00541-0,Di HeQiao LiuYou WuLei Xie,2022,https://link.springer.com/article/10.1038/s42256-022-00541-0,Article,,removed,no,no,no,yes
A continual active learning approach to adapt neural networks to distribution shifts in quality monitoring applications,The International Journal of Advanced Manufacturing Technology,10.1007/s00170-025-15786-3,Johannes C. BauerStephan TrattnigPaul GengTim RaffinRüdiger Daub,2025,https://link.springer.com/article/10.1007/s00170-025-15786-3,Article,,removed,no,no,no,no
A critical examination of robustness and generalizability of machine learning prediction of materials properties,npj Computational Materials,10.1038/s41524-023-01012-9,Kangming LiBrian DeCostKamal ChoudharyMichael GreenwoodJason Hattrick-Simpers,2023,https://link.springer.com/article/10.1038/s41524-023-01012-9,Article,,removed,no,no,no,yes
A Critical Review on Segmentation of Glioma Brain Tumor and Prediction of Overall Survival,Archives of Computational Methods in Engineering,10.1007/s11831-024-10188-2,Novsheena RasoolJavaid Iqbal Bhat,2024,https://link.springer.com/article/10.1007/s11831-024-10188-2,Article,,removed,no,no,no,no
A Cross-Lingual Meta-Learning Method Based on&#xa0;Domain Adaptation for&#xa0;Speech Emotion Recognition,Web Information Systems Engineering – WISE 2024,10.1007/978-981-96-0579-8_9,David-Gabriel IonRăzvan-Alexandru SmăduDumitru-Clementin CercelFlorin PopMihaela-Claudia Cercel,2025,https://link.springer.com/chapter/10.1007/978-981-96-0579-8_9,Conference paper,,removed,no,no,no,no
A dataset for environmental sound recognition in embedded systems for autonomous vehicles,Scientific Data,10.1038/s41597-025-05446-2,André Luiz FlorentinoEva Laussac DinizPlinio Thomaz Aquino-Jr,2025,https://link.springer.com/article/10.1038/s41597-025-05446-2,Article,,removed,no,no,no,no
A deep semi-supervised learning approach to the detection of glaucoma on out-of-distribution retinal fundus image datasets,BMC Ophthalmology,10.1186/s12886-025-04153-1,Lei WangXiaoyun ZhangZhongwen LiShuchen YuYabo WuShaodan ZhangGaoqiang JiangBihan TianChenyang MeiJiantao PuYuanbo LiangQuanyong YiWencan Wu,2025,https://link.springer.com/article/10.1186/s12886-025-04153-1,Article,yes,moved,no,no,no,no
A generalizable 3D framework and model for self-supervised learning in medical imaging,npj Digital Medicine,10.1038/s41746-025-02035-w,Tony XuSepehr HosseiniChris AndersonAnthony RinaldiRahul G. KrishnanAnne L. MartelMaged Goubran,2025,https://link.springer.com/article/10.1038/s41746-025-02035-w,Article,yes,moved,no,no,no,no
A generalizable deep learning regression model for automated glaucoma screening from fundus images,npj Digital Medicine,10.1038/s41746-023-00857-0,Ruben HemelingsBart ElenAlexander K. SchusterMatthew B. BlaschkoJoão Barbosa-BredaPekko HujanenAnnika JunglasStefan NickelsAndrew WhiteNorbert PfeifferPaul MitchellPatrick De BoeverAnja TuulonenIngeborg Stalmans,2023,https://link.springer.com/article/10.1038/s41746-023-00857-0,Article,yes,moved,no,no,no,no
A deep neural network surrogate modeling benchmark for temperature field prediction of heat source layout,"Science China Physics, Mechanics & Astronomy",10.1007/s11433-021-1755-6,Xianqi ChenXiaoyu ZhaoZhiqiang GongJun ZhangWeien ZhouXiaoqian ChenWen Yao,2021,https://link.springer.com/article/10.1007/s11433-021-1755-6,Article,,removed,no,no,no,no
A Likelihood Ratio-Based Approach to Segmenting Unknown Objects,International Journal of Computer Vision,10.1007/s11263-025-02509-0,Nazir NayalYoussef ShoebFatma Güney,2025,https://link.springer.com/article/10.1007/s11263-025-02509-0,Article,yes,moved,no,no,no,no
A Novel Data Augmentation Technique for&#xa0;Out-of-Distribution Sample Detection Using Compounded Corruptions,Machine Learning and Knowledge Discovery in Databases,10.1007/978-3-031-26409-2_32,Ramya HebbalaguppeSoumya Suvra GhosalJatin PrakashHarshad KhadilkarChetan Arora,2023,https://link.springer.com/chapter/10.1007/978-3-031-26409-2_32,Conference paper,yes,moved,no,no,no,no
A feature selection method based on Shapley values robust for concept shift in regression,Neural Computing and Applications,10.1007/s00521-024-09745-4,Carlos SebastiánCarlos E. González-Guillén,2024,https://link.springer.com/article/10.1007/s00521-024-09745-4,Article,,removed,no,no,no,no
A foundation model for clinical-grade computational pathology and rare cancers detection,Nature Medicine,10.1038/s41591-024-03141-0,Eugene VorontsovAlican BozkurtAdam CassonGeorge ShaikovskiMichal ZelechowskiKristen SeversonEric ZimmermannJames HallNeil TenenholtzNicolo FusiEllen YangPhilippe MathieuAlexander van EckDonghun LeeJulian ViretEric RobertYi Kan WangJeremy D. KunzMatthew C. H. LeeJan H. BernhardRan A. GodrichGerard OakleyEwan MillarMatthew HannaHannah WenJuan A. RetameroWilliam A. MoyeRazik YousfiChristopher KananDavid S. KlimstraBrandon RothrockSiqi LiuThomas J. Fuchs,2024,https://link.springer.com/article/10.1038/s41591-024-03141-0,Article,,removed,no,no,no,no
A framework to evaluate machine learning crystal stability predictions,Nature Machine Intelligence,10.1038/s42256-025-01055-1,Janosh RiebesellRhys E. A. GoodallPhilipp BennerYuan ChiangBowen DengGerbrand CederMark AstaAlpha A. LeeAnubhav JainKristin A. Persson,2025,https://link.springer.com/article/10.1038/s42256-025-01055-1,Article,,removed,no,no,no,no
A Stable Vision Transformer for&#xa0;Out-of-Distribution Generalization,Pattern Recognition and Computer Vision,10.1007/978-981-99-8543-2_27,Haoran YuBaodi LiuYingjie WangKai ZhangDapeng TaoWeifeng Liu,2024,https://link.springer.com/chapter/10.1007/978-981-99-8543-2_27,Conference paper,yes,moved,no,no,no,no
A study of generalization and compatibility performance of 3D U-Net segmentation on multiple heterogeneous liver CT datasets,BMC Medical Imaging,10.1186/s12880-021-00708-y,Baochun HeDalong YinXiaoxia ChenHuoling LuoDeqiang XiaoMu HeGuisheng WangChihua FangLianxin LiuFucang Jia,2021,https://link.springer.com/article/10.1186/s12880-021-00708-y,Article,yes,moved,no,no,no,no
A Generalized Unknown Malware Classification,Security and Privacy in Communication Networks,10.1007/978-3-031-25538-0_41,Nanda RaniAyushi MishraRahul KumarSarbajit GhoshSandeep K. ShuklaPriyanka Bagade,2023,https://link.springer.com/chapter/10.1007/978-3-031-25538-0_41,Conference paper,,removed,no,no,no,no
A Generative Approach to Generalize Deep Learning Models for Pavement Distress Segmentation,Data Science for Transportation,10.1007/s42421-025-00118-4,Abhishek Kumar PrajapatiIlgin Guler,2025,https://link.springer.com/article/10.1007/s42421-025-00118-4,Article,,removed,no,no,no,no
A Good Feature Extractor Is All You Need for&#xa0;Weakly Supervised Pathology Slide Classification,Computer Vision – ECCV 2024 Workshops,10.1007/978-3-031-91721-9_5,Georg WölfleinDyke FerberAsier Rabasco MeneghettiOmar S. M. El NahhasDaniel TruhnZunamys I. CarreroDavid J. HarrisonOgnjen ArandjelovićJakob Nikolas Kather,2025,https://link.springer.com/chapter/10.1007/978-3-031-91721-9_5,Conference paper,,removed,no,no,no,no
A hybrid framework for improving uncertainty quantification in deep learning-based QSAR regression modeling,Journal of Cheminformatics,10.1186/s13321-021-00551-x,Dingyan WangJie YuLifan ChenXutong LiHualiang JiangKaixian ChenMingyue ZhengXiaomin Luo,2021,https://link.springer.com/article/10.1186/s13321-021-00551-x,Article,,removed,no,no,no,yes
A Study on Data Augmentation Techniques for Visual Defect Detection in Manufacturing,Bildverarbeitung in der Automation,10.1007/978-3-662-66769-9_6,Lars LeyendeckerShobhit AgarwalThorben WernerMaximilian MotzRobert H. Schmitt,2023,https://link.springer.com/chapter/10.1007/978-3-662-66769-9_6,Conference paper,yes,moved,no,no,no,no
A Non-monolithic Policy Approach of&#xa0;Offline-to-Online Reinforcement Learning,Neural Information Processing,10.1007/978-981-96-6954-7_4,JaeYoon KimJunyu XuanChristy LiangFarookh Hussain,2025,https://link.springer.com/chapter/10.1007/978-981-96-6954-7_4,Conference paper,,removed,no,no,no,no
A Survey of Data Augmentation in Domain Generalization,Neural Processing Letters,10.1007/s11063-025-11747-9,Yingyi ZhongWen’an ZhouZhixian Wang,2025,https://link.springer.com/article/10.1007/s11063-025-11747-9,Article,yes,moved,no,no,no,no
A novel intelligent bearing fault diagnosis method based on signal process and multi-kernel joint distribution adaptation,Scientific Reports,10.1038/s41598-023-31648-y,Jundi XiongShihai CuiHaihong Tang,2023,https://link.springer.com/article/10.1038/s41598-023-31648-y,Article,,removed,no,no,no,no
A novel meta-learning method based on relation network for train bearing fault diagnosis,Nonlinear Dynamics,10.1007/s11071-025-11555-9,Hao ZhongDeqiang HeHaimeng SunChangfu HeZhenpeng Lao,2025,https://link.springer.com/article/10.1007/s11071-025-11555-9,Article,,removed,no,no,no,no
A One-class Model for Voice Replay Attack Detection,Handbook of Biometric Anti-Spoofing,10.1007/978-981-19-5288-3_14,Xingliang ChengLantian LiMingxing XuDong WangThomas Fang Zheng,2023,https://link.springer.com/chapter/10.1007/978-981-19-5288-3_14,Chapter,,removed,no,no,no,yes
A predictive framework for liquid electrolytes takes root with BAMBOO,Nature Machine Intelligence,10.1038/s42256-025-01071-1,Ioan-Bogdan MagdăuGábor Csányi,2025,https://link.springer.com/article/10.1038/s42256-025-01071-1,Article,,removed,no,no,no,no
A Prompt-Driven and Energy-Guided Framework for Multimodal Aspect-Based Sentiment Analysis,Advanced Intelligent Computing Technology and Applications,10.1007/978-981-96-9908-7_31,Zuotao FuXuejiao WanGuanghui He,2025,https://link.springer.com/chapter/10.1007/978-981-96-9908-7_31,Conference paper,,removed,no,no,no,no
A real-time and general method for converting offline skeleton-based action recognition to online ones,Journal of Real-Time Image Processing,10.1007/s11554-025-01625-x,Liheng DongGuiqing HeZhaoxiang ZhangYuelei XuTian HuiXin XuChengyang TaoHuafeng Li,2025,https://link.springer.com/article/10.1007/s11554-025-01625-x,Article,,removed,no,no,no,no
A survey of deep learning for industrial visual anomaly detection,Artificial Intelligence Review,10.1007/s10462-025-11287-7,Zhuo LiYuhao YanXiangheng WangYifei GeLin Meng,2025,https://link.springer.com/article/10.1007/s10462-025-11287-7,Article,yes,moved,no,no,no,no
A review of spam email detection: analysis of spammer strategies and the dataset shift problem,Artificial Intelligence Review,10.1007/s10462-022-10195-4,Francisco Jáñez-MartinoRocío Alaiz-RodríguezVíctor González-CastroEduardo FidalgoEnrique Alegre,2022,https://link.springer.com/article/10.1007/s10462-022-10195-4,Article,,removed,no,no,no,no
A survey of uncertainty in deep neural networks,Artificial Intelligence Review,10.1007/s10462-023-10562-9,Jakob GawlikowskiCedrique Rovile Njieutcheu TassiMohsin AliJongseok LeeMatthias HumtJianxiang FengAnna KruspeRudolph TriebelPeter JungRibana RoscherMuhammad ShahzadWen YangRichard BamlerXiao Xiang Zhu,2023,https://link.springer.com/article/10.1007/s10462-023-10562-9,Article,yes,moved,no,no,no,no
A Three-Stage Model Fusion Method for&#xa0;Out-of-Distribution Generalization,Computer Vision – ECCV 2022 Workshops,10.1007/978-3-031-25075-0_33,Jiahao WangHao WangZhuojun DongHua YangYuting YangQianyue BaoFang LiuLiCheng Jiao,2023,https://link.springer.com/chapter/10.1007/978-3-031-25075-0_33,Conference paper,yes,moved,no,no,no,no
A Unified Detector for&#xa0;Both Adversarial Attacks and&#xa0;Out-of-Distribution Samples Based on&#xa0;Kernel Path Distribution,Advances in Knowledge Discovery and Data Mining,10.1007/978-981-96-8170-9_5,Seonggyeom KimMinju KimDong-Kyu Chae,2025,https://link.springer.com/chapter/10.1007/978-981-96-8170-9_5,Conference paper,yes,moved,no,no,no,no
Adapter Learning in&#xa0;Pretrained Feature Extractor for&#xa0;Continual Learning of&#xa0;Diseases,Medical Image Computing and Computer Assisted Intervention – MICCAI 2023,10.1007/978-3-031-43895-0_7,Wentao ZhangYujun HuangTong ZhangQingsong ZouWei-Shi ZhengRuixuan Wang,2023,https://link.springer.com/chapter/10.1007/978-3-031-43895-0_7,Conference paper,yes,moved,no,no,no,no
A substrate-less nanomesh receptor with meta-learning for rapid hand task recognition,Nature Electronics,10.1038/s41928-022-00888-7,Kyun Kyu KimMin KimKyungrok PyunJin KimJinki MinSeunghun KohSamuel E. RootJaewon KimBao-Nguyen T. NguyenYuya NishioSeonggeun HanJoonhwa ChoiC-Yoon KimJeffrey B.-H. TokSungho JoSeung Hwan KoZhenan Bao,2022,https://link.springer.com/article/10.1038/s41928-022-00888-7,Article,,removed,no,no,no,no
Adaptive Neural Networks for&#xa0;Online Domain Incremental Continual Learning,Discovery Science,10.1007/978-3-031-18840-4_7,Nuwan GunasekaraHeitor GomesAlbert BifetBernhard Pfahringer,2022,https://link.springer.com/chapter/10.1007/978-3-031-18840-4_7,Conference paper,yes,moved,no,no,no,no
Adaptive Online Domain Incremental Continual Learning,Artificial Neural Networks and Machine Learning – ICANN 2022,10.1007/978-3-031-15919-0_41,Nuwan GunasekaraHeitor GomesAlbert BifetBernhard Pfahringer,2022,https://link.springer.com/chapter/10.1007/978-3-031-15919-0_41,Conference paper,yes,moved,no,no,no,no
Advancing crowd counting accuracy in diverse environments via comprehensive domain alignment strategies,Multimedia Systems,10.1007/s00530-025-01766-w,Junjie YeWenxiao ZhangXun Yang,2025,https://link.springer.com/article/10.1007/s00530-025-01766-w,Article,yes,moved,no,no,no,no
A survey of recent advances in analysis of skin images,Evolutionary Intelligence,10.1007/s12065-024-00977-w,Pragya GuptaJagannath NirmalNinad Mehendale,2024,https://link.springer.com/article/10.1007/s12065-024-00977-w,Article,,removed,no,no,no,no
A survey of safety and trustworthiness of large language models through the lens of verification and validation,Artificial Intelligence Review,10.1007/s10462-024-10824-0,Xiaowei HuangWenjie RuanWei HuangGaojie JinYi DongChangshun WuSaddek BensalemRonghui MuYi QiXingyu ZhaoKaiwen CaiYanghao ZhangSihao WuPeipei XuDengyu WuAndre FreitasMustafa A. Mustafa,2024,https://link.springer.com/article/10.1007/s10462-024-10824-0,Article,,removed,no,no,no,no
Adversarial attacks and adversarial robustness in pre-trained deep learning models for disease diagnosis,International Journal of Machine Learning and Cybernetics,10.1007/s13042-025-02807-6,Dua’a M. AkhtomManmeet Mahinderjit SinghChew XinYing,2025,https://link.springer.com/article/10.1007/s13042-025-02807-6,Article,yes,moved,no,no,no,yes
Adversarial data splitting for domain generalization,Science China Information Sciences,10.1007/s11432-022-3857-5,Xiang GuJian SunZongben Xu,2023,https://link.springer.com/article/10.1007/s11432-022-3857-5,Article,yes,moved,no,no,no,yes
"A survey on deep learning for polyp segmentation: techniques, challenges and future trends",Visual Intelligence,10.1007/s44267-024-00071-w,Jiaxin MeiTao ZhouKaiwen HuangYizhe ZhangYi ZhouYe WuHuazhu Fu,2025,https://link.springer.com/article/10.1007/s44267-024-00071-w,Article,,removed,no,no,no,no
A survey on learning from graphs with heterophily: recent advances and future directions,Frontiers of Computer Science,10.1007/s11704-025-41059-z,Cheng-Hua GongYao ChengJian-Xiang YuCan XuCai-Hua ShanSi-Qiang LuoXiang Li,2025,https://link.springer.com/article/10.1007/s11704-025-41059-z,Article,,removed,no,no,no,no
A Survey: Limited Data Problem and Strategy of Reinforcement Learning,Proceedings of 2021 Chinese Intelligent Automation Conference,10.1007/978-981-16-6372-7_53,Zhe YangFengge WuJunsuo Zhao,2022,https://link.springer.com/chapter/10.1007/978-981-16-6372-7_53,Conference paper,,removed,no,no,no,no
A taxonomy and review of generalization research in NLP,Nature Machine Intelligence,10.1038/s42256-023-00729-y,Dieuwke HupkesMario GiulianelliVerna DankersMikel ArtetxeYanai ElazarTiago PimentelChristos ChristodoulopoulosKarim LasriNaomi SaphraArabella SinclairDennis UlmerFlorian SchottmannKhuyagbaatar BatsurenKaiser SunKoustuv SinhaLeila KhalatbariMaria RyskinaRita FrieskeRyan CotterellZhijing Jin,2023,https://link.springer.com/article/10.1038/s42256-023-00729-y,Article,,removed,no,no,no,no
Adversarial Sample Detection Through Neural Network Transport Dynamics,Machine Learning and Knowledge Discovery in Databases: Research Track,10.1007/978-3-031-43412-9_10,Skander KarkarPatrick GallinariAlain Rakotomamonjy,2023,https://link.springer.com/chapter/10.1007/978-3-031-43412-9_10,Conference paper,yes,moved,no,no,no,no
A Transfer Learning Approach for Fault Diagnosis Based on Frequency-Augmented Contrastive Learning,Knowledge Management and Acquisition for Intelligent Systems,10.1007/978-981-95-4575-9_10,Pengcheng LiaoShuang XingXiaofei BaiQun Chen,2025,https://link.springer.com/chapter/10.1007/978-981-95-4575-9_10,Conference paper,,removed,no,no,no,no
An Accurate Detection Is Not All You Need to&#xa0;Combat Label Noise in&#xa0;Web-Noisy Datasets,Computer Vision – ECCV 2024,10.1007/978-3-031-72967-6_4,Paul AlbertJack ValmadreEric ArazoTarun KrishnaNoel E. O’ConnorKevin McGuinness,2025,https://link.springer.com/chapter/10.1007/978-3-031-72967-6_4,Conference paper,yes,moved,no,no,no,no
A Unifying Framework for Novelty,A Unifying Framework for Formal Theories of Novelty,10.1007/978-3-031-33054-4_1,T. BoultD. S. PrijateljW. Scheirer,2024,https://link.springer.com/chapter/10.1007/978-3-031-33054-4_1,Chapter,,removed,no,no,no,no
A vision chip with complementary pathways for open-world sensing,Nature,10.1038/s41586-024-07358-4,Zheyu YangTaoyi WangYihan LinYuguo ChenHui ZengJing PeiJiazheng WangXue LiuYichun ZhouJianqiang ZhangXin WangXinhao LvRong ZhaoLuping Shi,2024,https://link.springer.com/article/10.1038/s41586-024-07358-4,Article,,removed,no,,,
A vision transformer for decoding surgeon activity from surgical videos,Nature Biomedical Engineering,10.1038/s41551-023-01010-8,Dani KiyassehRunzhuo MaTaseen F. HaqueBrian J. MilesChristian WagnerDaniel A. DonohoAnimashree AnandkumarAndrew J. Hung,2023,https://link.springer.com/article/10.1038/s41551-023-01010-8,Article,,removed,no,no,no,no
Achieving Group Fairness Under Erroneous Pseudo-labels of&#xa0;Sensitive Attributes,Neural Information Processing,10.1007/978-981-96-6966-0_7,Yulin CaiXiaoying ZhangHong XieXiaoyu ShiKewei ChenMingsheng Shang,2025,https://link.springer.com/chapter/10.1007/978-981-96-6966-0_7,Conference paper,,removed,no,no,no,no
ACMViz: a visual analytics approach to understand DRL-based autonomous control model,Journal of Visualization,10.1007/s12650-021-00793-9,Shiyu ChengXiaochen LiGuihua ShanBeifang NiuYang WangMaoKang Luo,2021,https://link.springer.com/article/10.1007/s12650-021-00793-9,Article,,removed,no,no,no,no
Active Learning for Unsupervised Domain Adaptation,Unsupervised Domain Adaptation,10.1007/978-981-97-1025-6_6,Jingjing LiLei ZhuZhekai Du,2024,https://link.springer.com/chapter/10.1007/978-981-97-1025-6_6,Chapter,,removed,no,no,no,no
Active learning graph neural networks for partial charge prediction of metal-organic frameworks via dropout Monte Carlo,npj Computational Materials,10.1038/s41524-024-01277-8,Stephan ThalerFelix MayrSiby ThomasAlessio GagliardiJulija Zavadlav,2024,https://link.springer.com/article/10.1038/s41524-024-01277-8,Article,,removed,no,no,no,no
Adaptable Conservative Q-Learning for&#xa0;Offline Reinforcement Learning,Pattern Recognition and Computer Vision,10.1007/978-981-99-8435-0_16,Lyn QiuXu LiLenghan LiangMingming SunJunchi Yan,2024,https://link.springer.com/chapter/10.1007/978-981-99-8435-0_16,Conference paper,,removed,no,no,no,no
Adaptation of state-of-the-art neural network architectures to interference fringe reduction in absorption spectroscopy,Applied Physics B,10.1007/s00340-024-08225-w,Lenard L. Röder,2024,https://link.springer.com/article/10.1007/s00340-024-08225-w,Article,,removed,no,no,no,no
An Empirical Study on Multi-domain Robust Semantic Segmentation,International Journal of Computer Vision,10.1007/s11263-024-02100-z,Yajie LiuPu GeQingjie LiuShichao FanYunhong Wang,2024,https://link.springer.com/article/10.1007/s11263-024-02100-z,Article,yes,moved,no,no,no,no
Adapting Vision-Language Models to&#xa0;Open Classes via Test-Time Prompt Tuning,Pattern Recognition and Computer Vision,10.1007/978-981-97-8620-6_30,Zhengqing GaoXiang AoXu-Yao ZhangCheng-Lin Liu,2025,https://link.springer.com/chapter/10.1007/978-981-97-8620-6_30,Conference paper,,removed,no,no,no,no
Adaptive bidirectional planning framework for enhanced safety and robust decision-making in autonomous navigation systems,The Journal of Supercomputing,10.1007/s11227-025-07389-2,Daoming YuShaowen WangYao XuTianqi WangJiaxin Zou,2025,https://link.springer.com/article/10.1007/s11227-025-07389-2,Article,,removed,no,no,no,no
Adaptive Expert Models for&#xa0;Federated Learning,Trustworthy Federated Learning,10.1007/978-3-031-28996-5_1,Martin IsakssonEdvin Listo ZecRickard CösterDaniel GillbladSarunas Girdzijauskas,2023,https://link.springer.com/chapter/10.1007/978-3-031-28996-5_1,Conference paper,,removed,no,no,no,no
An intensity-based self-supervised domain adaptation method for intervertebral disc segmentation in magnetic resonance imaging,International Journal of Computer Assisted Radiology and Surgery,10.1007/s11548-024-03219-7,Maria Chiara FiorentinoFrancesca Pia VillaniRafael Benito HerceMiguel Angel González BallesterAdriano ManciniKaren López-Linares Román,2024,https://link.springer.com/article/10.1007/s11548-024-03219-7,Article,yes,moved,no,no,no,no
Analysing Satellite Imagery Classification under Spatial Domain Shift across Geographic Regions,International Journal of Computer Vision,10.1007/s11263-025-02518-z,Sara A. Al-EmadiYin YangFerda Ofli,2025,https://link.springer.com/article/10.1007/s11263-025-02518-z,Article,yes,moved,no,no,no,yes
Anomaly Segmentation in Foggy Weather for Autonomous Driving with Adaptive Learnable Filters,Data Science,10.1007/978-981-97-8749-4_21,Lina LingMi WenZhou Zhu,2024,https://link.springer.com/chapter/10.1007/978-981-97-8749-4_21,Conference paper,yes,moved,no,no,no,no
AnoVox: A Benchmark for&#xa0;Multimodal Anomaly Detection in&#xa0;Autonomous Driving,Computer Vision – ECCV 2024 Workshops,10.1007/978-3-031-91767-7_15,Daniel BogdollIramm HamdardLukas Namgyu RößlerFelix GeislerMuhammed BayramFelix WangJan ImhofMiguel de CamposAnushervon TabarovYitian YangMartin GontscharowHanno GottschalkJ. Marius Zöllner,2025,https://link.springer.com/chapter/10.1007/978-3-031-91767-7_15,Conference paper,yes,moved,no,no,no,no
Advances in deep neural network-based hyperspectral image classification and feature learning with limited samples: a survey,Applied Intelligence,10.1007/s10489-024-06139-w,Farhan UllahIrfan UllahKhalil KhanSalabat KhanFarhan Amin,2025,https://link.springer.com/article/10.1007/s10489-024-06139-w,Article,,removed,no,no,no,no
Appearance-based Debiasing of Deep Learning Models in Medical Imaging,Bildverarbeitung für die Medizin 2024,10.1007/978-3-658-44037-4_9,Frauke WilmMarcel ReimannOliver TaubmannAlexander MühlbergKatharina Breininger,2024,https://link.springer.com/chapter/10.1007/978-3-658-44037-4_9,Conference paper,yes,moved,no,no,no,yes
Approaches to Uncertainty Quantification in Federated Deep Learning,Machine Learning and Principles and Practice of Knowledge Discovery in Databases,10.1007/978-3-030-93736-2_12,Florian LinsnerLinara AdilovaSina DäubenerMichael KampAsja Fischer,2021,https://link.springer.com/chapter/10.1007/978-3-030-93736-2_12,Conference paper,yes,moved,no,no,no,no
Artifact-Based Domain Generalization of&#xa0;Skin Lesion Models,Computer Vision – ECCV 2022 Workshops,10.1007/978-3-031-25069-9_10,Alceu BissotoCatarina BarataEduardo ValleSandra Avila,2023,https://link.springer.com/chapter/10.1007/978-3-031-25069-9_10,Conference paper,yes,moved,no,no,no,no
"Adversarial machine learning: a review of methods, tools, and critical industry sectors",Artificial Intelligence Review,10.1007/s10462-025-11147-4,Sotiris PelekisThanos KoutroubasAfroditi BlikaAnastasis BerdelisEvangelos KarakolisChristos NtanosEvangelos SpiliotisDimitris Askounis,2025,https://link.springer.com/article/10.1007/s10462-025-11147-4,Article,,removed,no,no,no,no
ATOM: Robustifying Out-of-Distribution Detection Using Outlier Mining,Machine Learning and Knowledge Discovery in Databases. Research Track,10.1007/978-3-030-86523-8_26,Jiefeng ChenYixuan LiXi WuYingyu LiangSomesh Jha,2021,https://link.springer.com/chapter/10.1007/978-3-030-86523-8_26,Conference paper,yes,moved,no,no,no,no
Augmenting Softmax Information for&#xa0;Selective Classification with&#xa0;Out-of-Distribution Data,Computer Vision – ACCV 2022,10.1007/978-3-031-26351-4_40,Guoxuan XiaChristos-Savvas Bouganis,2023,https://link.springer.com/chapter/10.1007/978-3-031-26351-4_40,Conference paper,yes,moved,no,no,no,no
Augmenting the Softmax with Additional Confidence Scores for Improved Selective Classification with Out-of-Distribution Data,International Journal of Computer Vision,10.1007/s11263-024-02029-3,Guoxuan XiaChristos-Savvas Bouganis,2024,https://link.springer.com/article/10.1007/s11263-024-02029-3,Article,yes,moved,no,no,no,yes
AI Hazard Management: A Framework for&#xa0;the&#xa0;Systematic Management of&#xa0;Root Causes for&#xa0;AI Risks,"Frontiers of Artificial Intelligence, Ethics, and Multidisciplinary Applications",10.1007/978-981-99-9836-4_27,Ronald SchnitzerAndreas HapfelmeierSven GaubeSonja Zillner,2024,https://link.springer.com/chapter/10.1007/978-981-99-9836-4_27,Conference paper,,removed,no,no,no,no
ALERT: A Framework for&#xa0;Efficient Extraction of&#xa0;Attack Techniques from&#xa0;Cyber Threat Intelligence Reports Using Active Learning,Data and Applications Security and Privacy XXXVIII,10.1007/978-3-031-65172-4_13,Fariha Ishrat RahmanSadaf Md HalimAnoop SinghalLatifur Khan,2024,https://link.springer.com/chapter/10.1007/978-3-031-65172-4_13,Conference paper,,removed,no,no,no,no
Algorithmic fairness in artificial intelligence for medicine and healthcare,Nature Biomedical Engineering,10.1038/s41551-023-01056-8,Richard J. ChenJudy J. WangDrew F. K. WilliamsonTiffany Y. ChenJana LipkovaMing Y. LuSharifa SahaiFaisal Mahmood,2023,https://link.springer.com/article/10.1038/s41551-023-01056-8,Article,,removed,no,no,no,no
Alignclip: navigating the misalignments for robust vision-language generalization,Machine Learning,10.1007/s10994-025-06742-z,Zhongyi HanGongxu LuoHao SunYaqian LiBo HanMingming GongKun ZhangTongliang Liu,2025,https://link.springer.com/article/10.1007/s10994-025-06742-z,Article,,removed,no,no,no,no
Automatic correction of performance drift under acquisition shift in medical image classification,Nature Communications,10.1038/s41467-023-42396-y,Mélanie RoschewitzGalvin KharaJoe YearsleyNisha SharmaJonathan J. JamesÉva AmbrózayAdam HerouxPeter KecskemethyTobias RijkenBen Glocker,2023,https://link.springer.com/article/10.1038/s41467-023-42396-y,Article,yes,moved,no,no,no,no
An Analysis of Offline Model-Based Learning with Action Noise,Journal of Scientific Computing,10.1007/s10915-025-02873-6,Haoya LiTanmay GangwaniLexing Ying,2025,https://link.springer.com/article/10.1007/s10915-025-02873-6,Article,,removed,no,no,no,no
A Bayesian multiscale CNN framework to predict local stress fields in structures with microscale features,Computational Mechanics,10.1007/s00466-021-02112-3,Vasilis KrokosViet Bui XuanStéphane P. A. BordasPhilippe YoungPierre Kerfriden,2021,https://link.springer.com/article/10.1007/s00466-021-02112-3,Article,,removed,no,no,no,no
AutoSeg - Steering the Inductive Biases for Automatic Pathology Segmentation,"Biomedical Image Registration, Domain Generalisation and Out-of-Distribution Analysis",10.1007/978-3-030-97281-3_19,Felix MeissenGeorgios KaissisDaniel Rueckert,2022,https://link.springer.com/chapter/10.1007/978-3-030-97281-3_19,Conference paper,yes,moved,no,no,no,no
An Offline Modeling Approach to Air Combat Maneuvering Policy,Advances in Swarm Intelligence,10.1007/978-981-97-7184-4_32,Zhu ZiqiangFu YupengDeng XiangyangXu Tao,2024,https://link.springer.com/chapter/10.1007/978-981-97-7184-4_32,Conference paper,,removed,no,no,no,no
Benchmarking Scalable Epistemic Uncertainty Quantification in&#xa0;Organ Segmentation,Uncertainty for Safe Utilization of Machine Learning in Medical Imaging,10.1007/978-3-031-44336-7_6,Jadie AdamsShireen Y. Elhabian,2023,https://link.springer.com/chapter/10.1007/978-3-031-44336-7_6,Conference paper,yes,moved,no,no,no,no
Bootstrap Generalization Ability from&#xa0;Loss Landscape Perspective,Computer Vision – ECCV 2022 Workshops,10.1007/978-3-031-25075-0_34,Huanran ChenShitong ShaoZiyi WangZirui ShangJin ChenXiaofeng JiXinxiao Wu,2023,https://link.springer.com/chapter/10.1007/978-3-031-25075-0_34,Conference paper,yes,moved,no,no,no,no
Analysis and Comparison of Datasets by Leveraging Data Distributions in Latent Spaces,Deep Neural Networks and Data for Automated Driving,10.1007/978-3-031-01233-4_3,Hanno StageLennart RiesJacob LangnerStefan OttenEric Sax,2022,https://link.springer.com/chapter/10.1007/978-3-031-01233-4_3,Chapter,,removed,no,no,no,no
Box-Based Monitor Approach for&#xa0;Out-of-Distribution Detection in&#xa0;YOLO: An Exploratory Study,Runtime Verification,10.1007/978-3-031-74234-7_15,Weicheng HeChangshun WuSaddek Bensalem,2025,https://link.springer.com/chapter/10.1007/978-3-031-74234-7_15,Conference paper,yes,moved,no,no,no,no
Breaking Down&#xa0;Covariate Shift on&#xa0;Pneumothorax Chest X-Ray Classification,Uncertainty for Safe Utilization of Machine Learning in Medical Imaging,10.1007/978-3-031-44336-7_16,Bogdan BerceanAlexandru BuburuzanAndreea BirhalaCristian AvramescuAndrei TenescuMarius Marcu,2023,https://link.springer.com/chapter/10.1007/978-3-031-44336-7_16,Conference paper,yes,moved,no,no,no,no
Bridging the&#xa0;Domain Gap Towards Generalization in&#xa0;Automatic Colorization,Computer Vision – ECCV 2022,10.1007/978-3-031-19790-1_32,Hyejin LeeDaehee KimDaeun LeeJinkyu KimJaekoo Lee,2022,https://link.springer.com/chapter/10.1007/978-3-031-19790-1_32,Conference paper,yes,moved,no,no,no,no
Application of generative adversarial networks (GAN) for ophthalmology image domains: a survey,Eye and Vision,10.1186/s40662-022-00277-3,Aram YouJin Kuk KimIk Hee RyuTae Keun Yoo,2022,https://link.springer.com/article/10.1186/s40662-022-00277-3,Article,,removed,no,no,no,no
Applying genomic AI to combat antibiotic resistance in low-income countries,Nature Machine Intelligence,10.1038/s42256-025-01108-5,Dickson Aruhomukama,2025,https://link.springer.com/article/10.1038/s42256-025-01108-5,Article,,removed,no,no,no,no
Can AI distinguish a bone radiograph from photos of flowers or cars? Evaluation of bone age deep learning model on inappropriate data inputs,Skeletal Radiology,10.1007/s00256-021-03880-y,Paul H. YiAnirudh ArunNima Hafezi-NejadGarry ChoyHaris I. SairFerdinand K. HuiJan Fritz,2021,https://link.springer.com/article/10.1007/s00256-021-03880-y,Article,yes,moved,no,no,no,no
APS: An Adaptive Policy Switching Framework to&#xa0;Improve the&#xa0;Generalization of&#xa0;Branching Policy,Neural Information Processing,10.1007/978-981-96-6576-1_25,Ce ZhangDapeng LiLin LinXinyue LuGuoliang Fan,2025,https://link.springer.com/chapter/10.1007/978-981-96-6576-1_25,Conference paper,,removed,no,no,no,no
ARB-ABD: Robust Medical Image Segmentation with Adversarial and Boundary Enhancement,Advanced Intelligent Computing Technology and Applications,10.1007/978-981-95-0036-9_36,Jing-Rui XuZheng-Yue SongCheng-Le Qu,2025,https://link.springer.com/chapter/10.1007/978-981-95-0036-9_36,Conference paper,,removed,no,no,no,no
Can You Trust Predictive Uncertainty Under Real Dataset Shifts in Digital Pathology?,Medical Image Computing and Computer Assisted Intervention – MICCAI 2020,10.1007/978-3-030-59710-8_80,Jeppe ThagaardSøren HaubergBert van der VegtThomas EbstrupJohan D. HansenAnders B. Dahl,2020,https://link.springer.com/chapter/10.1007/978-3-030-59710-8_80,Conference paper,yes,moved,no,no,no,no
Can Your Generative Model Detect Out-of-Distribution Covariate Shift?,Computer Vision – ECCV 2024 Workshops,10.1007/978-3-031-91585-7_12,Christiaan ViviersAmaan ValiuddinFrancisco CaetanoLemar AbdiLena FilatovaPeter de WithFons van der Sommen,2025,https://link.springer.com/chapter/10.1007/978-3-031-91585-7_12,Conference paper,yes,moved,yes,yes,no,yes
AROID: Improving Adversarial Robustness Through Online Instance-Wise Data Augmentation,International Journal of Computer Vision,10.1007/s11263-024-02206-4,Lin LiJianing QiuMichael Spratling,2024,https://link.springer.com/article/10.1007/s11263-024-02206-4,Article,,removed,no,no,no,no
Causal Inference with Sample Balancing for Out-of-Distribution Detection in Visual Classification,Artificial Intelligence,10.1007/978-3-031-20497-5_47,Yuqing WangXiangxian LiHaokai MaZhuang QiXiangxu MengLei Meng,2022,https://link.springer.com/chapter/10.1007/978-3-031-20497-5_47,Conference paper,yes,moved,no,yes,no,no
Artificial intelligence sepsis prediction algorithm learns to say “I don’t know”,npj Digital Medicine,10.1038/s41746-021-00504-6,Supreeth P. ShashikumarGabriel WardiAtul MalhotraShamim Nemati,2021,https://link.springer.com/article/10.1038/s41746-021-00504-6,Article,,removed,no,no,no,no
Causality matters in medical imaging,Nature Communications,10.1038/s41467-020-17478-w,Daniel C. CastroIan WalkerBen Glocker,2020,https://link.springer.com/article/10.1038/s41467-020-17478-w,Article,yes,moved,no,no,no,no
Assigning multiple labels of sustainable development goals to open educational resources for sustainability education,Education and Information Technologies,10.1007/s10639-024-12566-6,Rui YaoMeilin TianChi-Un LeiDickson K. W. Chiu,2024,https://link.springer.com/article/10.1007/s10639-024-12566-6,Article,,removed,no,no,no,no
Assured Resilience in Autonomous Systems – Machine Learning Methods for Reliable Perception,Unlocking Artificial Intelligence,10.1007/978-3-031-64832-8_9,Gereon WeissJens GansloserAdrian SchwaigerMaximilian Schwaiger,2024,https://link.springer.com/chapter/10.1007/978-3-031-64832-8_9,Chapter,,removed,no,no,no,no
Center transfer for supervised domain adaptation,Applied Intelligence,10.1007/s10489-022-04414-2,Xiuyu HuangNan ZhouJian HuangHuaidong ZhangWitold PedryczKup-Sze Choi,2023,https://link.springer.com/article/10.1007/s10489-022-04414-2,Article,yes,moved,no,no,no,no
Attention-based causal representation learning for out-of-distribution recommendation,Applied Intelligence,10.1007/s10489-024-05835-x,Yuehua GanQianqian WangZhejun HuangLili Yang,2024,https://link.springer.com/article/10.1007/s10489-024-05835-x,Article,,removed,no,no,no,yes
Augmented classification for electrical coil winding defects,The International Journal of Advanced Manufacturing Technology,10.1007/s00170-022-08671-w,Michael FarnsworthDivya TiwariZe ZhangGeraint W. JewellAshutosh Tiwari,2022,https://link.springer.com/article/10.1007/s00170-022-08671-w,Article,,removed,no,no,no,no
Augmented drug combination dataset to improve the performance of machine learning models predicting synergistic anticancer effects,Scientific Reports,10.1038/s41598-024-51940-9,Mengmeng LiuGopal SrivastavaJ. RamanujamMichal Brylinski,2024,https://link.springer.com/article/10.1038/s41598-024-51940-9,Article,,removed,no,no,no,no
Class Is Invariant to&#xa0;Context and&#xa0;Vice Versa: On Learning Invariance for&#xa0;Out-Of-Distribution Generalization,Computer Vision – ECCV 2022,10.1007/978-3-031-19806-9_6,Jiaxin QiKaihua TangQianru SunXian-Sheng HuaHanwang Zhang,2022,https://link.springer.com/chapter/10.1007/978-3-031-19806-9_6,Conference paper,yes,moved,no,no,no,no
Classification of incunable glyphs and out-of-distribution detection with joint energy-based models,International Journal on Document Analysis and Recognition (IJDAR),10.1007/s10032-023-00442-x,Florian KordonNikolaus WeichselbaumerRandall HerzStephen MossmanEdward PottenMathias SeuretMartin MayrVincent Christlein,2023,https://link.springer.com/article/10.1007/s10032-023-00442-x,Article,yes,moved,no,no,no,no
Automated deep learning-based AMD detection and staging in real-world OCT datasets (PINNACLE study report 5),Scientific Reports,10.1038/s41598-023-46626-7,Oliver LeingangSophie RiedlJulia MaiGregor S. ReiterGeorg FaustmannPhilipp FuchsHendrik P. N. SchollSobha SivaprasadDaniel RueckertAndrew LoteryUrsula Schmidt-ErfurthHrvoje Bogunović,2023,https://link.springer.com/article/10.1038/s41598-023-46626-7,Article,,removed,no,no,no,no
Automated mood disorder symptoms monitoring from multivariate time-series sensory data: getting the full picture beyond a single number,Translational Psychiatry,10.1038/s41398-024-02876-1,Filippo CorponiBryan M. LiGerard AnmellaAriadna MasIsabella PacchiarottiMarc ValentíIria GrandeAntoni BenabarreMarina GarrigaEduard VietaStephen M. LawrieHeather C. WhalleyDiego Hidalgo-MazzeiAntonio Vergari,2024,https://link.springer.com/article/10.1038/s41398-024-02876-1,Article,,removed,no,no,no,no
CMG: A Class-Mixed Generation Approach to&#xa0;Out-of-Distribution Detection,Machine Learning and Knowledge Discovery in Databases,10.1007/978-3-031-26412-2_31,Mengyu WangYijia ShaoHaowei LinWenpeng HuBing Liu,2023,https://link.springer.com/chapter/10.1007/978-3-031-26412-2_31,Conference paper,yes,moved,no,no,no,no
Automatic Flame Detection: Evaluation of Deep Learning Algorithms Using a Custom Thermal Image Dataset,Fire Technology,10.1007/s10694-025-01810-1,M. Hamed MozaffariYuchuan LiYoon KoSneha Rao,2025,https://link.springer.com/article/10.1007/s10694-025-01810-1,Article,,removed,no,no,no,no
Automatic Underwater Single Image Enhancement Using New Prior and Compensation Strategy,"Circuits, Systems, and Signal Processing",10.1007/s00034-025-03159-w,Huipu XuXiangyang LongXiuting Feng,2025,https://link.springer.com/article/10.1007/s00034-025-03159-w,Article,,removed,no,no,no,no
Cognitive Dissonance Reverse Distillation for Image Anomaly Detection,Advanced Intelligent Computing Technology and Applications,10.1007/978-981-96-9961-2_4,Miao QiRuosong LiHui Xu,2025,https://link.springer.com/chapter/10.1007/978-981-96-9961-2_4,Conference paper,yes,moved,no,no,no,no
Background,Open-Set Text Recognition,10.1007/978-981-97-0361-6_2,Xu-Cheng YinChun YangChang Liu,2024,https://link.springer.com/chapter/10.1007/978-981-97-0361-6_2,Chapter,,removed,no,no,no,no
BackMix: Mitigating Shortcut Learning in&#xa0;Echocardiography with&#xa0;Minimal Supervision,Medical Image Computing and Computer Assisted Intervention – MICCAI 2024,10.1007/978-3-031-72083-3_53,Kit M. BransbyArian BeqiriWoo-Jin Cho KimJorge OliveiraAgisilaos ChartsiasAlberto Gomez,2024,https://link.springer.com/chapter/10.1007/978-3-031-72083-3_53,Conference paper,,removed,no,no,no,no
Balancing policy constraint and ensemble size in uncertainty-based offline reinforcement learning,Machine Learning,10.1007/s10994-023-06458-y,Alex BeesonGiovanni Montana,2023,https://link.springer.com/article/10.1007/s10994-023-06458-y,Article,,removed,no,no,no,no
Bamboo: Building Mega-Scale Vision Dataset Continually with Human–Machine Synergy,International Journal of Computer Vision,10.1007/s11263-025-02450-2,Yuanhan ZhangQinghong SunYichun ZhouZexin HeZhenfei YinKun WangLu ShengYu QiaoJing ShaoZiwei Liu,2025,https://link.springer.com/article/10.1007/s11263-025-02450-2,Article,,removed,no,no,no,no
Batch-Constraint Inverse Reinforcement Learning,PRICAI 2021: Trends in Artificial Intelligence,10.1007/978-3-030-89370-5_6,Mao ChenLi WanChunyan GouJiaolu LiaoShengjiang Wu,2021,https://link.springer.com/chapter/10.1007/978-3-030-89370-5_6,Conference paper,,removed,no,no,no,no
Bayes-CAL: Robust Cross-Modal Alignment by Bayesian Approach for Few-Shot OoD Generalization,International Journal of Computer Vision,10.1007/s11263-025-02527-y,Lin ZhuWeihan YinFan WuQinying GuXinbing WangChenghu ZhouNanyang Ye,2025,https://link.springer.com/article/10.1007/s11263-025-02527-y,Article,,removed,no,yes,no,yes
Combining adaptive local aggregation average and test-time energy adaptation for federated learning,International Journal of Machine Learning and Cybernetics,10.1007/s13042-025-02580-6,Juxin LiaoChang’an YiKai ChenQiaoyi Peng,2025,https://link.springer.com/article/10.1007/s13042-025-02580-6,Article,yes,moved,no,no,no,no
Combining Outlierness Scores and&#xa0;Feature Extraction Techniques for&#xa0;Improvement of&#xa0;OoD and&#xa0;Adversarial Attacks Detection in&#xa0;DNNs,Computational Science – ICCS 2023,10.1007/978-3-031-35995-8_41,Tomasz WalkowiakKamil SzycHenryk Maciejewski,2023,https://link.springer.com/chapter/10.1007/978-3-031-35995-8_41,Conference paper,yes,moved,no,no,no,no
Benchmarking the Robustness of LiDAR Semantic Segmentation Models,International Journal of Computer Vision,10.1007/s11263-024-01991-2,Xu YanChaoda ZhengYing XueZhen LiShuguang CuiDengxin Dai,2024,https://link.springer.com/article/10.1007/s11263-024-01991-2,Article,,removed,no,no,no,no
Beta Distribution Approach for&#xa0;Outlier Exposure in&#xa0;Multi-class Text Classification,"Progress in Pattern Recognition, Image Analysis, Computer Vision, and Applications",10.1007/978-3-031-76607-7_15,Camilo MaldonadoCarlos ValleHéctor Allende,2025,https://link.springer.com/chapter/10.1007/978-3-031-76607-7_15,Conference paper,,removed,no,no,no,no
Beyond generalization: a theory of robustness in machine learning,Synthese,10.1007/s11229-023-04334-9,Timo FreieslebenThomas Grote,2023,https://link.springer.com/article/10.1007/s11229-023-04334-9,Article,,removed,no,no,no,no
Beyond the&#xa0;Horizon: Using Mixture of&#xa0;Experts for&#xa0;Domain Agnostic Fake News Detection,Discovery Science,10.1007/978-3-031-78980-9_25,Carmela ComitoMassimo GuarascioAngelica LiguoriGiuseppe MancoFrancesco Sergio Pisani,2025,https://link.springer.com/chapter/10.1007/978-3-031-78980-9_25,Conference paper,,removed,no,no,no,no
Beyond the&#xa0;Known: Novel Class Discovery for&#xa0;Open-World Graph Learning,Database Systems for Advanced Applications,10.1007/978-981-97-5572-1_8,Yucheng JinYun XiongJuncheng FangXixi WuDongxiao HeXing JiaBingchen ZhaoPhilip S. Yu,2024,https://link.springer.com/chapter/10.1007/978-981-97-5572-1_8,Conference paper,,removed,no,no,no,no
Comparative evaluation of uncertainty estimation and decomposition methods on liver segmentation,International Journal of Computer Assisted Radiology and Surgery,10.1007/s11548-023-03001-1,Vanja Sophie CangalovicFelix ThielkeHans Meine,2023,https://link.springer.com/article/10.1007/s11548-023-03001-1,Article,yes,moved,no,no,no,no
Binary quantification and dataset shift: an experimental investigation,Data Mining and Knowledge Discovery,10.1007/s10618-024-01014-1,Pablo GonzálezAlejandro MoreoFabrizio Sebastiani,2024,https://link.springer.com/article/10.1007/s10618-024-01014-1,Article,,removed,no,no,no,yes
Biology-driven insights into the power of single-cell foundation models,Genome Biology,10.1186/s13059-025-03781-6,Jialu WuQing YeYilin WangRenling HuYiheng ZhuMingze YinTianyue WangJike WangChang-Yu HsiehTingjun Hou,2025,https://link.springer.com/article/10.1186/s13059-025-03781-6,Article,,removed,no,no,no,no
Biophysical neural adaptation mechanisms enable artificial neural networks to capture dynamic retinal computation,Nature Communications,10.1038/s41467-024-50114-5,Saad IdreesMichael B. ManookinFred RiekeGreg D. FieldJoel Zylberberg,2024,https://link.springer.com/article/10.1038/s41467-024-50114-5,Article,,removed,no,no,no,no
Biquality learning: a framework to design algorithms dealing with closed-set distribution shifts,Machine Learning,10.1007/s10994-023-06372-3,Pierre NodetVincent LemaireAlexis BonduAntoine Cornuéjols,2023,https://link.springer.com/article/10.1007/s10994-023-06372-3,Article,,removed,yes,no,no,no
Black-Box Dissector: Towards Erasing-Based Hard-Label Model Stealing Attack,Computer Vision – ECCV 2022,10.1007/978-3-031-20065-6_12,Yixu WangJie LiHong LiuYan WangYongjian WuFeiyue HuangRongrong Ji,2022,https://link.springer.com/chapter/10.1007/978-3-031-20065-6_12,Conference paper,,removed,no,no,no,no
Book of Abstracts ESMRMB 2025 Online 41st Annual Scientific Meeting 8–11 October 2025,"Magnetic Resonance Materials in Physics, Biology and Medicine",10.1007/s10334-025-01278-8,,2025,https://link.springer.com/article/10.1007/s10334-025-01278-8,Article,,removed,no,no,no,no
Contextualised Out-of-Distribution Detection Using Pattern Identification,"Computer Safety, Reliability, and Security. SAFECOMP 2023 Workshops",10.1007/978-3-031-40953-0_36,Romain Xu-DarmeJulien Girard-SatabinDarryl HondGabriele IncorvaiaZakaria Chihani,2023,https://link.springer.com/chapter/10.1007/978-3-031-40953-0_36,Conference paper,yes,moved,no,no,no,no
Boosting Open-Vocabulary Object Detection by&#xa0;Handling Background Samples,Neural Information Processing,10.1007/978-981-96-6975-2_19,Ruizhe ZengLu ZhangXu YangZhiyong Liu,2025,https://link.springer.com/chapter/10.1007/978-981-96-6975-2_19,Conference paper,,removed,no,no,no,no
Continual learning with selective nets,Applied Intelligence,10.1007/s10489-025-06497-z,Hai Tung LuuMarton Szemenyei,2025,https://link.springer.com/article/10.1007/s10489-025-06497-z,Article,yes,moved,no,no,no,no
Continual-GEN: Continual Group Ensembling for&#xa0;Domain-agnostic Skin Lesion Classification,Medical Image Computing and Computer Assisted Intervention – MICCAI 2023 Workshops,10.1007/978-3-031-47401-9_1,Nourhan BayasiSiyi DuGhassan HamarnehRafeef Garbi,2023,https://link.springer.com/chapter/10.1007/978-3-031-47401-9_1,Conference paper,yes,moved,no,no,no,no
Boosting Domain Generalization in Remote Sensing Image Segmentation via Style Mapping and General Prototypical Contrast,International Journal of Computer Vision,10.1007/s11263-025-02568-3,Yupei WangXiaoxing HuYongkang HuZhuoran SunShanghang ZhangLiang Chen,2025,https://link.springer.com/article/10.1007/s11263-025-02568-3,Article,,removed,no,no,no,no
Breaking the Limits of Reliable Prediction via Generated Data,International Journal of Computer Vision,10.1007/s11263-024-02221-5,Zhen ChengFei ZhuXu-Yao ZhangCheng-Lin Liu,2024,https://link.springer.com/article/10.1007/s11263-024-02221-5,Article,,removed,no,no,no,no
Continuous image anomaly detection based on contrastive lifelong learning,Applied Intelligence,10.1007/s10489-022-04401-7,Wentao FanWeimin ShangguanNizar Bouguila,2023,https://link.springer.com/article/10.1007/s10489-022-04401-7,Article,yes,moved,no,no,no,no
Building and Fine-Tuning LLMs,Intermediate Python and Large Language Models,10.1007/979-8-8688-1475-4_5,Dilyan Grigorov,2025,https://link.springer.com/chapter/10.1007/979-8-8688-1475-4_5,Chapter,,removed,no,no,no,no
Building Safe and&#xa0;Reliable AI Systems for&#xa0;Safety Critical Tasks with&#xa0;Vision-Language Processing,Advances in Information Retrieval,10.1007/978-3-031-28241-6_47,Shuang Ao,2023,https://link.springer.com/chapter/10.1007/978-3-031-28241-6_47,Conference paper,,removed,no,no,no,no
Cali-rPPG: A Unified Uncertainty-Aware Framework for Remote Photoplethysmography,Advanced Intelligent Computing Technology and Applications,10.1007/978-981-95-0033-8_18,Tianze ShiYunjia SunSiqing YeTao Wang,2025,https://link.springer.com/chapter/10.1007/978-981-95-0033-8_18,Conference paper,,removed,no,no,no,no
Contrastive Representations for Unsupervised Anomaly Detection and Localization,Bildverarbeitung für die Medizin 2023,10.1007/978-3-658-41657-7_54,Carsten T. LüthDavid ZimmererGregor KoehlerPaul F. JaegerFabian IsenenseeKlaus H. Maier-Hein,2023,https://link.springer.com/chapter/10.1007/978-3-658-41657-7_54,Conference paper,yes,moved,no,no,no,no
Control+Shift: Generating Controllable Distribution Shifts,Computer Vision – ECCV 2024 Workshops,10.1007/978-3-031-91907-7_19,Roy FriedmanRhea S Chowers,2025,https://link.springer.com/chapter/10.1007/978-3-031-91907-7_19,Conference paper,yes,moved,no,no,no,no
Counterfactual Contrastive Learning: Robust Representations via&#xa0;Causal Image Synthesis,Data Engineering in Medical Imaging,10.1007/978-3-031-73748-0_3,Mélanie RoschewitzFabio de Sousa RibeiroTian XiaGalvin KharaBen Glocker,2025,https://link.springer.com/chapter/10.1007/978-3-031-73748-0_3,Conference paper,yes,moved,no,no,no,no
CROCODILE: Causality Aids RObustness via&#xa0;COntrastive DIsentangled LEarning,Uncertainty for Safe Utilization of Machine Learning in Medical Imaging,10.1007/978-3-031-73158-7_10,Gianluca CarloniSotirios A. TsaftarisSara Colantonio,2025,https://link.springer.com/chapter/10.1007/978-3-031-73158-7_10,Conference paper,yes,moved,no,no,no,no
Can Segmentation Models Be Trained with&#xa0;Fully Synthetically Generated Data?,Simulation and Synthesis in Medical Imaging,10.1007/978-3-031-16980-9_8,Virginia FernandezWalter Hugo Lopez PinayaPedro BorgesPetru-Daniel TudosiuMark S. GrahamTom VercauterenM. Jorge Cardoso,2022,https://link.springer.com/chapter/10.1007/978-3-031-16980-9_8,Conference paper,,removed,no,no,no,no
Can Virtual Staining for&#xa0;High-Throughput Screening Generalize?,Computer Vision – ECCV 2024 Workshops,10.1007/978-3-031-91721-9_3,Samuel TonksCuong NguyenSteve HoodRyan MussoCeridwen HopelySteve TitusMinh DoanIain StylesAlexander Krull,2025,https://link.springer.com/chapter/10.1007/978-3-031-91721-9_3,Conference paper,,removed,no,no,no,no
Can We Teach Functions to an Artificial Intelligence by Just Showing It Enough “Ground Truth”?,Mathematics Going Forward,10.1007/978-3-031-12244-6_31,Adrien CourtoisThibaud EhretPablo AriasJean-Michel Morel,2023,https://link.springer.com/chapter/10.1007/978-3-031-12244-6_31,Chapter,,removed,no,no,no,no
Cross-modal unsupervised domain adaptation for 3D semantic segmentation via multi-scale fusion-then-distillation,Journal of King Saud University Computer and Information Sciences,10.1007/s44443-025-00201-4,Maomao SunTing RuiJianqing LiuDong WangChengsong YangNan Zheng,2025,https://link.springer.com/article/10.1007/s44443-025-00201-4,Article,yes,moved,no,no,no,no
CTLC: A Co-Training-Based Label Correction Method for Webly-Supervised Learning,Neural Processing Letters,10.1007/s11063-023-11425-8,Xueshuai LvMengyao LiRumeng ZhangLing Gao,2023,https://link.springer.com/article/10.1007/s11063-023-11425-8,Article,yes,moved,no,no,no,no
CAT-DTI: cross-attention and Transformer network with domain adaptation for drug-target interaction prediction,BMC Bioinformatics,10.1186/s12859-024-05753-2,Xiaoting ZengWeilin ChenBaiying Lei,2024,https://link.springer.com/article/10.1186/s12859-024-05753-2,Article,,removed,no,no,no,no
CAT-TPT: Class-Agnostic Text-based Test-time Prompt Tuning for Vision-Language Models,International Journal of Computer Vision,10.1007/s11263-025-02508-1,Youjia ZhangHuiling LiuYoungeun KimSungeun Hong,2025,https://link.springer.com/article/10.1007/s11263-025-02508-1,Article,,removed,no,no,no,no
CaTabRa: Efficient Analysis and&#xa0;Predictive Modeling of&#xa0;Tabular Data,Artificial Intelligence Applications and Innovations,10.1007/978-3-031-34107-6_5,Alexander MaletzkySophie KaltenleithnerPhilipp MoserMichael Giretzlehner,2023,https://link.springer.com/chapter/10.1007/978-3-031-34107-6_5,Conference paper,,removed,no,no,no,no
Causal Domain Generalization,Machine Learning for Causal Inference,10.1007/978-3-031-35051-1_8,Paras ShethHuan Liu,2023,https://link.springer.com/chapter/10.1007/978-3-031-35051-1_8,Chapter,,removed,no,no,no,no
CVAD: An Anomaly Detector for&#xa0;Medical Images Based on&#xa0;Cascade VAE,Medical Image Learning with Limited and Noisy Data,10.1007/978-3-031-16760-7_18,Xiaoyuan GuoJudy Wawira GichoyaSaptarshi PurkayasthaImon Banerjee,2022,https://link.springer.com/chapter/10.1007/978-3-031-16760-7_18,Conference paper,yes,moved,no,yes,no,yes
Causal reasoning in typical computer vision tasks,Science China Technological Sciences,10.1007/s11431-023-2502-9,KeXuan ZhangQiYu SunChaoQiang ZhaoYang Tang,2023,https://link.springer.com/article/10.1007/s11431-023-2502-9,Article,,removed,no,no,no,no
Causal Subgraphs and&#xa0;Information Bottlenecks: Redefining OOD Robustness in&#xa0;Graph Neural Networks,Computer Vision – ECCV 2024,10.1007/978-3-031-73223-2_26,Weizhi AnWenliang ZhongFeng JiangHehuan MaJunzhou Huang,2025,https://link.springer.com/chapter/10.1007/978-3-031-73223-2_26,Conference paper,,removed,no,no,no,no
CXR Segmentation by&#xa0;AdaIN-Based Domain Adaptation and&#xa0;Knowledge Distillation,Computer Vision – ECCV 2022,10.1007/978-3-031-19803-8_37,Yujin OhJong Chul Ye,2022,https://link.springer.com/chapter/10.1007/978-3-031-19803-8_37,Conference paper,yes,moved,no,no,no,no
CausCLIP: Causality-Adapting Visual Scoring of&#xa0;Visual Language Models for&#xa0;Few-Shot Learning in&#xa0;Portable Echocardiography Quality Assessment,Medical Image Computing and Computer Assisted Intervention – MICCAI 2024,10.1007/978-3-031-72378-0_20,Yiran LiXiaoxiao CuiYankun CaoYuezhong ZhangHuihui WangLizhen CuiZhi LiuShuo Li,2024,https://link.springer.com/chapter/10.1007/978-3-031-72378-0_20,Conference paper,,removed,no,no,no,no
DACOA: Diffusion-Aligned Coherent Augmentation and Consistency Constraint Strategies for Federated Domain Generalization,Pattern Recognition,10.1007/978-3-031-78398-2_12,Guangshuo WangYuesheng ZhuGuibo Luo,2025,https://link.springer.com/chapter/10.1007/978-3-031-78398-2_12,Conference paper,yes,moved,no,no,no,no
CEDT2M: text-driven human motion generation via cross-modal mixture of encoder-decoder,Neural Computing and Applications,10.1007/s00521-025-11112-w,XiangYang WangPeng LiRui Wang,2025,https://link.springer.com/article/10.1007/s00521-025-11112-w,Article,,removed,no,no,no,no
Data Invariants to Understand Unsupervised Out-of-Distribution Detection,Computer Vision – ECCV 2022,10.1007/978-3-031-19821-2_8,Lars DoorenbosRaphael SznitmanPablo Márquez-Neila,2022,https://link.springer.com/chapter/10.1007/978-3-031-19821-2_8,Conference paper,yes,moved,no,no,no,no
Challenges in benchmarking stream learning algorithms with real-world data,Data Mining and Knowledge Discovery,10.1007/s10618-020-00698-5,Vinicius M. A. SouzaDenis M. dos ReisAndré G. MaletzkeGustavo E. A. P. A. Batista,2020,https://link.springer.com/article/10.1007/s10618-020-00698-5,Article,,removed,no,no,no,no
Challenges in data-driven geospatial modeling for environmental research and practice,Nature Communications,10.1038/s41467-024-55240-8,Diana KoldasbayevaPolina TregubovaMikhail GasanovAlexey ZaytsevAnna PetrovskaiaEvgeny Burnaev,2024,https://link.springer.com/article/10.1038/s41467-024-55240-8,Article,,removed,no,no,no,no
Challenges of deep unsupervised optical flow estimation for particle-image velocimetry data,Experiments in Fluids,10.1007/s00348-024-03768-2,Christian LagemannKai LagemannSach MukherjeeWolfgang Schröder,2024,https://link.springer.com/article/10.1007/s00348-024-03768-2,Article,,removed,no,no,no,no
Decoupled Mixup for&#xa0;Out-of-Distribution Visual Recognition,Computer Vision – ECCV 2022 Workshops,10.1007/978-3-031-25075-0_30,Haozhe LiuWentian ZhangJinheng XieHaoqian WuBing LiZiqi ZhangYuexiang LiYawen HuangBernard GhanemYefeng Zheng,2023,https://link.springer.com/chapter/10.1007/978-3-031-25075-0_30,Conference paper,yes,moved,no,no,no,no
Deep learning-based fusion of fingerprint and finger vein using dual graphsage networks with Out-of-Distribution detection,International Journal of Information Technology,10.1007/s41870-025-02843-z,Noura AzadHajar MoussddikKhalid El fazazyMohamed Adnane MahrazOmar ElharroussHamid TairiJamal Riffi,2025,https://link.springer.com/article/10.1007/s41870-025-02843-z,Article,yes,moved,no,no,no,no
Chances of Interpretable Transfer Learning for Human Activity Recognition in Warehousing,Computational Logistics,10.1007/978-3-030-87672-2_11,Michael KirchhofLena SchmidChristopher ReiningMichael ten HompelMarkus Pauly,2021,https://link.springer.com/chapter/10.1007/978-3-030-87672-2_11,Conference paper,,removed,no,no,no,no
DenseHybrid: Hybrid Anomaly Detection for&#xa0;Dense Open-Set Recognition,Computer Vision – ECCV 2022,10.1007/978-3-031-19806-9_29,Matej GrcićPetra BevandićSiniša Šegvić,2022,https://link.springer.com/chapter/10.1007/978-3-031-19806-9_29,Conference paper,yes,moved,no,no,no,no
Class-aware contrastive optimization for imbalanced text classification,Discover Data,10.1007/s44248-025-00064-0,Grigorii KhvatskiiNuno MonizKhoa D. DoanNitesh V. Chawla,2025,https://link.springer.com/article/10.1007/s44248-025-00064-0,Article,,removed,no,no,no,no
Detecting Domain Shift in&#xa0;Multiple Instance Learning for&#xa0;Digital Pathology Using Fréchet Domain Distance,Medical Image Computing and Computer Assisted Intervention – MICCAI 2023,10.1007/978-3-031-43904-9_16,Milda PocevičiūtėGabriel EilertsenStina GarvinClaes Lundström,2023,https://link.springer.com/chapter/10.1007/978-3-031-43904-9_16,Conference paper,yes,moved,no,no,no,no
Classification of impinging jet flames using convolutional neural network with transfer learning,Journal of Mechanical Science and Technology,10.1007/s12206-022-0240-5,Minwoo LeeSangwoong YoonJuhan KimYuangang WangKeeman LeeFrank Chongwoo ParkChae Hoon Sohn,2022,https://link.springer.com/article/10.1007/s12206-022-0240-5,Article,,removed,no,no,no,no
Detecting When Pre-trained nnU-Net Models Fail Silently for Covid-19 Lung Lesion Segmentation,Medical Image Computing and Computer Assisted Intervention – MICCAI 2021,10.1007/978-3-030-87234-2_29,Camila GonzalezKarol GotkowskiAndreas BucherRicarda FischbachIsabel KaltenbornAnirban Mukhopadhyay,2021,https://link.springer.com/chapter/10.1007/978-3-030-87234-2_29,Conference paper,yes,moved,no,no,no,yes
CLIP Based Semantic Information Extraction and&#xa0;Target Alignment for&#xa0;Domain Generalization,Intelligent Robotics and Applications,10.1007/978-981-96-0786-0_13,Yuxi LiWeiliang ZuoZikai ChenJingmin XinNanning Zheng,2025,https://link.springer.com/chapter/10.1007/978-981-96-0786-0_13,Conference paper,,removed,no,no,no,no
CLIP-Adapter: Better Vision-Language Models with Feature Adapters,International Journal of Computer Vision,10.1007/s11263-023-01891-x,Peng GaoShijie GengRenrui ZhangTeli MaRongyao FangYongfeng ZhangHongsheng LiYu Qiao,2023,https://link.springer.com/article/10.1007/s11263-023-01891-x,Article,,removed,no,no,no,no
CLIP-aware domain-adaptive super-resolution,Multimedia Systems,10.1007/s00530-025-01849-8,Zhengyang LuQian XiaWeifan WangFeng Wang,2025,https://link.springer.com/article/10.1007/s00530-025-01849-8,Article,,removed,no,no,no,no
Clustering-based Image-Text Graph Matching for Domain Generalization,Pattern Recognition,10.1007/978-3-031-78192-6_26,Nokyung ParkDaewon ChaeJeongyong ShimSangpil KimEun-Sol KimJinkyu Kim,2025,https://link.springer.com/chapter/10.1007/978-3-031-78192-6_26,Conference paper,,removed,no,no,no,no
DGM-DR: Domain Generalization with&#xa0;Mutual Information Regularized Diabetic Retinopathy Classification,Domain Adaptation and Representation Transfer,10.1007/978-3-031-45857-6_12,Aleksandr MatsunDana O. MohamedSharon ChokuwaMuhammad RidzuanMohammad Yaqub,2024,https://link.springer.com/chapter/10.1007/978-3-031-45857-6_12,Conference paper,yes,moved,no,no,no,no
Co-regularized Facial Age Estimation with&#xa0;Graph-Causal Learning,Pattern Recognition and Computer Vision,10.1007/978-981-99-8543-2_13,Tao WangXin DongZhendong LiHao Liu,2024,https://link.springer.com/chapter/10.1007/978-981-99-8543-2_13,Conference paper,,removed,no,no,no,no
CODA: A Real-World Road Corner Case Dataset for&#xa0;Object Detection in&#xa0;Autonomous Driving,Computer Vision – ECCV 2022,10.1007/978-3-031-19839-7_24,Kaican LiKai ChenHaoyu WangLanqing HongChaoqiang YeJianhua HanYukuai ChenWei ZhangChunjing XuDit-Yan YeungXiaodan LiangZhenguo LiHang Xu,2022,https://link.springer.com/chapter/10.1007/978-3-031-19839-7_24,Conference paper,,removed,no,no,no,no
DICE: Leveraging Sparsification for&#xa0;Out-of-Distribution Detection,Computer Vision – ECCV 2022,10.1007/978-3-031-20053-3_40,Yiyou SunYixuan Li,2022,https://link.springer.com/chapter/10.1007/978-3-031-20053-3_40,Conference paper,yes,moved,no,no,no,no
Combating Label Noise with a General Surrogate Model for Sample Selection,International Journal of Computer Vision,10.1007/s11263-024-02324-z,Chao LiangLinchao ZhuHumphrey ShiYi Yang,2024,https://link.springer.com/article/10.1007/s11263-024-02324-z,Article,,removed,no,no,no,no
Direct-Effect Risk Minimization for&#xa0;Domain Generalization,Machine Learning and Knowledge Discovery in Databases. Research Track,10.1007/978-3-031-70352-2_3,Yuhui LiZejia WuChao ZhangHongyang Zhang,2024,https://link.springer.com/chapter/10.1007/978-3-031-70352-2_3,Conference paper,yes,moved,no,no,no,no
Combining client-based anomaly detection and federated learning for energy forecasting in smart buildings,Cluster Computing,10.1007/s10586-025-05764-5,Bouchra FakherMohamed el Amine BrahmiaIsmail BennisAbdelhafid Abouaissa,2025,https://link.springer.com/article/10.1007/s10586-025-05764-5,Article,,removed,no,no,no,no
Disentangling Masked Autoencoders for&#xa0;Unsupervised Domain Generalization,Computer Vision – ECCV 2024,10.1007/978-3-031-72897-6_8,An ZhangHan WangXiang WangTat-Seng Chua,2025,https://link.springer.com/chapter/10.1007/978-3-031-72897-6_8,Conference paper,yes,moved,no,no,no,yes
Communication Efficient Federated Learning,Federated Learning,10.1007/978-981-19-7083-2_2,Yaochu JinHangyu ZhuJinjin XuYang Chen,2023,https://link.springer.com/chapter/10.1007/978-981-19-7083-2_2,Chapter,,removed,no,no,no,no
Dissecting Out-of-Distribution Detection and Open-Set Recognition: A Critical Analysis of Methods and Benchmarks,International Journal of Computer Vision,10.1007/s11263-024-02222-4,Hongjun WangSagar VazeKai Han,2024,https://link.springer.com/article/10.1007/s11263-024-02222-4,Article,yes,yes,no,no,no,yes
Concept drift adaptation in video surveillance: a systematic review,Multimedia Tools and Applications,10.1007/s11042-023-15855-3,Vinicius P. M. GoncalvesLourival P. SilvaFatima L. S. NunesJoão E. FerreiraLuciano V. Araújo,2023,https://link.springer.com/article/10.1007/s11042-023-15855-3,Article,,removed,no,no,no,no
Conclusion,Deep Learning in Textual Low-Data Regimes for Cybersecurity,10.1007/978-3-658-48778-2_5,Markus Bayer,2025,https://link.springer.com/chapter/10.1007/978-3-658-48778-2_5,Chapter,,removed,no,no,no,no
Condition transfer between prestressed bridges using structural state translation for structural health monitoring,AI in Civil Engineering,10.1007/s43503-023-00016-0,Furkan LuleciF. Necati Catbas,2023,https://link.springer.com/article/10.1007/s43503-023-00016-0,Article,,removed,no,no,no,no
Conditional Invertible Neural Networks for Diverse Image-to-Image Translation,Pattern Recognition,10.1007/978-3-030-71278-5_27,Lynton ArdizzoneJakob KruseCarsten LüthNiels BracherCarsten RotherUllrich Köthe,2021,https://link.springer.com/chapter/10.1007/978-3-030-71278-5_27,Conference paper,,removed,no,no,no,no
Conditioned Prompt-Optimization for&#xa0;Continual Deepfake Detection,Pattern Recognition,10.1007/978-3-031-78189-6_5,Francesco LaitiBenedetta LiberatoriThomas De MinElisa Ricci,2025,https://link.springer.com/chapter/10.1007/978-3-031-78189-6_5,Conference paper,,removed,no,no,no,no
Conformal link prediction for false discovery rate control,TEST,10.1007/s11749-024-00934-w,Ariane Marandon,2024,https://link.springer.com/article/10.1007/s11749-024-00934-w,Article,,removed,no,no,no,no
Conformal prediction for out-of-distribution time-series classification,Applied Intelligence,10.1007/s10489-025-06708-7,Alexandros NanopoulosKrisztian Buza,2025,https://link.springer.com/article/10.1007/s10489-025-06708-7,Article,,removed,no,no,no,no
Constructing generalizable microstructure–property maps across diverse microstructure classes,MRS Communications,10.1557/s43579-025-00873-z,Hao LiuNirmal BaishnabBalaji S. Sarath PokuriBaskar GanapathysubramanianOlga Wodo,2025,https://link.springer.com/article/10.1557/s43579-025-00873-z,Article,,removed,no,no,no,no
Context-Aware Robust Fine-Tuning,International Journal of Computer Vision,10.1007/s11263-023-01951-2,Xiaofeng MaoYufeng ChenXiaojun JiaRong ZhangHui XueZhao Li,2023,https://link.springer.com/article/10.1007/s11263-023-01951-2,Article,,removed,no,no,no,no
Distribution shift detection for the postmarket surveillance of medical AI algorithms: a retrospective simulation study,npj Digital Medicine,10.1038/s41746-024-01085-w,Lisa M. KochChristian F. BaumgartnerPhilipp Berens,2024,https://link.springer.com/article/10.1038/s41746-024-01085-w,Article,yes,moved,no,no,no,yes
Distribution-Aware Replay for&#xa0;Continual MRI Segmentation,"Artificial Intelligence in Pancreatic Disease Detection and Diagnosis, and Personalized Incremental Learning in Medicine",10.1007/978-3-031-73483-0_7,Nick LemkeCamila GonzálezAnirban MukhopadhyayMartin Mundt,2025,https://link.springer.com/chapter/10.1007/978-3-031-73483-0_7,Conference paper,yes,moved,no,no,no,yes
Distribution-Specific Augmentation for&#xa0;Domain Generalization,Proceedings of Ninth International Congress on Information and Communication Technology,10.1007/978-981-97-3556-3_17,Thomas GoerttlerLukas SchmidtKlaus Obermayer,2024,https://link.springer.com/chapter/10.1007/978-981-97-3556-3_17,Conference paper,yes,moved,no,no,no,no
Diversified Ensemble of&#xa0;Independent Sub-networks for&#xa0;Robust Self-supervised Representation Learning,Machine Learning and Knowledge Discovery in Databases. Research Track,10.1007/978-3-031-70341-6_3,Amihossein VahidiLisa WimmerHüseyin Anil GündüzBernd BischlEyke HüllermeierMina Rezaei,2024,https://link.springer.com/chapter/10.1007/978-3-031-70341-6_3,Conference paper,yes,yes,no,no,no,yes
Do Vision Foundation Models Enhance Domain Generalization in&#xa0;Medical Image Segmentation?,Computer Vision – ECCV 2024 Workshops,10.1007/978-3-031-91672-4_12,Kerem CekmeceliMeva HimmetogluGuney I. TombakAnna SusmeljErtunc ErdilEnder Konukoglu,2025,https://link.springer.com/chapter/10.1007/978-3-031-91672-4_12,Conference paper,yes,moved,no,no,no,no
Domain adaptation for bias mitigation in affective computing: use cases for facial emotion recognition and sentiment analysis systems,Discover Applied Sciences,10.1007/s42452-025-06659-1,Peeyush SinghalSai GokhaleArva ShahDeepak Kumar JainRahee WalambeAniko EkartKetan Kotecha,2025,https://link.springer.com/article/10.1007/s42452-025-06659-1,Article,yes,moved,no,no,no,no
Continual Test-Time Adaptation for Single Image Defocus Deblurring via Causal Siamese Networks,International Journal of Computer Vision,10.1007/s11263-025-02363-0,Shuang CuiYi LiJiangmeng LiXiongxin TangBing SuFanjiang XuHui Xiong,2025,https://link.springer.com/article/10.1007/s11263-025-02363-0,Article,,removed,no,no,no,yes
Domain Adaptation for&#xa0;Unsupervised Cancer Detection: An Application for&#xa0;Skin Whole Slides Images from&#xa0;an&#xa0;Interhospital Dataset,Medical Image Computing and Computer Assisted Intervention – MICCAI 2024,10.1007/978-3-031-72083-3_6,Natalia P. García-de-la-PuenteMiguel López-PérezLaëtitia LaunetValery Naranjo,2024,https://link.springer.com/chapter/10.1007/978-3-031-72083-3_6,Conference paper,yes,moved,no,no,no,yes
Corner cases in machine learning processes,AI Perspectives & Advances,10.1186/s42467-023-00015-y,Florian HeideckerMaarten BieshaarBernhard Sick,2024,https://link.springer.com/article/10.1186/s42467-023-00015-y,Article,,removed,no,no,no,no
Correct-by-Construction Runtime Enforcement in&#xa0;AI – A Survey,Principles of Systems Design,10.1007/978-3-031-22337-2_31,Bettina KönighoferRoderick BloemRüdiger EhlersChristian Pek,2022,https://link.springer.com/chapter/10.1007/978-3-031-22337-2_31,Chapter,,removed,no,no,no,no
Correlation Information Bottleneck: Towards Adapting Pretrained Multimodal Models for Robust Visual Question Answering,International Journal of Computer Vision,10.1007/s11263-023-01858-y,Jingjing JiangZiyi LiuNanning Zheng,2023,https://link.springer.com/article/10.1007/s11263-023-01858-y,Article,,removed,no,no,no,no
Cosmological multifield emulator,Astrophysics and Space Science,10.1007/s10509-025-04440-9,Sambatra AndrianomenaSultan HassanFrancisco Villaescusa-Navarro,2025,https://link.springer.com/article/10.1007/s10509-025-04440-9,Article,,removed,no,no,no,no
Domain Adaptation-enhanced searchlight: enabling classification of brain states from visual perception to mental imagery,Brain Informatics,10.1186/s40708-025-00263-0,Alexander OlzaDavid SotoRoberto Santana,2025,https://link.springer.com/article/10.1186/s40708-025-00263-0,Article,yes,moved,no,no,no,no
Critical evaluation of deep neural networks for wrist fracture detection,Scientific Reports,10.1038/s41598-021-85570-2,Abu Mohammed RaisuddinElias VaattovaaraMika NevalainenMarko NikkiElina JärvenpääKaisa MakkonenPekka PinolaTuula PalsioArttu NiemensivuOsmo TervonenAleksei Tiulpin,2021,https://link.springer.com/article/10.1038/s41598-021-85570-2,Article,,removed,no,no,no,no
Domain Game: Disentangle Anatomical Feature for&#xa0;Single Domain Generalized Segmentation,Computational Mathematics Modeling in Cancer Analysis,10.1007/978-3-031-73360-4_5,Hao ChenHongrun ZhangU. Wang ChanRui YinXiaofei WangChao Li,2025,https://link.springer.com/chapter/10.1007/978-3-031-73360-4_5,Conference paper,yes,moved,no,no,no,yes
Cross domain fault diagnosis in internal combustion engines using multisensor data with transfer federated and transformer based federated transfer learning,Scientific Reports,10.1038/s41598-025-20692-5,A. SrinivaasN. R. SakthivelBinoy B. Nair,2025,https://link.springer.com/article/10.1038/s41598-025-20692-5,Article,,removed,no,yes,no,no
Cross-Domain Causal Preference Learning for Out-of-Distribution Recommendation,Database Systems for Advanced Applications,10.1007/978-981-97-5555-4_16,Zhuhang LiNing Yang,2025,https://link.springer.com/chapter/10.1007/978-981-97-5555-4_16,Conference paper,,removed,no,no,no,yes
Domain Generalisation for&#xa0;Glaucoma Detection in&#xa0;Retinal Images from&#xa0;Unseen Fundus Cameras,Intelligent Information and Database Systems,10.1007/978-3-031-21967-2_34,Hansi GunasingheJames McKelvieAbigail KoayMichael Mayo,2022,https://link.springer.com/chapter/10.1007/978-3-031-21967-2_34,Conference paper,yes,moved,no,no,no,no
Domain Generalization by&#xa0;Mutual-Information Regularization with&#xa0;Pre-trained Models,Computer Vision – ECCV 2022,10.1007/978-3-031-20050-2_26,Junbum ChaKyungjae LeeSungrae ParkSanghyuk Chun,2022,https://link.springer.com/chapter/10.1007/978-3-031-20050-2_26,Conference paper,yes,moved,no,no,no,no
CUQ-GNN: Committee-Based Graph Uncertainty Quantification Using Posterior Networks,Machine Learning and Knowledge Discovery in Databases. Research Track and Demo Track,10.1007/978-3-031-70371-3_18,Clemens DamkeEyke Hüllermeier,2024,https://link.springer.com/chapter/10.1007/978-3-031-70371-3_18,Conference paper,,removed,no,no,no,no
Domain generalization for semantic segmentation: a survey,Artificial Intelligence Review,10.1007/s10462-024-10817-z,Taki Hasan RafiRatul MahjabinEmon GhoshYoung-Woong KoJeong-Gun Lee,2024,https://link.springer.com/article/10.1007/s10462-024-10817-z,Article,yes,moved,no,no,no,yes
Domain generalization through meta-learning: a survey,Artificial Intelligence Review,10.1007/s10462-024-10922-z,Arsham Gholamzadeh KhoeeYinan YuRobert Feldt,2024,https://link.springer.com/article/10.1007/s10462-024-10922-z,Article,yes,moved,no,no,no,yes
Domain Generalization via&#xa0;Implicit Domain Augmentation,Neural Information Processing,10.1007/978-981-99-8132-8_33,Zhijie RaoQi DongChaoqi ChenYue HuangXinghao Ding,2024,https://link.springer.com/chapter/10.1007/978-981-99-8132-8_33,Conference paper,yes,moved,no,no,no,no
Domain Generalized Myocardial Pathology Segmentation via&#xa0;Data Statistics Modeling and&#xa0;Feature Covariance Alignment,Comprehensive Analysis and Computing of Real-World Medical Images,10.1007/978-3-031-87009-5_5,Jinwei DongKaiwen WanBogen LinMingjing Yang,2025,https://link.springer.com/chapter/10.1007/978-3-031-87009-5_5,Conference paper,yes,moved,no,no,no,no
Data splitting to avoid information leakage with DataSAIL,Nature Communications,10.1038/s41467-025-58606-8,Roman JoeresDavid B. BlumenthalOlga V. Kalinina,2025,https://link.springer.com/article/10.1038/s41467-025-58606-8,Article,,removed,no,,,
Data-Adaptive Weight-Ensembling for Multi-task Model Fusion,International Journal of Computer Vision,10.1007/s11263-025-02434-2,Anke TangLi ShenYong LuoShiwei LiuHan HuBo DuDacheng Tao,2025,https://link.springer.com/article/10.1007/s11263-025-02434-2,Article,,removed,no,,,
Data-driven Wireless Positioning,Unlocking Artificial Intelligence,10.1007/978-3-031-64832-8_10,Maximilian StahlkeTobias FeiglSebastian KramJonathan OttJochen SeitzChristopher Mutschler,2024,https://link.springer.com/chapter/10.1007/978-3-031-64832-8_10,Chapter,,removed,no,no,no,no
Domain-Specific Bias Filtering for Single Labeled Domain Generalization,International Journal of Computer Vision,10.1007/s11263-022-01712-7,Junkun YuanXu MaDefang ChenKun KuangFei WuLanfen Lin,2022,https://link.springer.com/article/10.1007/s11263-022-01712-7,Article,yes,moved,no,no,no,no
Decoding Individual and&#xa0;Shared Experiences of&#xa0;Media Perception Using CNN Architectures,Medical Image Understanding and Analysis,10.1007/978-3-031-48593-0_14,Riddhi JohriPankaj PandeyKrishna Prasad MiyapuramJames Derek Lomas,2024,https://link.springer.com/chapter/10.1007/978-3-031-48593-0_14,Conference paper,,removed,no,no,no,no
DRGen: Domain Generalization in&#xa0;Diabetic Retinopathy Classification,Medical Image Computing and Computer Assisted Intervention – MICCAI 2022,10.1007/978-3-031-16434-7_61,Mohammad AtwanyMohammad Yaqub,2022,https://link.springer.com/chapter/10.1007/978-3-031-16434-7_61,Conference paper,yes,moved,no,no,no,no
Deep Learning applications for COVID-19,Journal of Big Data,10.1186/s40537-020-00392-9,Connor ShortenTaghi M. KhoshgoftaarBorko Furht,2021,https://link.springer.com/article/10.1186/s40537-020-00392-9,Article,,removed,no,no,no,no
Deep learning for accelerated and robust MRI reconstruction,"Magnetic Resonance Materials in Physics, Biology and Medicine",10.1007/s10334-024-01173-8,Reinhard HeckelMathews JacobAkshay ChaudhariOr PerlmanEfrat Shimron,2024,https://link.springer.com/article/10.1007/s10334-024-01173-8,Article,,removed,no,no,no,no
Deep learning for multivariate time series anomaly detection: an evaluation of reconstruction-based methods,Artificial Intelligence Review,10.1007/s10462-025-11401-9,Mohammed A. YahyaAntonio R. MoyaSebastián Ventura,2025,https://link.springer.com/article/10.1007/s10462-025-11401-9,Article,,removed,no,no,no,no
Deep Learning for&#xa0;Healthcare: A Web-Microservices System Ready for&#xa0;Chest Pathology Detection,Good Practices and New Perspectives in Information Systems and Technologies,10.1007/978-3-031-60218-4_16,Sebastián QuevedoHamed Behzadi-KhormoujiFederico DomínguezEnrique Peláez,2024,https://link.springer.com/chapter/10.1007/978-3-031-60218-4_16,Conference paper,,removed,no,,,
Deep learning framework for land cover and land use classification: five case studies with hyperspectral and RGB imagery,Neural Computing and Applications,10.1007/s00521-025-11644-1,Bilal ArainAhmed M. AliIbrahim AlrashdiKaram M. SallamMohamed Abdel-Basset,2025,https://link.springer.com/article/10.1007/s00521-025-11644-1,Article,,removed,no,no,no,no
Dual-Path Adversarial Lifting for&#xa0;Domain Shift Correction in&#xa0;Online Test-Time Adaptation,Computer Vision – ECCV 2024,10.1007/978-3-031-72855-6_20,Yushun TangShuoshuo ChenZhihe LuXinchao WangZhihai He,2025,https://link.springer.com/chapter/10.1007/978-3-031-72855-6_20,Conference paper,yes,moved,no,no,no,no
Deep Learning-Based Bloom Filter for Efficient Multi-key Membership Testing,Data Science and Engineering,10.1007/s41019-023-00224-9,Haitian ChenZiwei WangYunchuan LiRuixin YangYan ZhaoRui ZhouKai Zheng,2023,https://link.springer.com/article/10.1007/s41019-023-00224-9,Article,,removed,no,no,no,yes
Deep Learning-Based Computer Vision Methods for Complex Traffic Environments Perception: A&#xa0;Review,Data Science for Transportation,10.1007/s42421-023-00086-7,Talha AzfarJinlong LiHongkai YuRuey L. CheuYisheng LvRuimin Ke,2024,https://link.springer.com/article/10.1007/s42421-023-00086-7,Article,,removed,no,,,
Dynamic dual mining framework for long-tailed out-of-distribution detection,Applied Intelligence,10.1007/s10489-025-06679-9,Bin ShengDengye PanXiaoqiang Li,2025,https://link.springer.com/article/10.1007/s10489-025-06679-9,Article,yes,moved,no,no,no,no
Deep learning-based histotype diagnosis of ovarian carcinoma whole-slide pathology images,Modern Pathology,10.1038/s41379-022-01146-z,Hossein FarahaniJeffrey BoschmanDavid FarnellAmirali DarbandsariAllen ZhangPouya AhmadvandSteven J. M. JonesDavid HuntsmanMartin KöbelC. Blake GilksNaveena SinghAli Bashashati,2022,https://www.nature.com/articles/s41379-022-01146-z,Article,,removed,no,no,no,no
Deep learning-based image classification for integrating pathology and radiology in AI-assisted medical imaging,Scientific Reports,10.1038/s41598-025-07883-w,Chenming LuJiayin ZhangRen Liu,2025,https://link.springer.com/article/10.1038/s41598-025-07883-w,Article,,removed,no,no,no,no
Deep Learning-based Out-of-Distribution Detection and Recognition of Human Activities with IMU Sensors,Sensing Technology,10.1007/978-3-030-98886-9_12,Niall LyonsAvik SantraAshutosh Pandey,2022,https://link.springer.com/chapter/10.1007/978-3-030-98886-9_12,Conference paper,,removed,no,,,
Deep learning-based segmentation of the thorax in mouse micro-CT scans,Scientific Reports,10.1038/s41598-022-05868-7,Justin MalimbanDanny LathouwersHaibin QianFrank VerhaegenJulia WiedemannSytze BrandenburgMarius Staring,2022,https://link.springer.com/article/10.1038/s41598-022-05868-7,Article,,removed,no,no,no,no
Deep learning-based single-shot computational spectrometer using multilayer thin films,Scientific Reports,10.1038/s41598-025-06691-6,David S. BhattiJioh LeeCheolsun KimYoungin ChoiHoon Hahn YoonHeung-No Lee,2025,https://link.springer.com/article/10.1038/s41598-025-06691-6,Article,,removed,no,,,
Deep Learning: Basics and Convolutional Neural Networks (CNNs),Machine Learning for Brain Disorders,10.1007/978-1-0716-3195-9_3,Maria VakalopoulouStergios ChristodoulidisNinon BurgosOlivier ColliotVincent Lepetit,2023,https://link.springer.com/chapter/10.1007/978-1-0716-3195-9_3,Protocol,,removed,no,no,no,no
Deep Neural Network Pruning for&#xa0;Nuclei Instance Segmentation in&#xa0;Hematoxylin and&#xa0;Eosin-Stained Histological Images,Applications of Medical Artificial Intelligence,10.1007/978-3-031-17721-7_12,Amirreza MahbodRahim EntezariIsabella EllingerOlga Saukh,2022,https://link.springer.com/chapter/10.1007/978-3-031-17721-7_12,Conference paper,,removed,no,,,
Deep Neural Network-Based Inner Loop Control for Improved Power Sharing and Voltage Regulation in AC Microgrids,"Iranian Journal of Science and Technology, Transactions of Electrical Engineering",10.1007/s40998-025-00945-9,Afshin HasaniHossein Heydari,2025,https://link.springer.com/article/10.1007/s40998-025-00945-9,Article,,removed,no,,,
Deep transfer learning technique to detect white blood cell classification in regular clinical practice using histopathological images,Multimedia Tools and Applications,10.1007/s11042-024-19133-8,K. Anita DavamaniMalathy JawaharL. Jani AnbarasiVinayakumar RaviAlanoud Al MazroaC. R. Rene Robin,2024,https://link.springer.com/article/10.1007/s11042-024-19133-8,Article,,removed,no,no,no,no
Deep transfer operator learning for partial differential equations under conditional shift,Nature Machine Intelligence,10.1038/s42256-022-00569-2,Somdatta GoswamiKatiana KontolatiMichael D. ShieldsGeorge Em Karniadakis,2022,https://link.springer.com/article/10.1038/s42256-022-00569-2,Article,,removed,no,,,
Deep Video Networks for Automatic Assessment of Aortic Stenosis in&#xa0;Echocardiography,Simplifying Medical Ultrasound,10.1007/978-3-030-87583-1_20,Tom GinsbergRo-ee TalMichael TsangCalum MacdonaldFatemeh Taheri DezakiJohn van der KuurChristina LuongPurang AbolmaesumiTeresa Tsang,2021,https://link.springer.com/chapter/10.1007/978-3-030-87583-1_20,Conference paper,,removed,no,no,no,no
Deep-learning-based virtual screening of antibacterial compounds,Nature Biotechnology,10.1038/s41587-025-02814-6,Gabriele ScaliaSteven T. RutherfordZiqing LuKerry R. BuchholzNicholas SkeltonKangway ChuangNathaniel DiamantJan-Christian HütterJerome-Maxim LuescherAnh MiuJeff BlaneyLeo GendelevElizabeth SkippingtonGreg ZyndaNia DicksonMichał KoziarskiYoshua BengioAviv RegevMan-Wah TanTommaso Biancalani,2025,https://link.springer.com/article/10.1038/s41587-025-02814-6,Article,,removed,no,,,
Dynamic margin contrastive learning for open-set recognition in long-tailed sonar imagery,Scientific Reports,10.1038/s41598-025-04877-6,Yu LinShuiyuan HeWeidong Luo,2025,https://link.springer.com/article/10.1038/s41598-025-04877-6,Article,yes,moved,no,no,no,no
Detecting and&#xa0;Learning the&#xa0;Unknown in&#xa0;Semantic Segmentation,Deep Neural Networks and Data for Automated Driving,10.1007/978-3-031-01233-4_10,Robin ChanSvenja UhlemeyerMatthias RottmannHanno Gottschalk,2022,https://link.springer.com/chapter/10.1007/978-3-031-01233-4_10,Chapter,,removed,no,no,no,no
Detecting computer-generated disinformation,International Journal of Data Science and Analytics,10.1007/s41060-021-00299-5,Harald StiffFredrik Johansson,2021,https://link.springer.com/article/10.1007/s41060-021-00299-5,Article,,removed,no,no,no,no
Detecting Concept Shifts Under Different Levels of&#xa0;Self-awareness on&#xa0;Emotion Labeling,Pattern Recognition,10.1007/978-3-031-78201-5_18,HyoSeon ChoiDahoon ChoiNetiwit KaongoenByung Hyung Kim,2025,https://link.springer.com/chapter/10.1007/978-3-031-78201-5_18,Conference paper,,removed,no,no,no,no
Efficient Attention for&#xa0;Domain Generalization,Neural Information Processing,10.1007/978-981-99-8138-0_20,Zhongqiang ZhangGe LiuFuhan CaiDuo LiuXiangzhong Fang,2024,https://link.springer.com/chapter/10.1007/978-981-99-8138-0_20,Conference paper,yes,moved,no,no,no,no
Detecting hallucinations in large language models using semantic entropy,Nature,10.1038/s41586-024-07421-0,Sebastian FarquharJannik KossenLorenz KuhnYarin Gal,2024,https://link.springer.com/article/10.1038/s41586-024-07421-0,Article,,removed,no,no,no,no
Efficient Performance Prediction of End-to-End Autonomous Driving Under Continuous Distribution Shifts Based on Anomaly Detection,Journal of Signal Processing Systems,10.1007/s11265-023-01893-5,Siyu LuanZonghua GuShaohua Wan,2023,https://link.springer.com/article/10.1007/s11265-023-01893-5,Article,yes,moved,yes,no,no,no
Efficient semantic segmentation across domains: enhancing generalization with multi-scale and simple attention modules,The Visual Computer,10.1007/s00371-025-04168-1,Yuan LuoJunlei ChenZerui Yao,2025,https://link.springer.com/article/10.1007/s00371-025-04168-1,Article,yes,moved,no,no,no,no
Detection of&#xa0;Intracranial Hemorrhage for&#xa0;Trauma Patients,Pattern Recognition,10.1007/978-3-031-78341-8_1,Antoine P. SannerNils F. GrauhanMerle MeyerLaura LeukertMarc A. BrockmannAhmed E. OthmanAnirban Mukhopadhyay,2025,https://link.springer.com/chapter/10.1007/978-3-031-78341-8_1,Conference paper,,removed,no,,,
Developing medical imaging AI for emerging infectious diseases,Nature Communications,10.1038/s41467-022-34234-4,Shih-Cheng HuangAkshay S. ChaudhariCurtis P. LanglotzNigam ShahSerena YeungMatthew P. Lungren,2022,https://link.springer.com/article/10.1038/s41467-022-34234-4,Article,,removed,no,,,
Development and prospective implementation of a large language model based system for early sepsis prediction,npj Digital Medicine,10.1038/s41746-025-01689-w,Supreeth P. ShashikumarSina MohammadiRishivardhan KrishnamoorthyAvi PatelGabriel WardiJoseph C. AhnKarandeep SinghEliah Aronoff-SpencerShamim Nemati,2025,https://link.springer.com/article/10.1038/s41746-025-01689-w,Article,,removed,no,no,no,no
Development and validation of a deep learning model for diagnosing neuropathic corneal pain via in vivo confocal microscopy,npj Digital Medicine,10.1038/s41746-025-01577-3,Neslihan Dilruba KoseogluEric ChenRudraksh TuwaniBenjamin KompaStephanie M. CoxM. Cuneyt OzmenMina Massaro-GiordanoAndrew L. BeamPedram Hamrah,2025,https://link.springer.com/article/10.1038/s41746-025-01577-3,Article,,removed,no,no,no,no
Development of a Machine Learning-Based Load Monitoring System for Aircraft Fatigue Life Management,International Journal of Aeronautical and Space Sciences,10.1007/s42405-025-01012-7,Eun Gyo ParkIn Kang HwangHo-Jun LeeJin Yeon ChoJeong Ho KimSeon Ho JeongSol Lee,2025,https://link.springer.com/article/10.1007/s42405-025-01012-7,Article,,removed,no,,,
DeViL: Decoding Vision features into&#xa0;Language,Pattern Recognition,10.1007/978-3-031-54605-1_24,Meghal DaniIsabel Rio-TortoStephan AlanizZeynep Akata,2024,https://link.springer.com/chapter/10.1007/978-3-031-54605-1_24,Conference paper,,removed,no,no,no,no
DGFormer: a physics-guided station level weather forecasting model with dynamic spatial-temporal graph neural network,GeoInformatica,10.1007/s10707-024-00511-1,Zhewen XuXiaohui WeiJieyun HaoJunze HanHongliang LiChangzheng LiuZijian LiDongyuan TianNong Zhang,2024,https://link.springer.com/article/10.1007/s10707-024-00511-1,Article,,removed,no,,,
Energy Transfer Contrast Network for&#xa0;Unsupervised Domain Adaption,MultiMedia Modeling,10.1007/978-3-031-27818-1_10,Jiajun OuyangQingxuan LvShu ZhangJunyu Dong,2023,https://link.springer.com/chapter/10.1007/978-3-031-27818-1_10,Conference paper,yes,moved,no,no,no,no
Enhancing Domain Generalization with&#xa0;Auto-encoders,Intelligent Systems and Applications,10.1007/978-3-031-66329-1_31,Thomas GoerttlerKlaus Obermayer,2024,https://link.springer.com/chapter/10.1007/978-3-031-66329-1_31,Conference paper,yes,moved,no,no,no,no
Diagnosing Faults Across Machines Using Intelligence Deep Neural Network,Proceedings of Data Analytics and Management,10.1007/978-981-96-3352-4_5,Jothi ParanthamanMona Dwivedi,2025,https://link.springer.com/chapter/10.1007/978-981-96-3352-4_5,Conference paper,,removed,no,no,no,no
Enhancing few-shot object detection through mixing and separating tuning strategies,The Visual Computer,10.1007/s00371-025-04043-z,Zhengquan PiaoFuyong FengRuina DangWenzheng WangShichao ZhouYuqi Han,2025,https://link.springer.com/article/10.1007/s00371-025-04043-z,Article,yes,moved,no,no,no,no
Dif4FF: Leveraging Multimodal Diffusion Models and&#xa0;Graph Neural Networks for&#xa0;Accurate New Fashion Product Performance Forecasting,Pattern Recognition,10.1007/978-3-031-78186-5_7,Andrea AvogaroLuigi CapogrossoFranco FummiMarco Cristani,2025,https://link.springer.com/chapter/10.1007/978-3-031-78186-5_7,Conference paper,,removed,no,,,
Out-of-Distribution Forgetting: Vulnerability of&#xa0;Continual Learning to&#xa0;Intra-class Distribution Shift,Pattern Recognition,10.1007/978-3-031-78189-6_8,Liangxuan GuoYang ChenShan Yu,2025,https://link.springer.com/chapter/10.1007/978-3-031-78189-6_8,Conference paper,,removed,no,no,no,yes
Enhancing out-of-distribution learning in computer vision through dominant feature masking,Pattern Analysis and Applications,10.1007/s10044-025-01474-1,Artem PilzakJean-Philippe Thivierge,2025,https://link.springer.com/article/10.1007/s10044-025-01474-1,Article,yes,moved,no,no,no,no
DINI: data imputation using neural inversion for edge applications,Scientific Reports,10.1038/s41598-022-24369-1,Shikhar TuliNiraj K. Jha,2022,https://link.springer.com/article/10.1038/s41598-022-24369-1,Article,,removed,no,no,no,no
Enhancing robustness through domain-generalized semi-supervised learning under limited sample label scarcity,Multimedia Systems,10.1007/s00530-025-01852-z,Lei LiuLi Guo,2025,https://link.springer.com/article/10.1007/s00530-025-01852-z,Article,yes,moved,no,no,no,no
Discovering and forecasting extreme events via active learning in neural operators,Nature Computational Science,10.1038/s43588-022-00376-0,Ethan PickeringStephen GuthGeorge Em KarniadakisThemistoklis P. Sapsis,2022,https://link.springer.com/article/10.1038/s43588-022-00376-0,Article,,removed,no,no,no,no
Ensembling Shift Detectors: An Extensive Empirical Evaluation,Machine Learning and Knowledge Discovery in Databases. Research Track,10.1007/978-3-030-86523-8_22,Simona MaggioLéo Dreyfus-Schmidt,2021,https://link.springer.com/chapter/10.1007/978-3-030-86523-8_22,Conference paper,yes,moved,no,no,no,no
Entropy minimization and domain adversarial training guided by label distribution similarity for domain adaptation,Multimedia Systems,10.1007/s00530-023-01106-w,Fangzheng XuYu BaoBingye LiZhining HouLekang Wang,2023,https://link.springer.com/article/10.1007/s00530-023-01106-w,Article,yes,moved,no,no,no,no
DistilDoc: Knowledge Distillation for&#xa0;Visually-Rich Document Applications,Document Analysis and Recognition - ICDAR 2024,10.1007/978-3-031-70546-5_12,Jordy Van LandeghemSubhajit MaityAyan BanerjeeMatthew BlaschkoMarie-Francine MoensJosep LladósSanket Biswas,2024,https://link.springer.com/chapter/10.1007/978-3-031-70546-5_12,Conference paper,,removed,no,no,no,no
Distilling knowledge from graph neural networks trained on cell graphs to non-neural student models,Scientific Reports,10.1038/s41598-025-13697-7,Vasundhara AcharyaBülent YenerGillian Beamer,2025,https://link.springer.com/article/10.1038/s41598-025-13697-7,Article,,removed,no,,,
Distribution Adaptive-Based Defect Detection Prior to&#xa0;Ship Hull Welding,Data Mining and Big Data,10.1007/978-981-96-7175-5_18,Haoxu MaQuansheng DouYue KongBo Wang,2025,https://link.springer.com/chapter/10.1007/978-981-96-7175-5_18,Conference paper,,removed,no,,,
Evaluating Domain Generalization in Kitchen Utensils Classification,Pattern Recognition and Image Analysis,10.1007/978-3-031-36616-1_9,Carlos Garrido-MunozMaría Alfaro-ContrerasJorge Calvo-Zaragoza,2023,https://link.springer.com/chapter/10.1007/978-3-031-36616-1_9,Conference paper,yes,moved,no,no,no,no
Evaluating Reliability in&#xa0;Medical DNNs: A Critical Analysis of&#xa0;Feature and&#xa0;Confidence-Based OOD Detection,Uncertainty for Safe Utilization of Machine Learning in Medical Imaging,10.1007/978-3-031-73158-7_15,Harry AnthonyKonstantinos Kamnitsas,2025,https://link.springer.com/chapter/10.1007/978-3-031-73158-7_15,Conference paper,yes,moved,no,no,no,yes
Exploring distribution-based approaches for out-of-distribution detection in deep learning models,Neural Computing and Applications,10.1007/s00521-024-10912-w,Thiago CarvalhoMarley VellascoJosé Franco Amaral,2024,https://link.springer.com/article/10.1007/s00521-024-10912-w,Article,yes,moved,no,no,no,no
Distributional anchor regression,Statistics and Computing,10.1007/s11222-022-10097-z,Lucas KookBeate SickPeter Bühlmann,2022,https://link.springer.com/article/10.1007/s11222-022-10097-z,Article,,removed,no,yes,no,yes
Exploring feature sparsity for out-of-distribution detection,Scientific Reports,10.1038/s41598-024-79934-7,Qichao ChenKuan LiZhiyuan ChenTomas MaulJianping Yin,2024,https://link.springer.com/article/10.1038/s41598-024-79934-7,Article,yes,moved,no,no,no,no
Towards cosmological inference on unlabeled out-of-distribution HI observational data,Astrophysics and Space Science,10.1007/s10509-025-04405-y,Sambatra AndrianomenaSultan Hassan,2025,https://link.springer.com/article/10.1007/s10509-025-04405-y,Article,,removed,no,no,no,yes
Does deep learning software improve the consistency and performance of radiologists with various levels of experience in assessing bi-parametric prostate MRI?,Insights into Imaging,10.1186/s13244-023-01386-w,Aydan ArslanDeniz AlisServet ErdemliMustafa Ege SekerGokberk ZeybelSabri SiroluSerpil KurtcanErcan Karaarslan,2023,https://link.springer.com/article/10.1186/s13244-023-01386-w,Article,,removed,no,no,no,no
Extreme Consistency: Overcoming Annotation Scarcity and Domain Shifts,Medical Image Computing and Computer Assisted Intervention – MICCAI 2020,10.1007/978-3-030-59710-8_68,Gaurav FotedarNima TajbakhshShilpa AnanthXiaowei Ding,2020,https://link.springer.com/chapter/10.1007/978-3-030-59710-8_68,Conference paper,yes,moved,no,no,no,no
Fast and reliable uncertainty quantification with neural network ensembles for industrial image classification,Annals of Operations Research,10.1007/s10479-024-06440-4,Arthur ThuyDries F. Benoit,2024,https://link.springer.com/article/10.1007/s10479-024-06440-4,Article,yes,moved,no,no,no,no
Domain adaptation with optimized feature distribution for streamer action recognition in live video,International Journal of Machine Learning and Cybernetics,10.1007/s13042-024-02174-8,Chen HeJing ZhangLin ChenHui ZhangLi Zhuo,2024,https://link.springer.com/article/10.1007/s13042-024-02174-8,Article,,removed,no,no,no,no
FeatMatch: Feature-Based Augmentation for Semi-supervised Learning,Computer Vision – ECCV 2020,10.1007/978-3-030-58523-5_28,Chia-Wen KuoChih-Yao MaJia-Bin HuangZsolt Kira,2020,https://link.springer.com/chapter/10.1007/978-3-030-58523-5_28,Conference paper,yes,moved,no,no,no,no
Feature Augmented Meta-Learning on&#xa0;Domain Generalization for&#xa0;Evolving Malware Classification,Algorithms and Architectures for Parallel Processing,10.1007/978-981-96-1528-5_14,Fangwei WangYinhe ChenRuixin SongQingru LiChangguang Wang,2025,https://link.springer.com/chapter/10.1007/978-981-96-1528-5_14,Conference paper,yes,moved,no,no,no,no
Feature Diversification and&#xa0;Adaptation for&#xa0;Federated Domain Generalization,Computer Vision – ECCV 2024,10.1007/978-3-031-73220-1_4,Seunghan YangSeokeon ChoiHyunsin ParkSungha ChoiSimyung ChangSungrack Yun,2025,https://link.springer.com/chapter/10.1007/978-3-031-73220-1_4,Conference paper,yes,moved,no,no,no,no
FedMedICL: Towards Holistic Evaluation of&#xa0;Distribution Shifts in&#xa0;Federated Medical Imaging,Medical Image Computing and Computer Assisted Intervention – MICCAI 2024,10.1007/978-3-031-72117-5_36,Kumail AlhamoudYasir GhunaimMotasem AlfarraThomas HartvigsenPhilip TorrBernard GhanemAdel BibiMarzyeh Ghassemi,2024,https://link.springer.com/chapter/10.1007/978-3-031-72117-5_36,Conference paper,yes,yes,yes,no,no,no
FedSoup: Improving Generalization and&#xa0;Personalization in&#xa0;Federated Learning via&#xa0;Selective Model Interpolation,Medical Image Computing and Computer Assisted Intervention – MICCAI 2023,10.1007/978-3-031-43895-0_30,Minghui ChenMeirui JiangQi DouZehua WangXiaoxiao Li,2023,https://link.springer.com/chapter/10.1007/978-3-031-43895-0_30,Conference paper,yes,moved,no,no,no,yes
Few-Shot Anomaly-Driven Generation for&#xa0;Anomaly Classification and&#xa0;Segmentation,Computer Vision – ECCV 2024,10.1007/978-3-031-73010-8_13,Guan GuiBin-Bin GaoJun LiuChengjie WangYunsheng Wu,2025,https://link.springer.com/chapter/10.1007/978-3-031-73010-8_13,Conference paper,yes,moved,no,no,no,no
First U-Net Layers Contain More Domain Specific Information Than the Last Ones,"Domain Adaptation and Representation Transfer, and Distributed and Collaborative Learning",10.1007/978-3-030-60548-3_12,Boris ShirokikhIvan ZakazovAlexey ChernyavskiyIrina FedulovaMikhail Belyaev,2020,https://link.springer.com/chapter/10.1007/978-3-030-60548-3_12,Conference paper,yes,moved,no,no,no,no
FissionFusion: Fast Geometric Generation and&#xa0;Hierarchical Souping for&#xa0;Medical Image Analysis,Medical Image Computing and Computer Assisted Intervention – MICCAI 2024,10.1007/978-3-031-72390-2_13,Santosh SanjeevNuren ZhaksylykIbrahim AlmakkyAnees Ur Rehman HashmiMohammad Areeb QaziMohammad Yaqub,2024,https://link.springer.com/chapter/10.1007/978-3-031-72390-2_13,Conference paper,yes,moved,no,no,no,yes
Flexible Distribution Alignment: Towards Long-Tailed Semi-supervised Learning with&#xa0;Proper Calibration,Computer Vision – ECCV 2024,10.1007/978-3-031-72949-2_18,Emanuel Sanchez AimarNathaniel HelgesenYonghao XuMarco KuhlmannMichael Felsberg,2025,https://link.springer.com/chapter/10.1007/978-3-031-72949-2_18,Conference paper,yes,moved,no,no,no,no
Deep learning generalization and the convex hull of training sets,Information Geometry,10.1007/s41884-025-00178-z,Roozbeh Yousefzadeh,2025,https://link.springer.com/article/10.1007/s41884-025-00178-z,Article,,removed,no,no,no,no
DRMC: A Generalist Model with&#xa0;Dynamic Routing for&#xa0;Multi-center PET Image Synthesis,Medical Image Computing and Computer Assisted Intervention – MICCAI 2023,10.1007/978-3-031-43898-1_4,Zhiwen YangYang ZhouHui ZhangBingzheng WeiYubo FanYan Xu,2023,https://link.springer.com/chapter/10.1007/978-3-031-43898-1_4,Conference paper,,removed,no,no,no,no
Focal weighting strategy with multi-label multi-scale granularity-aware for out-of-distribution detection,Applied Intelligence,10.1007/s10489-025-06633-9,Xin PengYifei ChengYusheng Cheng,2025,https://link.springer.com/article/10.1007/s10489-025-06633-9,Article,yes,moved,no,no,no,no
DSAT: a dynamic sparse attention transformer for steel surface defect detection with hierarchical feature fusion,Scientific Reports,10.1038/s41598-025-14935-8,Shouluan WuHui YangLiefa LiaoChao SongYating FangJianglong FuTan Li,2025,https://link.springer.com/article/10.1038/s41598-025-14935-8,Article,,removed,no,,,
From labels to priors in capsule endoscopy: a prior guided approach for improving generalization with few labels,Scientific Reports,10.1038/s41598-022-19675-7,Anuja VatsAhmed MohammedMarius Pedersen,2022,https://link.springer.com/article/10.1038/s41598-022-19675-7,Article,yes,moved,no,no,no,no
Full-Spectrum Out-of-Distribution Detection,International Journal of Computer Vision,10.1007/s11263-023-01811-z,Jingkang YangKaiyang ZhouZiwei Liu,2023,https://link.springer.com/article/10.1007/s11263-023-01811-z,Article,yes,yes,no,yes,no,yes
Gated information bottleneck for generalization in sequential environments,Knowledge and Information Systems,10.1007/s10115-022-01770-w,Francesco AlesianiShujian YuXi Yu,2022,https://link.springer.com/article/10.1007/s10115-022-01770-w,Article,yes,yes,no,yes,yes,yes
Gaussian Process Encoders: VAEs with&#xa0;Reliable Latent-Space Uncertainty,Machine Learning and Knowledge Discovery in Databases. Research Track,10.1007/978-3-030-86520-7_6,Judith BütepageLucas MaystreMounia Lalmas,2021,https://link.springer.com/chapter/10.1007/978-3-030-86520-7_6,Conference paper,yes,moved,no,no,no,no
Generalisation effects of predictive uncertainty estimation in deep learning for digital pathology,Scientific Reports,10.1038/s41598-022-11826-0,Milda PocevičiūtėGabriel EilertsenSofia JarkmanClaes Lundström,2022,https://link.springer.com/article/10.1038/s41598-022-11826-0,Article,yes,moved,no,no,no,no
Dynamically Transformed Instance Normalization Network for&#xa0;Generalizable Person Re-Identification,Computer Vision – ECCV 2022,10.1007/978-3-031-19781-9_17,Bingliang JiaoLingqiao LiuLiying GaoGuosheng LinLu YangShizhou ZhangPeng WangYanning Zhang,2022,https://link.springer.com/chapter/10.1007/978-3-031-19781-9_17,Conference paper,,removed,no,no,no,no
ECR 2022 Book of Abstracts,Insights into Imaging,10.1186/s13244-022-01337-x,,2022,https://link.springer.com/article/10.1186/s13244-022-01337-x,Article,,removed,no,no,no,no
EEG-based emotion recognition using modified covariance and ensemble classifiers,Journal of Ambient Intelligence and Humanized Computing,10.1007/s12652-023-04715-5,Abdulhamit SubasiSaeed Mian Qaisar,2023,https://link.springer.com/article/10.1007/s12652-023-04715-5,Article,,removed,no,no,no,no
Effective Non-IID Degree Estimation for Robust Federated Learning in Healthcare Datasets,Journal of Healthcare Informatics Research,10.1007/s41666-025-00195-8,Kun-Yi ChenChi-Ren ShyuYuan-Yu TsaiWilliam I. BaskettChi-Yu ChangChe-Yi ChouJeffrey J. P. TsaiZon-Yin Shae,2025,https://link.springer.com/article/10.1007/s41666-025-00195-8,Article,,removed,no,no,no,no
Effectiveness of&#xa0;Integration of&#xa0;U-Net Variants in&#xa0;Denoising Diffusion Models,Proceedings of International Conference on Data Analytics and Insights,10.1007/978-981-96-3287-9_40,Biprajit GhoshalSayan MondalMainak Bandyopadhyay,2025,https://link.springer.com/chapter/10.1007/978-981-96-3287-9_40,Conference paper,,removed,no,,,
Efficient and&#xa0;Versatile Robust Fine-Tuning of&#xa0;Zero-Shot Models,Computer Vision – ECCV 2024,10.1007/978-3-031-72643-9_26,Sungyeon KimBoseung JeongDonghyun KimSuha Kwak,2025,https://link.springer.com/chapter/10.1007/978-3-031-72643-9_26,Conference paper,,removed,no,no,no,no
Generalization of vision pre-trained models for histopathology,Scientific Reports,10.1038/s41598-023-33348-z,Milad SikaroudiMaryam HosseiniRicardo GonzalezShahryar RahnamayanH. R. Tizhoosh,2023,https://link.springer.com/article/10.1038/s41598-023-33348-z,Article,yes,moved,no,no,no,yes
Generalized Out-of-Distribution Detection: A Survey,International Journal of Computer Vision,10.1007/s11263-024-02117-4,Jingkang YangKaiyang ZhouYixuan LiZiwei Liu,2024,https://link.springer.com/article/10.1007/s11263-024-02117-4,Article,yes,moved,no,no,no,no
Generative models improve fairness of medical classifiers under distribution shifts,Nature Medicine,10.1038/s41591-024-02838-6,Ira KtenaOlivia WilesIsabela AlbuquerqueSylvestre-Alvise RebuffiRyutaro TannoAbhijit Guha RoyShekoofeh AziziDanielle BelgravePushmeet KohliTaylan CemgilAlan KarthikesalingamSven Gowal,2024,https://link.springer.com/article/10.1038/s41591-024-02838-6,Article,yes,moved,no,no,no,no
EHR foundation models improve robustness in the presence of temporal distribution shift,Scientific Reports,10.1038/s41598-023-30820-8,Lin Lawrence GuoEthan SteinbergScott Lanyon FlemingJose PosadaJoshua LemmonStephen R. PfohlNigam ShahJason FriesLillian Sung,2023,https://link.springer.com/article/10.1038/s41598-023-30820-8,Article,,removed,no,no,no,yes
EM-OFRP: enhanced memory-based optical flow reconstruction and variational prediction for video anomaly detection,Multimedia Systems,10.1007/s00530-025-01958-4,Hong XiaSiyu FengHui JiaYanping Chen,2025,https://link.springer.com/article/10.1007/s00530-025-01958-4,Article,,removed,no,no,no,no
Empirical Study of&#xa0;the&#xa0;Model Generalization for&#xa0;Argument Mining in&#xa0;Cross-Domain and&#xa0;Cross-Topic Settings,Transactions on Large-Scale Data- and Knowledge-Centered Systems LII,10.1007/978-3-662-66146-8_5,Alaa AlhamzehElőd Egyed-ZsigmondDorra El MekkiAbderrazzak El KhayariJelena MitrovićLionel BrunieHarald Kosch,2022,https://link.springer.com/chapter/10.1007/978-3-662-66146-8_5,Chapter,,removed,no,no,no,no
End-to-End Optimization of&#xa0;Quantization-Based Structure Learning and&#xa0;Interventional Next-Item Recommendation,Artificial Intelligence,10.1007/978-981-99-8850-1_34,Kairui FuQiaowei MiaoShengyu ZhangKun KuangFei Wu,2024,https://link.springer.com/chapter/10.1007/978-981-99-8850-1_34,Conference paper,,removed,no,no,no,no
Energiewirtschaft,Künstliche Intelligenz und Data Science in Theorie und Praxis,10.1007/978-3-662-66278-6_20,Philipp DitzelMichael MommertWolfgang Korosec,2023,https://link.springer.com/chapter/10.1007/978-3-662-66278-6_20,Chapter,,removed,no,no,no,no
Generative Semantic Domain Adaptation for Perception in Autonomous Driving,Journal of Big Data Analytics in Transportation,10.1007/s42421-022-00057-4,Amitangshu MukherjeeAmeya JoshiAnuj SharmaChinmay HegdeSoumik Sarkar,2022,https://link.springer.com/article/10.1007/s42421-022-00057-4,Article,yes,moved,no,no,no,no
Ghost-Connect Net: A Generalization-Enhanced Guidance for Sparse Deep Networks Under Distribution Shifts,Neural Processing Letters,10.1007/s11063-025-11758-6,Mary WisellSalimeh Sekeh,2025,https://link.springer.com/article/10.1007/s11063-025-11758-6,Article,yes,moved,no,no,no,no
Energy-Based Policy Constraint for&#xa0;Offline Reinforcement Learning,Artificial Intelligence,10.1007/978-981-99-9119-8_30,Zhiyong PengChanglin HanYadong LiuZongtan Zhou,2024,https://link.springer.com/chapter/10.1007/978-981-99-9119-8_30,Conference paper,,removed,no,,,
Enhanced Multimodal Breast Cancer Diagnosis Using Random Graph Diffusion-Based Two-Branch Attention Adversarial Domain Adaptation with Improved Orca Predation Optimization,Biomedical Materials & Devices,10.1007/s44174-025-00471-6,D. VetrithangamDinesh Kumar AngurajKrishna Prakash ArunachalamNidhya Rangarajan,2025,https://link.springer.com/article/10.1007/s44174-025-00471-6,Article,,removed,no,,,
Good Teachers Explain: Explanation-Enhanced Knowledge Distillation,Computer Vision – ECCV 2024,10.1007/978-3-031-73464-9_18,Amin Parchami-AraghiMoritz BöhleSukrut RaoBernt Schiele,2025,https://link.springer.com/chapter/10.1007/978-3-031-73464-9_18,Conference paper,yes,moved,no,no,no,no
Enhancing encrypted HTTPS traffic classification based on stacked deep ensembles models,Scientific Reports,10.1038/s41598-025-21261-6,Ahmed M. ElsheweyAhmed M. Osman,2025,https://link.springer.com/article/10.1038/s41598-025-21261-6,Article,,removed,no,,,
Gradient-aware domain-invariant learning for domain generalization,Multimedia Systems,10.1007/s00530-024-01613-4,Feng HouYao ZhangYang LiuJin YuanCheng ZhongYang ZhangZhongchao ShiJianping FanZhiqiang He,2025,https://link.springer.com/article/10.1007/s00530-024-01613-4,Article,yes,moved,no,no,no,no
Enhancing IoT Network Security by Anomaly Detection and Intrusion Prevention Using Gannet Optimization-Based Adaptive Deep Capsule Network,International Journal of Computational Intelligence Systems,10.1007/s44196-025-00940-2,WeiWei HuJafar A. AlzubiJ. ShreyasMuna Al-RazganYasser A. AliA. Karthikayan,2025,https://link.springer.com/article/10.1007/s44196-025-00940-2,Article,,removed,no,,,
Gradient-Regularized Out-of-Distribution Detection,Computer Vision – ECCV 2024,10.1007/978-3-031-72624-8_26,Sina SharifiTaha EntesariBardia SafaeiVishal M. PatelMahyar Fazlyab,2025,https://link.springer.com/chapter/10.1007/978-3-031-72624-8_26,Conference paper,yes,moved,no,no,no,no
Handling data drift in deep learning-based quality monitoring: evaluating calibration methods using the example of friction stir welding,Journal of Intelligent Manufacturing,10.1007/s10845-025-02569-6,Johannes C. BauerStephan TrattnigFabian VieltorfRüdiger Daub,2025,https://link.springer.com/article/10.1007/s10845-025-02569-6,Article,yes,moved,no,no,no,no
Enhancing skin lesion diagnosis with data augmentation techniques: a review of the state-of-the-art,Multimedia Tools and Applications,10.1007/s11042-024-20145-7,Aniket PatilAnjula MehtoSaif Nalband,2024,https://link.springer.com/article/10.1007/s11042-024-20145-7,Article,,removed,no,no,no,no
Enhancing Zero-Shot Action Recognition in Videos by Combining GANs with Text and Images,SN Computer Science,10.1007/s42979-023-01803-3,Kaiqiang HuangLuis Miralles-PechuánSusan Mckeever,2023,https://link.springer.com/article/10.1007/s42979-023-01803-3,Article,,removed,no,no,no,no
Ensemble of loss functions to improve generalizability of deep metric learning methods,Multimedia Tools and Applications,10.1007/s11042-023-16160-9,Davood ZabihzadehZahraa AlitbiSeyed Jalaleddin Mousavirad,2023,https://link.springer.com/article/10.1007/s11042-023-16160-9,Article,,removed,no,no,no,no
Handling Domain Shift for&#xa0;Lesion Detection via&#xa0;Semi-supervised Domain Adaptation,Computer Vision – ACCV 2022 Workshops,10.1007/978-3-031-27066-6_8,Manu SheoranMonika SharmaMeghal DaniLovekesh Vig,2023,https://link.springer.com/chapter/10.1007/978-3-031-27066-6_8,Conference paper,yes,moved,no,no,no,no
Entangle-then-disentangle: a novel approach for enhancing large vision-language model,Machine Learning,10.1007/s10994-025-06811-3,Jiajun YuanHaiting ZhengHang YuXiangfeng Luo,2025,https://link.springer.com/article/10.1007/s10994-025-06811-3,Article,,removed,no,no,no,yes
Handling unexpected inputs:&#xa0;incorporating source-wise&#xa0;out-of-distribution detection into SAR-optical data fusion for scene classification,EURASIP Journal on Advances in Signal Processing,10.1186/s13634-023-01008-z,Jakob GawlikowskiSudipan SahaJulia NieblingXiao Xiang Zhu,2023,https://link.springer.com/article/10.1186/s13634-023-01008-z,Article,yes,moved,no,no,no,no
Equitable machine learning counteracts ancestral bias in precision medicine,Nature Communications,10.1038/s41467-025-57216-8,Leslie A. SmithJames A. CahillJi-Hyun LeeKiley Graim,2025,https://link.springer.com/article/10.1038/s41467-025-57216-8,Article,,removed,no,no,no,no
"Ergo, SMIRK is safe: a safety case for a machine learning component in a pedestrian automatic emergency brake system",Software Quality Journal,10.1007/s11219-022-09613-1,Markus BorgJens HenrikssonKasper SochaOlof LennartssonElias Sonnsjö LönegrenThanh BuiPiotr TomaszewskiSankar Raman SathyamoorthySebastian BrinkMahshid Helali Moghadam,2023,https://link.springer.com/article/10.1007/s11219-022-09613-1,Article,,removed,no,no,no,no
Hierarchical Task-Incremental Learning with Feature-Space Initialization Inspired by Neural Collapse,Neural Processing Letters,10.1007/s11063-023-11352-8,Qinhao ZhouXiang XiangJing Ma,2023,https://link.springer.com/article/10.1007/s11063-023-11352-8,Article,yes,moved,no,no,no,no
High-frequency-based multi-spectral attention for domain generalization,Artificial Intelligence Review,10.1007/s10462-025-11217-7,Surong YingXinghao SongHongpeng Wang,2025,https://link.springer.com/article/10.1007/s10462-025-11217-7,Article,yes,moved,no,no,no,yes
Evaluating the Robustness of DL-Based AAD in SDN-IoT Networks Against OOD Data and Poisoning Attacks Using Autoencoders,Journal of Network and Systems Management,10.1007/s10922-025-09989-y,Tharindu Lakshan YasarathnaNhien-An Le-Khac,2025,https://link.springer.com/article/10.1007/s10922-025-09989-y,Article,,removed,no,,,
Evaluating the&#xa0;Robustness of&#xa0;ML Models to&#xa0;Out-of-Distribution Data Through Similarity Analysis,New Trends in Database and Information Systems,10.1007/978-3-031-42941-5_30,Joakim LindénHåkan ForsbergMasoud DaneshtalabIngemar Söderquist,2023,https://link.springer.com/chapter/10.1007/978-3-031-42941-5_30,Conference paper,,removed,no,no,no,no
Evaluating uncertainty-based active learning for accelerating the generalization of molecular property prediction,Journal of Cheminformatics,10.1186/s13321-023-00753-5,Tianzhixi YinGihan PanapitiyaElizabeth D. CodaEmily G. Saldanha,2023,https://link.springer.com/article/10.1186/s13321-023-00753-5,Article,,removed,no,no,no,no
Evaluation and&#xa0;Analysis of&#xa0;Different Aggregation and&#xa0;Hyperparameter Selection Methods for&#xa0;Federated Brain Tumor Segmentation,"Brainlesion: Glioma, Multiple Sclerosis, Stroke and Traumatic Brain Injuries",10.1007/978-3-031-09002-8_36,Ece Isik-PolatGorkem PolatAltan KocyigitAlptekin Temizel,2022,https://link.springer.com/chapter/10.1007/978-3-031-09002-8_36,Conference paper,,removed,no,no,no,no
Evaluation of Quantification Algorithms,Learning to Quantify,10.1007/978-3-031-20467-8_3,Andrea EsuliAlessandro FabrisAlejandro MoreoFabrizio Sebastiani,2023,https://link.springer.com/chapter/10.1007/978-3-031-20467-8_3,Chapter,,removed,no,no,no,no
Evaluation of&#xa0;Detection and&#xa0;Segmentation Tasks on&#xa0;Driving Datasets,Computer Vision and Image Processing,10.1007/978-3-031-11346-8_44,Deepak SinghAmeet RahaneAjoy MondalAnbumani SubramanianC. V. Jawahar,2022,https://link.springer.com/chapter/10.1007/978-3-031-11346-8_44,Conference paper,,removed,no,,,
"EVATOM: an optical, label-free, machine learning assisted embryo health assessment tool",Communications Biology,10.1038/s42003-024-05960-w,Neha GoswamiNicola WinstonWonho ChoiNastasia Z. E. LaiRachel B. ArcanjoXi ChenNahil SobhRomana A. NowakMark A. AnastasioGabriel Popescu,2024,https://link.springer.com/article/10.1038/s42003-024-05960-w,Article,,removed,no,,,
Evolutionary Strategies AI Addresses Multiple Technical Challenges in Deep Learning Deployment: Proof-of-Principle Demonstration for Neuroblastoma Brain Metastasis Detection,Journal of Imaging Informatics in Medicine,10.1007/s10278-024-01165-z,Subhanik PurkayasthaHrithwik ShaluDavid GutmanAndrei HolodnyShakeel ModakEllen BasuBrian KushnerKim KramerSofia HaqueJoseph N. Stember,2024,https://link.springer.com/article/10.1007/s10278-024-01165-z,Article,,removed,no,no,no,no
Experimental Design Principles for Developing Machine Learning Models for Human–Robot Interaction,Discovering the Frontiers of Human-Robot Interaction,10.1007/978-3-031-66656-8_14,Josh Bhagat SmithMark-Robin GiolandoVivek MallampatiPrakash BaskaranJulie A. Adams,2024,https://link.springer.com/chapter/10.1007/978-3-031-66656-8_14,Chapter,,removed,no,no,no,no
Explainable machine learning in materials science,npj Computational Materials,10.1038/s41524-022-00884-7,Xiaoting ZhongBrian GallagherShusen LiuBhavya KailkhuraAnna HiszpanskiT. Yong-Jin Han,2022,https://link.springer.com/article/10.1038/s41524-022-00884-7,Article,,removed,no,no,no,no
Explainable reinforcement learning (XRL): a systematic literature review and taxonomy,Machine Learning,10.1007/s10994-023-06479-7,Yanzhe Bekkemoen,2023,https://link.springer.com/article/10.1007/s10994-023-06479-7,Article,,removed,no,,,
Exploiting redundancy in large materials datasets for efficient machine learning with less data,Nature Communications,10.1038/s41467-023-42992-y,Kangming LiDaniel PersaudKamal ChoudharyBrian DeCostMichael GreenwoodJason Hattrick-Simpers,2023,https://link.springer.com/article/10.1038/s41467-023-42992-y,Article,,removed,no,,,
Histogram-Based Unsupervised Domain Adaptation for&#xa0;Medical Image Classification,Medical Image Computing and Computer Assisted Intervention – MICCAI 2022,10.1007/978-3-031-16449-1_72,Pengfei DiaoAkshay PaiChristian IgelChristian Hedeager Krag,2022,https://link.springer.com/chapter/10.1007/978-3-031-16449-1_72,Conference paper,yes,moved,no,no,no,no
Histopathological Image Analysis with&#xa0;Style-Augmented Feature Domain Mixing for&#xa0;Improved Generalization,Medical Image Computing and Computer Assisted Intervention – MICCAI 2023 Workshops,10.1007/978-3-031-47401-9_28,Vaibhav KhamankarSutanu BeraSaumik BhattacharyaDebashis SenPrabir Kumar Biswas,2023,https://link.springer.com/chapter/10.1007/978-3-031-47401-9_28,Conference paper,yes,moved,no,no,no,no
Exploring Out-of-Distribution Generalization in Text Classifiers Trained on Tobacco-3482 and RVL-CDIP,Document Analysis and Recognition – ICDAR 2021 Workshops,10.1007/978-3-030-86159-9_30,Stefan LarsonNavtej SinghSaarthak MaheshwariShanti StewartUma Krishnaswamy,2021,https://link.springer.com/chapter/10.1007/978-3-030-86159-9_30,Conference paper,,removed,no,no,no,no
Exploring Text-Guided Synthetic Distribution Shifts for&#xa0;Robust Image Classification,"Progress on Pattern Classification, Image Processing and Communications",10.1007/978-3-031-41630-9_16,Ryan RamosRaphael AlampayPatricia Abu,2023,https://link.springer.com/chapter/10.1007/978-3-031-41630-9_16,Conference paper,,removed,no,no,no,no
Exploring the limits of hierarchical world models in reinforcement learning,Scientific Reports,10.1038/s41598-024-76719-w,Robin SchiewerAnand SubramoneyLaurenz Wiskott,2024,https://link.springer.com/article/10.1038/s41598-024-76719-w,Article,,removed,no,,,
How Reliable Are Out-of-Distribution Generalization Methods for&#xa0;Medical Image Segmentation?,Pattern Recognition,10.1007/978-3-030-92659-5_39,Antoine SannerCamila GonzálezAnirban Mukhopadhyay,2021,https://link.springer.com/chapter/10.1007/978-3-030-92659-5_39,Conference paper,yes,moved,no,no,no,no
Face Presentation Attack Detection,Handbook of Face Recognition,10.1007/978-3-031-43567-6_7,Zitong YuChenxu ZhaoZhen Lei,2024,https://link.springer.com/chapter/10.1007/978-3-031-43567-6_7,Chapter,,removed,no,no,no,no
Facing Asymmetry - Uncovering the&#xa0;Causal Link Between Facial Symmetry and&#xa0;Expression Classifiers Using Synthetic Interventions,Computer Vision – ACCV 2024,10.1007/978-981-96-0911-6_26,Tim BüchnerNiklas PenzelOrlando Guntinas-LichiusJoachim Denzler,2025,https://link.springer.com/chapter/10.1007/978-981-96-0911-6_26,Conference paper,,removed,no,no,no,no
FairDITA: Disentangled Image-Text Alignment for Fair Skin Cancer Diagnosis,Journal of Imaging Informatics in Medicine,10.1007/s10278-025-01693-2,Jiwon ParkSeunggyu LeeYounghoon Lee,2025,https://link.springer.com/article/10.1007/s10278-025-01693-2,Article,,removed,no,no,no,no
Falcon 7b for&#xa0;Software Mention Detection in&#xa0;Scholarly Documents,Natural Scientific Language Processing and Research Knowledge Graphs,10.1007/978-3-031-65794-8_20,AmeerAli KhanQusai RamadanCong YangZeyd Boukhers,2024,https://link.springer.com/chapter/10.1007/978-3-031-65794-8_20,Conference paper,,removed,no,,,
FALCON: Fourier Adaptive Learning and Control for Disturbance Rejection Under Extreme Turbulence,npj Robotics,10.1038/s44182-024-00013-0,Sahin LalePeter I. RennKamyar AzizzadenesheliBabak HassibiMorteza GharibAnima Anandkumar,2024,https://link.springer.com/article/10.1038/s44182-024-00013-0,Article,,removed,no,,,
How to use extra training data for better edge detection?,Applied Intelligence,10.1007/s10489-023-04587-4,Wenya YangWen WuXiao-Diao ChenXiuting TaoXiaoyang Mao,2023,https://link.springer.com/article/10.1007/s10489-023-04587-4,Article,yes,moved,no,no,no,no
Fast intraoperative histology-based diagnosis of gliomas with third harmonic generation microscopy and deep learning,Scientific Reports,10.1038/s41598-022-15423-z,Max BlokkerPhilip C. de Witt HamerPieter WesselingMarie Louise GrootMitko Veta,2022,https://link.springer.com/article/10.1038/s41598-022-15423-z,Article,,removed,no,no,no,no
FathomNet: A global image database for enabling artificial intelligence in the ocean,Scientific Reports,10.1038/s41598-022-19939-2,Kakani KatijaEric OrensteinBrian SchliningLonny LundstenKevin BarnardGiovanna SainzOceane BoulaisMegan CromwellErin ButlerBenjamin WoodwardKatherine L. C. Bell,2022,https://link.springer.com/article/10.1038/s41598-022-19939-2,Article,,removed,no,,,
Fault detection and diagnosis using two-stage attention-based variational LSTM in electrolytic copper manufacturing process,The International Journal of Advanced Manufacturing Technology,10.1007/s00170-023-12356-3,Jaejin YooSeunghwan SongKyuchang ChangJun-Geol Baek,2023,https://link.springer.com/article/10.1007/s00170-023-12356-3,Article,,removed,no,,,
Fault detection in electrical power systems using attention-GRU-based fault classifier (AGFC-Net),Scientific Reports,10.1038/s41598-025-06493-w,Deepen KhandelwalPrateek AnandMayukh RaySangeetha R. G.,2025,https://link.springer.com/article/10.1038/s41598-025-06493-w,Article,,removed,no,,,
Fault diagnosis method of elevator door machine system based on STFT-IncepNext,"Signal, Image and Video Processing",10.1007/s11760-025-04772-7,Ji XiaoshengZhu ZengzhenDu ChenyuKhalil AL-BukhaitiAnping Wan,2025,https://link.springer.com/article/10.1007/s11760-025-04772-7,Article,,removed,no,,,
Fault prediction of aircraft engine based on adaptive hybrid sampling and BiLSTM,Scientific Reports,10.1038/s41598-025-98756-9,Junying HuXu JiangHuan XuKe Zhang,2025,https://link.springer.com/article/10.1038/s41598-025-98756-9,Article,,removed,no,,,
Hyperbolic Metric Learning for&#xa0;Visual Outlier Detection,Computer Vision – ECCV 2024 Workshops,10.1007/978-3-031-91585-7_20,Alvaro Gonzalez-JimenezSimone LionettiDena BazazianPhilippe GottfroisFabian GrögerAlexander NavariniMarc Pouly,2025,https://link.springer.com/chapter/10.1007/978-3-031-91585-7_20,Conference paper,yes,moved,no,no,no,no
Image Dataset Quality Assessment Through Descriptive Out-of-Distribution Detection,KI 2024: Advances in Artificial Intelligence,10.1007/978-3-031-70893-0_11,Sami KharmaJürgen Großmann,2024,https://link.springer.com/chapter/10.1007/978-3-031-70893-0_11,Conference paper,yes,moved,no,no,no,no
Image-Conditioned Diffusion Models for&#xa0;Medical Anomaly Detection,Uncertainty for Safe Utilization of Machine Learning in Medical Imaging,10.1007/978-3-031-73158-7_11,Matthew BaughHadrien ReynaudSergio Naval MarimontSarah CechnickaJohanna P. MüllerGiacomo TarroniBernhard Kainz,2025,https://link.springer.com/chapter/10.1007/978-3-031-73158-7_11,Conference paper,yes,moved,no,no,no,no
Improved Robustness to Open Set Inputs via Tempered Mixup,Computer Vision – ECCV 2020 Workshops,10.1007/978-3-030-66415-2_12,Ryne RoadyTyler L. HayesChristopher Kanan,2020,https://link.springer.com/chapter/10.1007/978-3-030-66415-2_12,Conference paper,yes,moved,no,no,no,no
Federated learning-based natural language processing: a systematic literature review,Artificial Intelligence Review,10.1007/s10462-024-10970-5,Younas KhanDavid SánchezJosep Domingo-Ferrer,2024,https://link.springer.com/article/10.1007/s10462-024-10970-5,Article,,removed,no,no,no,no
Federated Offline Reinforcement Learning for Autonomous Systems,Computer and Communication Engineering,10.1007/978-3-031-17422-3_10,Ju-eun ParkHonguk Woo,2022,https://link.springer.com/chapter/10.1007/978-3-031-17422-3_10,Conference paper,,removed,no,,,
Federated Sufficient Dimension Reduction Through High-Dimensional Sparse Sliced Inverse Regression,Communications in Mathematics and Statistics,10.1007/s40304-022-00332-4,Wenquan CuiYue ZhaoJianjun XuHaoyang Cheng,2023,https://link.springer.com/article/10.1007/s40304-022-00332-4,Article,,removed,no,no,no,no
Improving Drift Detection by&#xa0;Monitoring Shapley Loss Values,Pattern Recognition and Artificial Intelligence,10.1007/978-3-031-09282-4_38,Bastien ZimmermannMatthieu Boussard,2022,https://link.springer.com/chapter/10.1007/978-3-031-09282-4_38,Conference paper,yes,moved,no,no,no,no
Improving Energy-Based Out-of-Distribution Detection by&#xa0;Sparsity Regularization,Advances in Knowledge Discovery and Data Mining,10.1007/978-3-031-05936-0_42,Qichao ChenWenjie JiangKuan LiYi Wang,2022,https://link.springer.com/chapter/10.1007/978-3-031-05936-0_42,Conference paper,yes,moved,no,no,no,no
FedWeight: mitigating covariate shift of federated learning on electronic health records data through patients re-weighting,npj Digital Medicine,10.1038/s41746-025-01661-8,He ZhuJun BaiNa LiXiaoxiao LiDianbo LiuDavid L. BuckeridgeYue Li,2025,https://link.springer.com/article/10.1038/s41746-025-01661-8,Article,,removed,no,no,no,no
Improving Face Recognition by Clustering Unlabeled Faces in the Wild,Computer Vision – ECCV 2020,10.1007/978-3-030-58586-0_8,Aruni RoyChowdhuryXiang YuKihyuk SohnErik Learned-MillerManmohan Chandraker,2020,https://link.springer.com/chapter/10.1007/978-3-030-58586-0_8,Conference paper,yes,moved,no,no,no,no
Improving generalization of image recognition with multi-branch generation network and contrastive learning,Multimedia Tools and Applications,10.1007/s11042-023-14397-y,Zhi TanZhaofei Teng,2023,https://link.springer.com/article/10.1007/s11042-023-14397-y,Article,yes,moved,no,no,no,no
Few-shot learning for non-vitrified ice segmentation,Scientific Reports,10.1038/s41598-025-86308-0,Alma Vivas-LagoDaniel Castaño-Díez,2025,https://link.springer.com/article/10.1038/s41598-025-86308-0,Article,,removed,no,no,no,no
Improving out-of-distribution detection by enforcing confidence margin,Knowledge and Information Systems,10.1007/s10115-025-02380-y,Lakpa TamangMohamed Reda BouadjenekRichard DazeleySunil Aryal,2025,https://link.springer.com/article/10.1007/s10115-025-02380-y,Article,yes,moved,no,no,no,no
incDFM: Incremental Deep Feature Modeling for&#xa0;Continual Novelty Detection,Computer Vision – ECCV 2022,10.1007/978-3-031-19806-9_34,Amanda RiosNilesh AhujaIbrahima NdiourUtku GencLaurent IttiOmesh Tickoo,2022,https://link.springer.com/chapter/10.1007/978-3-031-19806-9_34,Conference paper,yes,moved,no,no,no,no
Few-shot radar emitter signal recognition based on prototype network with filter system,The Journal of Supercomputing,10.1007/s11227-025-07752-3,Yanping LiaoShengwen LinYihan He,2025,https://link.springer.com/article/10.1007/s11227-025-07752-3,Article,,removed,no,no,no,no
Industrial-application-oriented 2D image and 3D object anomaly detection technology: a comprehensive review,Applied Intelligence,10.1007/s10489-025-06689-7,Gang LiChengrun JiangMin LiJiachen LiDelong HanMingle Zhou,2025,https://link.springer.com/article/10.1007/s10489-025-06689-7,Article,yes,moved,no,no,no,no
Information Bottleneck-Based Feature Weighting for Enhanced Medical Image Out-of-Distribution Detection,Uncertainty for Safe Utilization of Machine Learning in Medical Imaging,10.1007/978-3-031-73158-7_12,Brayden SchottŽan KlanečekAlison DeatschVictor Santoro-FernandesThomas FranckenScott PerlmanRobert Jeraj,2025,https://link.springer.com/chapter/10.1007/978-3-031-73158-7_12,Conference paper,yes,moved,no,no,no,no
Flat Local Minima for&#xa0;Continual Learning on&#xa0;Semantic Segmentation,MultiMedia Modeling,10.1007/978-981-96-2054-8_29,Zhongzhan HuangMingfu LiangSenwei LiangShanshan Zhong,2025,https://link.springer.com/chapter/10.1007/978-981-96-2054-8_29,Conference paper,,removed,no,,,
Insect Identification in&#xa0;the&#xa0;Wild: The AMI Dataset,Computer Vision – ECCV 2024,10.1007/978-3-031-72913-3_4,Aditya JainFagner CunhaMichael James BunsenJuan Sebastián CañasLéonard PasiNathan PinoyFlemming HelsingJoAnne RussoMarc BothamMichael SabourinJonathan FréchetteAlexandre AnctilYacksecari LopezEduardo NavarroFilonila Perez PimentelAna Cecilia ZamoraJosé Alejandro Ramirez SilvaJonathan GagnonTom AugustKim BjergeAlba Gomez SeguraMarc BélisleYves BassetKent P. McFarlandDavid RoyToke Thomas HøyeMaxim LarrivéeDavid Rolnick,2025,https://link.springer.com/chapter/10.1007/978-3-031-72913-3_4,Conference paper,yes,moved,no,no,no,no
Interaction of&#xa0;Generalization and&#xa0;Out-of-Distribution Detection Capabilities in&#xa0;Deep Neural Networks,Artificial Neural Networks and Machine Learning – ICANN 2023,10.1007/978-3-031-44204-9_21,Francisco Javier Klaiber AboitizRobert LegensteinOzan Özdenizci,2023,https://link.springer.com/chapter/10.1007/978-3-031-44204-9_21,Conference paper,yes,yes,yes,yes,no,yes
Interpreting rate-distortion of variational autoencoder and using model uncertainty for anomaly detection,Annals of Mathematics and Artificial Intelligence,10.1007/s10472-021-09728-4,Seonho ParkGeorge AdosoglouPanos M. Pardalos,2021,https://link.springer.com/article/10.1007/s10472-021-09728-4,Article,yes,moved,no,no,no,no
"Foundation and large language models: fundamentals, challenges, opportunities, and social impacts",Cluster Computing,10.1007/s10586-023-04203-7,Devon MyersRami MohaweshVenkata Ishwarya ChellaboinaAnantha Lakshmi SathvikPraveen VenkateshYi-Hui HoHanna HenshawMuna AlhawawrehDavid BerdikYaser Jararweh,2023,https://link.springer.com/article/10.1007/s10586-023-04203-7,Article,,removed,no,no,no,no
Foundation models in healthcare require rethinking reliability,Nature Machine Intelligence,10.1038/s42256-024-00924-5,Thomas GroteTimo FreieslebenPhilipp Berens,2024,https://link.springer.com/article/10.1038/s42256-024-00924-5,Article,,removed,no,no,no,no
Frequency Dropout: Feature-Level Regularization via&#xa0;Randomized Filtering,Computer Vision – ECCV 2022 Workshops,10.1007/978-3-031-25066-8_14,Mobarakol IslamBen Glocker,2023,https://link.springer.com/chapter/10.1007/978-3-031-25066-8_14,Conference paper,,removed,no,no,no,no
Invariant representation learning via decoupling style and spurious features,Machine Learning,10.1007/s10994-024-06730-9,Ruimeng LiYuanhao PuZhaoyi LiChenwang WuHong XieDefu Lian,2025,https://link.springer.com/article/10.1007/s10994-024-06730-9,Article,yes,moved,no,no,no,yes
From admission to discharge: a systematic review of clinical natural language processing along the patient journey,BMC Medical Informatics and Decision Making,10.1186/s12911-024-02641-w,Katrin KlugKatharina BeckhDario AntweilerNilesh ChakrabortyGiulia BaldiniKatharina LaueRené HoschFelix NensaMartin SchulerSven Giesselbach,2024,https://link.springer.com/article/10.1186/s12911-024-02641-w,Article,,removed,no,no,no,no
From image classification to segmentation: a comprehensive empirical review,Iran Journal of Computer Science,10.1007/s42044-025-00242-y,RuksanaJamin Rahman JimMd Jonair HossainAritra DasMd Mohsin KabirM. F. Mridha,2025,https://link.springer.com/article/10.1007/s42044-025-00242-y,Article,,removed,no,no,no,no
Inverse Distance Aggregation for Federated Learning with Non-IID Data,"Domain Adaptation and Representation Transfer, and Distributed and Collaborative Learning",10.1007/978-3-030-60548-3_15,Yousef YeganehAzade FarshadNassir NavabShadi Albarqouni,2020,https://link.springer.com/chapter/10.1007/978-3-030-60548-3_15,Conference paper,yes,moved,no,no,no,no
Kill Two Birds with One Stone: Domain Generalization for Semantic Segmentation via Network Pruning,International Journal of Computer Vision,10.1007/s11263-024-02194-5,Yawei LuoPing LiuYi Yang,2024,https://link.springer.com/article/10.1007/s11263-024-02194-5,Article,yes,moved,no,no,no,no
Fusion for Visual-Infrared Person ReID in Real-World Surveillance Using Corrupted Multimodal Data,International Journal of Computer Vision,10.1007/s11263-025-02396-5,Arthur JosiMahdi AlehdaghiRafael M. O. CruzEric Granger,2025,https://link.springer.com/article/10.1007/s11263-025-02396-5,Article,,removed,no,,,
Future-proofing class-incremental learning,Machine Vision and Applications,10.1007/s00138-024-01635-y,Quentin JodeletXin LiuYin Jun PhuaTsuyoshi Murata,2024,https://link.springer.com/article/10.1007/s00138-024-01635-y,Article,,removed,no,,,
GalLoP: Learning Global and&#xa0;Local Prompts for&#xa0;Vision-Language Models,Computer Vision – ECCV 2024,10.1007/978-3-031-73030-6_15,Marc LafonElias RamziClément RambourNicolas AudebertNicolas Thome,2025,https://link.springer.com/chapter/10.1007/978-3-031-73030-6_15,Conference paper,,removed,no,no,no,yes
Game Theoretical Adversarial Deep Learning,Adversarial Machine Learning,10.1007/978-3-030-99772-4_4,Aneesh Sreevallabh ChivukulaXinghao YangBo LiuWei LiuWanlei Zhou,2023,https://link.springer.com/chapter/10.1007/978-3-030-99772-4_4,Chapter,,removed,no,no,no,no
Bayesian continual learning and forgetting in neural networks,Nature Communications,10.1038/s41467-025-64601-w,Djohan BonnetKellian CottartTifenn HirtzlinTarcisius JanuelThomas DalgatyElisa VianelloDamien Querlioz,2025,https://link.springer.com/article/10.1038/s41467-025-64601-w,Article,,removed,no,no,no,no
Label-Assisted Memory Autoencoder for Unsupervised Out-of-Distribution Detection,Machine Learning and Knowledge Discovery in Databases. Research Track,10.1007/978-3-030-86523-8_48,Shuyi ZhangChao PanLiyan SongXiaoyu WuZheng HuKe PeiPeter TinoXin Yao,2021,https://link.springer.com/chapter/10.1007/978-3-030-86523-8_48,Conference paper,yes,moved,no,no,no,no
GDAdaP: A Domain Adaptation Framework for&#xa0;Gene Dependency Prediction in&#xa0;Lung Cancer,Bioinformatics and Computational Biology,10.1007/978-3-031-94039-2_13,Da TanCarson K. Leung,2025,https://link.springer.com/chapter/10.1007/978-3-031-94039-2_13,Conference paper,,removed,no,no,no,no
Generalisation capabilities of machine-learning algorithms for the detection of the subthalamic nucleus in micro-electrode recordings,International Journal of Computer Assisted Radiology and Surgery,10.1007/s11548-024-03202-2,Thibault MartinPierre JanninJohn S. H. Baxter,2024,https://link.springer.com/article/10.1007/s11548-024-03202-2,Article,,removed,no,no,no,yes
Large Class Separation is Not What You Need for&#xa0;Relational Reasoning-Based OOD Detection,Image Analysis and Processing – ICIAP 2023,10.1007/978-3-031-43153-1_25,Lorenzo Li LuGiulia D’AscenziFrancesco Cappio BorlinoTatiana Tommasi,2023,https://link.springer.com/chapter/10.1007/978-3-031-43153-1_25,Conference paper,yes,moved,no,no,no,no
Latent Discriminant Deterministic Uncertainty,Computer Vision – ECCV 2022,10.1007/978-3-031-19775-8_15,Gianni FranchiXuanlong YuAndrei BursucEmanuel AldeaSeverine DubuissonDavid Filliat,2022,https://link.springer.com/chapter/10.1007/978-3-031-19775-8_15,Conference paper,yes,moved,no,no,no,no
Learn from&#xa0;the&#xa0;Learnt: Source-Free Active Domain Adaptation via&#xa0;Contrastive Sampling and&#xa0;Visual Persistence,Computer Vision – ECCV 2024,10.1007/978-3-031-73232-4_13,Mengyao LyuTianxiang HaoXinhao XuHui ChenZijia LinJungong HanGuiguang Ding,2025,https://link.springer.com/chapter/10.1007/978-3-031-73232-4_13,Conference paper,yes,moved,no,no,no,no
Generalizable inductive relation prediction with causal subgraph,World Wide Web,10.1007/s11280-024-01264-5,Han YuZiniu LiuHongkui TuKai ChenAiping Li,2024,https://link.springer.com/article/10.1007/s11280-024-01264-5,Article,,removed,no,no,no,no
Generalization of neural network models for complex network dynamics,Communications Physics,10.1038/s42005-024-01837-w,Vaiva VasiliauskaiteNino Antulov-Fantulin,2024,https://link.springer.com/article/10.1038/s42005-024-01837-w,Article,,removed,no,no,no,no
Learn to&#xa0;Preserve and&#xa0;Diversify: Parameter-Efficient Group with&#xa0;Orthogonal Regularization for&#xa0;Domain Generalization,Computer Vision – ECCV 2024,10.1007/978-3-031-72983-6_12,Jiajun HuJian ZhangLei QiYinghuan ShiYang Gao,2025,https://link.springer.com/chapter/10.1007/978-3-031-72983-6_12,Conference paper,yes,moved,no,no,no,yes
Generalization potential of large language models,Neural Computing and Applications,10.1007/s00521-024-10827-6,Mikhail BudnikovAnna BykovaIvan P. Yamshchikov,2024,https://link.springer.com/article/10.1007/s00521-024-10827-6,Article,,removed,no,no,no,no
Learning Common and&#xa0;Specific Visual Prompts for&#xa0;Domain Generalization,Computer Vision – ACCV 2022,10.1007/978-3-031-26351-4_35,Aodi LiLiansheng ZhuangShuo FanShafei Wang,2023,https://link.springer.com/chapter/10.1007/978-3-031-26351-4_35,Conference paper,yes,moved,no,no,no,no
Generalizing Reward Modeling for&#xa0;Out-of-Distribution Preference Learning,Machine Learning and Knowledge Discovery in Databases. Research Track,10.1007/978-3-031-70362-1_7,Chen Jia,2024,https://link.springer.com/chapter/10.1007/978-3-031-70362-1_7,Conference paper,,removed,no,no,no,no
Generate what you can make: achieving in-house synthesizability with readily available resources in de novo drug design,Journal of Cheminformatics,10.1186/s13321-024-00910-4,Alan Kai HassenMartin ŠíchoYorick J. van AalstMirjam C. W. HuizengaDarcy N. R. ReynoldsSohvi LuukkonenAndrius BernataviciusDjork-Arné ClevertAntonius P. A. JanssenGerard J. P. van WestenMike Preuss,2025,https://link.springer.com/article/10.1186/s13321-024-00910-4,Article,,removed,no,no,no,no
Generating novel pituitary datasets from open-source imaging data and deep volumetric segmentation,Pituitary,10.1007/s11102-022-01255-7,Rachel GologorskyEdward HarakeGrace von OisteMustafa Nasir-MoinWilliam CouldwellEric OermannTodd Hollon,2022,https://link.springer.com/article/10.1007/s11102-022-01255-7,Article,,removed,no,no,no,no
Generating Synthesized Ultrasound Biomicroscopy Images from Anterior Segment Optical Coherent Tomography Images by Generative Adversarial Networks for Iridociliary Assessment,Ophthalmology and Therapy,10.1007/s40123-022-00548-1,Hongfei YeYuan YangKerong MaoYafu WangYiqian HuYu XuPing FeiJiao LyvLi ChenPeiquan ZhaoCe Zheng,2022,https://link.springer.com/article/10.1007/s40123-022-00548-1,Article,,removed,no,no,no,no
"Generative artificial intelligence in ophthalmology: a scoping review of current applications, opportunities, and challenges",Eye,10.1038/s41433-025-04006-7,Aljeena Rahat QureshiJonathan A. MicieliJovi C. Y. Wong,2025,https://link.springer.com/article/10.1038/s41433-025-04006-7,Article,,removed,no,no,no,no
Generative Clausal Networks: Relational Decision Trees as Probabilistic Circuits,Inductive Logic Programming,10.1007/978-3-030-97454-1_18,Fabrizio VentolaDevendra Singh DhamiKristian Kersting,2022,https://link.springer.com/chapter/10.1007/978-3-030-97454-1_18,Conference paper,,removed,no,no,no,no
Learning from Learned Network: An Introspective Model for Arthroscopic Scene Segmentation,Proceedings of International Conference on Information and Communication Technology for Development,10.1007/978-981-19-7528-8_31,Shahnewaz AliFeras DayoubAjay K. Pandey,2023,https://link.springer.com/chapter/10.1007/978-981-19-7528-8_31,Conference paper,yes,moved,no,no,no,no
Generative learning assisted state-of-health estimation for sustainable battery recycling with random retirement conditions,Nature Communications,10.1038/s41467-024-54454-0,Shengyu TaoRuifei MaZixi ZhaoGuangyuan MaLin SuHeng ChangYuou ChenHaizhou LiuZheng LiangTingwei CaoHaocheng JiZhiyuan HanMinyan LuHuixiong YangZongguo WenJianhua YaoRong YuGuodan WeiYang LiXuan ZhangTingyang XuGuangmin Zhou,2024,https://link.springer.com/article/10.1038/s41467-024-54454-0,Article,,removed,no,no,no,no
Learning Hierarchical Visual Transformation for Domain Generalizable Visual Matching and Recognition,International Journal of Computer Vision,10.1007/s11263-024-02106-7,Xun YangTianyu ChangTianzhu ZhangShanshan WangRichang HongMeng Wang,2024,https://link.springer.com/article/10.1007/s11263-024-02106-7,Article,yes,moved,no,no,no,yes
Learning Instance-Specific Adaptation for Cross-Domain Segmentation,Computer Vision – ECCV 2022,10.1007/978-3-031-19827-4_27,Yuliang ZouZizhao ZhangChun-Liang LiHan ZhangTomas PfisterJia-Bin Huang,2022,https://link.springer.com/chapter/10.1007/978-3-031-19827-4_27,Conference paper,yes,moved,no,no,no,no
GenQ: Quantization in&#xa0;Low Data Regimes with&#xa0;Generative Synthetic Data,Computer Vision – ECCV 2024,10.1007/978-3-031-72624-8_13,Yuhang LiYoungeun KimDonghyun LeeSouvik KunduPriyadarshini Panda,2025,https://link.springer.com/chapter/10.1007/978-3-031-72624-8_13,Conference paper,,removed,no,no,no,no
Learning Invariant Visual Representations for&#xa0;Compositional Zero-Shot Learning,Computer Vision – ECCV 2022,10.1007/978-3-031-20053-3_20,Tian ZhangKongming LiangRuoyi DuXian SunZhanyu MaJun Guo,2022,https://link.springer.com/chapter/10.1007/978-3-031-20053-3_20,Conference paper,yes,moved,no,no,no,no
Goal-conditioned offline reinforcement learning through state space partitioning,Machine Learning,10.1007/s10994-023-06500-z,Mianchu WangYue JinGiovanni Montana,2024,https://link.springer.com/article/10.1007/s10994-023-06500-z,Article,,removed,no,no,no,no
Learning Multi-Manifold Embedding for&#xa0;Out-of-Distribution Detection,Computer Vision – ECCV 2024 Workshops,10.1007/978-3-031-91585-7_25,Jeng-Lin LiMing-Ching ChangWei-Chao Chen,2025,https://link.springer.com/chapter/10.1007/978-3-031-91585-7_25,Conference paper,yes,moved,no,no,no,no
GRACE: Graph-Based Contextual Debiasing for&#xa0;Fair Visual Question Answering,Computer Vision – ECCV 2024,10.1007/978-3-031-72643-9_11,Yifeng ZhangMing JiangQi Zhao,2025,https://link.springer.com/chapter/10.1007/978-3-031-72643-9_11,Conference paper,,removed,no,no,no,no
GraCoD: a disruptive graph-aware drift detection algorithm with a GCN-based time-varying module for concept drift detection in short text streams,International Journal on Digital Libraries,10.1007/s00799-025-00434-8,Megha Ashok PatilSunil KumarSandeep Kumar,2025,https://link.springer.com/article/10.1007/s00799-025-00434-8,Article,,removed,no,no,no,no
Learning Non-linear Invariants for&#xa0;Unsupervised Out-of-Distribution Detection,Computer Vision – ECCV 2024,10.1007/978-3-031-72943-0_18,Lars DoorenbosRaphael SznitmanPablo Márquez-Neila,2025,https://link.springer.com/chapter/10.1007/978-3-031-72943-0_18,Conference paper,yes,moved,no,no,no,no
Learning Open Set Network with Discriminative Reciprocal Points,Computer Vision – ECCV 2020,10.1007/978-3-030-58580-8_30,Guangyao ChenLimeng QiaoYemin ShiPeixi PengJia LiTiejun HuangShiliang PuYonghong Tian,2020,https://link.springer.com/chapter/10.1007/978-3-030-58580-8_30,Conference paper,yes,moved,no,no,no,no
Grounding Visual Representations with&#xa0;Texts for&#xa0;Domain Generalization,Computer Vision – ECCV 2022,10.1007/978-3-031-19836-6_3,Seonwoo MinNokyung ParkSiwon KimSeunghyun ParkJinkyu Kim,2022,https://link.springer.com/chapter/10.1007/978-3-031-19836-6_3,Conference paper,,removed,no,no,no,no
Guest Editorial: Special Issue on Open-World Visual Recognition,International Journal of Computer Vision,10.1007/s11263-024-02232-2,Zhun ZhongHong LiuYin CuiShin’ichi SatohNicu SebeMing-Hsuan Yang,2024,https://link.springer.com/article/10.1007/s11263-024-02232-2,Article,,removed,no,no,no,no
Guest Editorial: Special Issue on the Promises and Dangers of Large Vision Models,International Journal of Computer Vision,10.1007/s11263-023-01941-4,Kaiyang ZhouZiwei LiuXiaohua ZhaiChunyuan LiKate Saenko,2023,https://link.springer.com/article/10.1007/s11263-023-01941-4,Article,,removed,no,no,no,no
Learning to Detect Novel Species with SAM in the Wild,International Journal of Computer Vision,10.1007/s11263-024-02234-0,Garvita AllabadiAna LucicYu-Xiong WangVikram Adve,2024,https://link.springer.com/article/10.1007/s11263-024-02234-0,Article,yes,moved,no,no,no,no
Learning Towards Synchronous Network Memorizability and&#xa0;Generalizability for&#xa0;Continual Segmentation Across Multiple Sites,Medical Image Computing and Computer Assisted Intervention – MICCAI 2022,10.1007/978-3-031-16443-9_37,Jingyang ZhangPeng XueRan GuYuning GuMianxin LiuYongsheng PanZhiming CuiJiawei HuangLei MaDinggang Shen,2022,https://link.springer.com/chapter/10.1007/978-3-031-16443-9_37,Conference paper,yes,moved,no,no,no,no
A calibration test for evaluating set-based epistemic uncertainty representations,Machine Learning,10.1007/s10994-025-06844-8,Mira JürgensThomas MortierEyke HüllermeierViktor BengsWillem Waegeman,2025,https://link.springer.com/article/10.1007/s10994-025-06844-8,Article,,removed,no,no,no,no
A deep learning pipeline for three-dimensional brain-wide mapping of local neuronal ensembles in teravoxel light-sheet microscopy,Nature Methods,10.1038/s41592-024-02583-1,Ahmadreza AttarpourJonas OsmannAnthony RinaldiTianbo QiNeeraj LalShruti PatelMatthew RozakFengqing YuNewton ChoJordan SquairJoAnne McLaurinMisha RaffieeKarl DeisserothGregoire CourtineLi YeBojana StefanovicMaged Goubran,2025,https://link.springer.com/article/10.1038/s41592-024-02583-1,Article,,removed,no,no,no,no
Learning with&#xa0;Synthesized Data for&#xa0;Generalizable Lesion Detection in&#xa0;Real PET Images,Medical Image Computing and Computer Assisted Intervention – MICCAI 2023,10.1007/978-3-031-43904-9_12,Xinyi YangBennett ChinMichael SiloskyDaniel LitwillerDebashis GhoshFuyong Xing,2023,https://link.springer.com/chapter/10.1007/978-3-031-43904-9_12,Conference paper,yes,moved,no,no,no,no
Hierarchical contrastive representation for zero shot learning,Applied Intelligence,10.1007/s10489-024-05531-w,Ziqian LuZheming LuZewei HeXuecheng SunHao LuoYangming Zheng,2024,https://link.springer.com/article/10.1007/s10489-024-05531-w,Article,,removed,no,no,no,no
Lightweight self supervised learning framework for domain generalization in histopathology,Scientific Reports,10.1038/s41598-025-20411-0,Abubakr ShafiqueAmanda DyXiaoli QinNajd AlshamlanDimitrios AndroutsosSusan J. DoneApril Khademi,2025,https://link.springer.com/article/10.1038/s41598-025-20411-0,Article,yes,moved,no,no,no,no
Long-Tailed Recognition Using Class-Balanced Experts,Pattern Recognition,10.1007/978-3-030-71278-5_7,Saurabh SharmaNing YuMario FritzBernt Schiele,2021,https://link.springer.com/chapter/10.1007/978-3-030-71278-5_7,Conference paper,yes,moved,no,no,no,no
Many Tasks Make Light Work: Learning to&#xa0;Localise Medical Anomalies from&#xa0;Multiple Synthetic Tasks,Medical Image Computing and Computer Assisted Intervention – MICCAI 2023,10.1007/978-3-031-43907-0_16,Matthew BaughJeremy TanJohanna P. MüllerMischa DombrowskiJames BattenBernhard Kainz,2023,https://link.springer.com/chapter/10.1007/978-3-031-43907-0_16,Conference paper,yes,moved,no,no,no,no
MAP: Domain Generalization via&#xa0;Meta-Learning on&#xa0;Anatomy-Consistent Pseudo-Modalities,Medical Image Computing and Computer Assisted Intervention – MICCAI 2023 Workshops,10.1007/978-3-031-47401-9_18,Dewei HuHao LiHan LiuXing YaoJiacheng WangIpek Oguz,2023,https://link.springer.com/chapter/10.1007/978-3-031-47401-9_18,Conference paper,yes,moved,no,no,no,no
MapFlow: latent transition via normalizing flow for unsupervised domain adaptation,Machine Learning,10.1007/s10994-023-06357-2,Hossein AskariYasir LatifHongfu Sun,2023,https://link.springer.com/article/10.1007/s10994-023-06357-2,Article,yes,moved,no,no,no,no
MaxStyle: Adversarial Style Composition for&#xa0;Robust Medical Image Segmentation,Medical Image Computing and Computer Assisted Intervention – MICCAI 2022,10.1007/978-3-031-16443-9_15,Chen ChenZeju LiCheng OuyangMatthew SinclairWenjia BaiDaniel Rueckert,2022,https://link.springer.com/chapter/10.1007/978-3-031-16443-9_15,Conference paper,yes,moved,no,no,no,no
Histopathology and proteomics are synergistic for high-grade serous ovarian cancer platinum response prediction,npj Precision Oncology,10.1038/s41698-025-00808-w,Oz KilimAlex OlarAndrás BiriczLilla MadarasPéter PollnerZoltán SzállásiZsofia SztupinszkiIstván Csabai,2025,https://link.springer.com/article/10.1038/s41698-025-00808-w,Article,,removed,no,no,no,no
How different is different? Systematically identifying distribution shifts and their impacts in NER datasets,Language Resources and Evaluation,10.1007/s10579-024-09754-8,Xue LiPaul Groth,2024,https://link.springer.com/article/10.1007/s10579-024-09754-8,Article,,removed,yes,no,no,no
How Does Fine-Tuning Impact Out-of-Distribution Detection for Vision-Language Models?,International Journal of Computer Vision,10.1007/s11263-023-01895-7,Yifei MingYixuan Li,2023,https://link.springer.com/article/10.1007/s11263-023-01895-7,Article,,removed,no,yes,no,yes
MedMLP: An Efficient MLP-Like Network for&#xa0;Zero-Shot Retinal Image Classification,Medical Image Computing and Computer Assisted Intervention – MICCAI 2024,10.1007/978-3-031-72384-1_25,Menghan ZhouYanyu XuZhi Da SohHuazhu FuRick Siow Mong GOHChing-Yu ChengYong LiuLiangli Zhen,2024,https://link.springer.com/chapter/10.1007/978-3-031-72384-1_25,Conference paper,yes,yes,no,no,no,yes
How to certify machine learning based safety-critical systems? A systematic literature review,Automated Software Engineering,10.1007/s10515-022-00337-x,Florian TambonGabriel LabergeLe AnAmin NikanjamPaulina Stevia Nouwou MindomYann PequignotFoutse KhomhGiulio AntoniolEttore MerloFrançois Laviolette,2022,https://link.springer.com/article/10.1007/s10515-022-00337-x,Article,,removed,no,no,no,no
Meta-Learning with&#xa0;Less Forgetting on&#xa0;Large-Scale Non-Stationary Task Distributions,Computer Vision – ECCV 2022,10.1007/978-3-031-20044-1_13,Zhenyi WangLi ShenLe FangQiuling SuoDonglin ZhanTiehang DuanMingchen Gao,2022,https://link.springer.com/chapter/10.1007/978-3-031-20044-1_13,Conference paper,yes,moved,no,no,no,yes
Human Action Recognition and Prediction: A Survey,International Journal of Computer Vision,10.1007/s11263-022-01594-9,Yu KongYun Fu,2022,https://link.springer.com/article/10.1007/s11263-022-01594-9,Article,,removed,no,no,no,no
Human Motion Forecasting in&#xa0;Dynamic Domain Shifts: A Homeostatic Continual Test-Time Adaptation Framework,Computer Vision – ECCV 2024,10.1007/978-3-031-72751-1_25,Qiongjie CuiHuaijiang SunWeiqing LiJianfeng LuBin Li,2025,https://link.springer.com/chapter/10.1007/978-3-031-72751-1_25,Conference paper,,removed,no,no,no,no
Human-in-the-loop handling of knowledge drift,Data Mining and Knowledge Discovery,10.1007/s10618-022-00845-0,Andrea BontempelliFausto GiunchigliaAndrea PasseriniStefano Teso,2022,https://link.springer.com/article/10.1007/s10618-022-00845-0,Article,,removed,no,no,no,no
Hybrid attention-enhanced explainable model for encrypted traffic detection and classification,International Journal of Information Security,10.1007/s10207-025-01064-6,Adit SharmaArash Habibi Lashkari,2025,https://link.springer.com/article/10.1007/s10207-025-01064-6,Article,,removed,no,no,no,no
Hyperbolic Deep Learning in Computer Vision: A Survey,International Journal of Computer Vision,10.1007/s11263-024-02043-5,Pascal MettesMina Ghadimi AtighMartin Keller-ResselJeffrey GuSerena Yeung,2024,https://link.springer.com/article/10.1007/s11263-024-02043-5,Article,,removed,no,no,no,no
MimicGAN: Robust Projection onto Image Manifolds with Corruption Mimicking,International Journal of Computer Vision,10.1007/s11263-020-01310-5,Rushil AnirudhJayaraman J. ThiagarajanBhavya KailkhuraPeer-Timo Bremer,2020,https://link.springer.com/article/10.1007/s11263-020-01310-5,Article,yes,moved,no,no,no,no
ICDAR 2023 Competition on&#xa0;Document UnderstanDing of&#xa0;Everything (DUDE),Document Analysis and Recognition - ICDAR 2023,10.1007/978-3-031-41679-8_24,Jordy Van LandeghemRubèn TitoŁukasz BorchmannMichał PietruszkaDawid JurkiewiczRafał PowalskiPaweł JóziakSanket BiswasMickaël CoustatyTomasz Stanisławek,2023,https://link.springer.com/chapter/10.1007/978-3-031-41679-8_24,Conference paper,,removed,no,no,no,no
Identifying malicious traffic under concept drift based on intraclass consistency enhanced variational autoencoder,Science China Information Sciences,10.1007/s11432-023-4010-4,Xiang LuoChang LiuGaopeng GouGang XiongZhen LiBinxing Fang,2024,https://link.springer.com/article/10.1007/s11432-023-4010-4,Article,,removed,no,,,
Identifying viruses from metagenomic data using deep learning,Quantitative Biology,10.1007/s40484-019-0187-4,Jie RenKai SongChao DengNathan A. AhlgrenJed A. FuhrmanYi LiXiaohui XieRyan PoplinFengzhu Sun,2020,https://link.springer.com/article/10.1007/s40484-019-0187-4,Article,,removed,no,,,
Identifying visible tissue in intraoperative ultrasound: a method and application,International Journal of Computer Assisted Radiology and Surgery,10.1007/s11548-025-03415-z,Alistair WeldLuke DixonMichael DyckGiulio AnichiniAlex RanneSophie CampStamatia Giannarou,2025,https://link.springer.com/article/10.1007/s11548-025-03415-z,Article,,removed,no,,,
IID Relaxation by&#xa0;Logical Expressivity: A Research Agenda for&#xa0;Fitting Logics to&#xa0;Neurosymbolic Requirements,Neural-Symbolic Learning and Reasoning,10.1007/978-3-031-71170-1_1,Maarten C. StolAlessandra Mileo,2024,https://link.springer.com/chapter/10.1007/978-3-031-71170-1_1,Conference paper,,removed,no,no,no,no
Image augmentation approaches for small and tiny object detection in aerial images: a review,Multimedia Tools and Applications,10.1007/s11042-024-19768-7,Ume Nisa,2024,https://link.springer.com/article/10.1007/s11042-024-19768-7,Article,,removed,no,no,no,no
Image Classification as a Service,Smart Algorithms for Multimedia and Imaging,10.1007/978-3-030-66741-2_9,Mikhail Y. Sirotenko,2021,https://link.springer.com/chapter/10.1007/978-3-030-66741-2_9,Chapter,,removed,no,no,no,no
MixStyle Neural Networks for Domain Generalization and Adaptation,International Journal of Computer Vision,10.1007/s11263-023-01913-8,Kaiyang ZhouYongxin YangYu QiaoTao Xiang,2023,https://link.springer.com/article/10.1007/s11263-023-01913-8,Article,yes,moved,no,no,no,yes
"Image fairness in deep learning: problems, models, and challenges",Neural Computing and Applications,10.1007/s00521-022-07136-1,Huan TianTianqing ZhuWei LiuWanlei Zhou,2022,https://link.springer.com/article/10.1007/s00521-022-07136-1,Article,,removed,no,no,no,no
Model Stock: All We Need Is Just a&#xa0;Few Fine-Tuned Models,Computer Vision – ECCV 2024,10.1007/978-3-031-72784-9_12,Dong-Hwan JangSangdoo YunDongyoon Han,2025,https://link.springer.com/chapter/10.1007/978-3-031-72784-9_12,Conference paper,yes,moved,no,no,no,no
Implicit regularization of a deep augmented neural network model for human motion prediction,Applied Intelligence,10.1007/s10489-022-04419-x,Gaurav Kumar YadavMohamed Abdel-NasserHatem A. RashwanDomenec PuigG. C. Nandi,2023,https://link.springer.com/article/10.1007/s10489-022-04419-x,Article,,removed,no,no,no,yes
Modeling Intra-class and&#xa0;Inter-class Constraints for&#xa0;Out-of-Domain Detection,Database Systems for Advanced Applications,10.1007/978-3-031-30678-5_12,Shun ZhangJiaqi BaiTongliang LiZhao YanZhoujun Li,2023,https://link.springer.com/chapter/10.1007/978-3-031-30678-5_12,Conference paper,yes,moved,no,no,no,no
Improving 3D Object Detection for Autonomous Driving – A Case Study of Data-Driven Development,Automatisiertes Fahren 2024,10.1007/978-3-658-45196-7_7,Andreas HartmannsgruberChristopher PinkeChen JingShanoop PangottilRalph GreweMatthias StraussJürgen MottokRaúl Rojas,2024,https://link.springer.com/chapter/10.1007/978-3-658-45196-7_7,Conference paper,,removed,no,,,
Multi-Class Anomaly Detection,Neural Information Processing,10.1007/978-3-031-30111-7_31,Suresh SinghMinwei LuoYu Li,2023,https://link.springer.com/chapter/10.1007/978-3-031-30111-7_31,Conference paper,yes,moved,no,no,no,no
Improving Cross-Domain Brain Tissue Segmentation in&#xa0;Fetal MRI with&#xa0;Synthetic&#xa0;Data,Medical Image Computing and Computer Assisted Intervention – MICCAI 2024,10.1007/978-3-031-72378-0_41,Vladyslav ZalevskyiThomas SanchezMargaux RouletJordina Aviles VerderaJana HutterHamza KebiriMeritxell Bach Cuadra,2024,https://link.springer.com/chapter/10.1007/978-3-031-72378-0_41,Conference paper,,removed,no,no,no,no
Multi-label Out-of-Distribution Detection via&#xa0;Evidential Learning,Computer Vision – ECCV 2024 Workshops,10.1007/978-3-031-91585-7_13,Eduardo AguilarBogdan RaducanuPetia Radeva,2025,https://link.springer.com/chapter/10.1007/978-3-031-91585-7_13,Conference paper,yes,moved,no,no,no,no
Multi-label out-of-distribution detection with spectral normalized joint energy,World Wide Web,10.1007/s11280-025-01353-z,Yihan MeiXinyu WangChangzhi SunDell ZhangXiaoling Wang,2025,https://link.springer.com/article/10.1007/s11280-025-01353-z,Article,yes,moved,no,yes,no,yes
Multiple Class Novelty Detection Under Data Distribution Shift,Computer Vision – ECCV 2020,10.1007/978-3-030-58571-6_26,Poojan OzaHien V. NguyenVishal M. Patel,2020,https://link.springer.com/chapter/10.1007/978-3-030-58571-6_26,Conference paper,yes,yes,yes,no,no,no
Multiple perception contrastive learning for automated ovarian tumor classification in CT images,Abdominal Radiology,10.1007/s00261-025-04879-y,Lingwei LiTongtong LiuPeng WangLianzheng SuLei WangXinmiao WangChidao Chen,2025,https://link.springer.com/article/10.1007/s00261-025-04879-y,Article,yes,moved,no,no,no,no
Improving generalization of machine learning-identified biomarkers using causal modelling with examples from immune receptor diagnostics,Nature Machine Intelligence,10.1038/s42256-023-00781-8,Milena PavlovićGhadi S. Al HajjChakravarthi KanduriJohan PensarMollie E. WoodLudvig M. SollidVictor GreiffGeir K. Sandve,2024,https://link.springer.com/article/10.1038/s42256-023-00781-8,Article,,removed,no,,,
Improving Object Detection with Selective Self-supervised Self-training,Computer Vision – ECCV 2020,10.1007/978-3-030-58526-6_35,Yandong LiDi HuangDanfeng QinLiqiang WangBoqing Gong,2020,https://link.springer.com/chapter/10.1007/978-3-030-58526-6_35,Conference paper,,removed,no,no,no,no
Multiple Teacher Model for&#xa0;Continual Test-Time Domain Adaptation,AI 2023: Advances in Artificial Intelligence,10.1007/978-981-99-8388-9_25,Ran WangHua ZuoZhen FangJie Lu,2024,https://link.springer.com/chapter/10.1007/978-981-99-8388-9_25,Conference paper,yes,moved,no,no,no,no
NashAE: Disentangling Representations Through Adversarial Covariance Minimization,Computer Vision – ECCV 2022,10.1007/978-3-031-19812-0_3,Eric YeatsFrank LiuDavid WombleHai Li,2022,https://link.springer.com/chapter/10.1007/978-3-031-19812-0_3,Conference paper,yes,moved,no,no,no,no
Improving Zero-Shot Generalization of&#xa0;Learned Prompts via&#xa0;Unsupervised Knowledge Distillation,Computer Vision – ECCV 2024,10.1007/978-3-031-72907-2_27,Marco MistrettaAlberto BaldratiMarco BertiniAndrew D. Bagdanov,2025,https://link.springer.com/chapter/10.1007/978-3-031-72907-2_27,Conference paper,,removed,no,no,no,no
Neural Causal Regularization: Extending Causal Invariance to&#xa0;Deep Models,Statistics for Innovation I,10.1007/978-3-031-96736-8_17,Francisco RichterKaterina RiganaErnst Wit,2025,https://link.springer.com/chapter/10.1007/978-3-031-96736-8_17,Conference paper,yes,moved,no,no,no,yes
Incremental classifier learning based on PEDCC-loss and cosine distance,Multimedia Tools and Applications,10.1007/s11042-021-11163-w,Qiuyu ZhuZikuang HeXin Ye,2021,https://link.springer.com/article/10.1007/s11042-021-11163-w,Article,,removed,no,no,no,no
Incremental learning with neural networks for computer vision: a survey,Artificial Intelligence Review,10.1007/s10462-022-10294-2,Hao LiuYong ZhouBing LiuJiaqi ZhaoRui YaoZhiwen Shao,2022,https://link.springer.com/article/10.1007/s10462-022-10294-2,Article,,removed,no,no,no,no
Incremental Model Enhancement via Memory-based Contrastive Learning,International Journal of Computer Vision,10.1007/s11263-024-02138-z,Shiyu XuanMing YangShiliang Zhang,2024,https://link.springer.com/article/10.1007/s11263-024-02138-z,Article,,removed,no,no,no,no
Inductive biases for zero-shot systematic generalization in language-informed reinforcement learning,Machine Learning,10.1007/s10994-025-06764-7,Negin Hashemi DijujinSeyed Roozbeh Razavi RohaniMohammad Mahdi SamieiMahdieh Soleymani Baghshah,2025,https://link.springer.com/article/10.1007/s10994-025-06764-7,Article,,removed,no,no,no,no
NICO Challenge: Out-of-Distribution Generalization for&#xa0;Image Recognition Challenges,Computer Vision – ECCV 2022 Workshops,10.1007/978-3-031-25075-0_29,Xingxuan ZhangYue HeTan WangJiaxin QiHan YuZimu WangJie PengRenzhe XuZheyan ShenYulei NiuHanwang ZhangPeng Cui,2023,https://link.springer.com/chapter/10.1007/978-3-031-25075-0_29,Conference paper,yes,moved,no,no,no,no
Not All Tasks Are Equal: A Parameter-Efficient Task Reweighting Method for&#xa0;Few-Shot Learning,Machine Learning and Knowledge Discovery in Databases: Research Track,10.1007/978-3-031-43415-0_25,Xin LiuYilin LyuLiping JingTieyong ZengJian Yu,2023,https://link.springer.com/chapter/10.1007/978-3-031-43415-0_25,Conference paper,yes,moved,no,no,no,no
Novel Class Discovery Without Forgetting,Computer Vision – ECCV 2022,10.1007/978-3-031-20053-3_33,K. J. JosephSujoy PaulGaurav AggarwalSoma BiswasPiyush RaiKai HanVineeth N. Balasubramanian,2022,https://link.springer.com/chapter/10.1007/978-3-031-20053-3_33,Conference paper,yes,moved,no,no,no,no
"Inspect, Understand, Overcome: A Survey of Practical Methods for AI Safety",Deep Neural Networks and Data for Automated Driving,10.1007/978-3-031-01233-4_1,Sebastian HoubenStephanie AbrechtMaram AkilaAndreas BärFelix BrockherdePatrick FeifelTim FingscheidtSujan Sai GannamaneniSeyed Eghbal GhobadiAhmed HammamAnselm HaselhoffFelix HauserChristian HeinzemannMarco HoffmannNikhil KapoorFalk KappelMarvin KlingnerJan KronenbergerFabian KüppersJonas LöhdefinkMichael MlynarskiMichael MockFiras MuallaSvetlana PavlitskayaMaximilian PoretschkinAlexander PohlVarun Ravi-KumarJulia RosenzweigMatthias RottmannStefan RüpingTimo SämannJan David SchneiderElena SchulzGesina SchwalbeJoachim SickingToshika SrivastavaSerin VargheseMichael WeberSebastian WirkertTim WirtzMatthias Woehrle,2022,https://link.springer.com/chapter/10.1007/978-3-031-01233-4_1,Chapter,,removed,no,no,no,no
Integrating Markov Blanket Discovery Into Causal Representation Learning for&#xa0;Domain Generalization,Computer Vision – ECCV 2024,10.1007/978-3-031-72684-2_16,Naiyu YinHanjing WangYue YuTian GaoAmit DhurandharQiang Ji,2025,https://link.springer.com/chapter/10.1007/978-3-031-72684-2_16,Conference paper,,removed,no,,,
Intent Recognition,Intent Recognition for Human-Machine Interactions,10.1007/978-981-99-3885-8_2,Hua XuHanlei ZhangTing-En Lin,2023,https://link.springer.com/chapter/10.1007/978-981-99-3885-8_2,Chapter,,removed,no,no,no,no
Novel Disease Detection Using Ensembles with Regularized Disagreement,"Uncertainty for Safe Utilization of Machine Learning in Medical Imaging, and Perinatal Imaging, Placental and Preterm Image Analysis",10.1007/978-3-030-87735-4_13,Alexandru ȚifreaEric StavaracheFanny Yang,2021,https://link.springer.com/chapter/10.1007/978-3-030-87735-4_13,Conference paper,yes,moved,no,no,no,no
Interpretable bilinear attention network with domain adaptation improves drug–target prediction,Nature Machine Intelligence,10.1038/s42256-022-00605-1,Peizhen BaiFilip MiljkovićBino JohnHaiping Lu,2023,https://link.springer.com/article/10.1038/s42256-022-00605-1,Article,,removed,no,,,
"Interpretable deep learning: interpretation, interpretability, trustworthiness, and beyond",Knowledge and Information Systems,10.1007/s10115-022-01756-8,Xuhong LiHaoyi XiongXingjian LiXuanyu WuXiao ZhangJi LiuJiang BianDejing Dou,2022,https://link.springer.com/article/10.1007/s10115-022-01756-8,Article,,removed,no,no,no,no
Interpreting and generalizing deep learning in physics-based problems with functional linear models,Engineering with Computers,10.1007/s00366-024-01987-z,Amirhossein ArzaniLingxiao YuanPania NewellBei Wang,2024,https://link.springer.com/article/10.1007/s00366-024-01987-z,Article,,removed,no,,,
NOVUM: Neural Object Volumes for&#xa0;Robust Object Classification,Computer Vision – ECCV 2024,10.1007/978-3-031-73235-5_15,Artur JesslenGuofeng ZhangAngtian WangWufei MaAlan YuilleAdam Kortylewski,2025,https://link.springer.com/chapter/10.1007/978-3-031-73235-5_15,Conference paper,yes,moved,no,no,no,yes
Into the unknown: active monitoring of neural networks (extended version),International Journal on Software Tools for Technology Transfer,10.1007/s10009-023-00711-4,Konstantin KueffnerAnna LukinaChristian SchillingThomas A. Henzinger,2023,https://link.springer.com/article/10.1007/s10009-023-00711-4,Article,,removed,no,no,no,no
Introducing a&#xa0;Class-Aware Metric for&#xa0;Monocular Depth Estimation: An Automotive Perspective,Computer Vision – ECCV 2024 Workshops,10.1007/978-3-031-91672-4_17,Tim BaderLeon EisemannAdrian PogorzelskiNamrata JangidAttila-Balazs Kis,2025,https://link.springer.com/chapter/10.1007/978-3-031-91672-4_17,Conference paper,,removed,no,,,
Introduction,Introduction to Transfer Learning,10.1007/978-981-19-7584-4_1,Jindong WangYiqiang Chen,2023,https://link.springer.com/chapter/10.1007/978-981-19-7584-4_1,Chapter,,removed,no,no,no,no
Introduction to domain generalization,,10.1007/978-981-19-7279-9,Jindong Wang,2022,https://link.springer.com/video/10.1007/978-981-19-7279-9,Video,,removed,no,no,no,no
Invariant graph learning meets information bottleneck for out-of-distribution generalization,Frontiers of Computer Science,10.1007/s11704-025-40798-3,Wenyu MaoJiancan WuHaoyang LiuYongduo SuiXiang Wang,2025,https://link.springer.com/article/10.1007/s11704-025-40798-3,Article,,removed,no,no,no,yes
Invariant representation driven neural classifier for anti-QCD jet tagging,Journal of High Energy Physics,10.1007/JHEP10(2022)152,Taoli ChengAaron Courville,2022,https://link.springer.com/article/10.1007/JHEP10(2022)152,Article,,removed,no,,,
"On Multi-Domain Long-Tailed Recognition, Imbalanced Domain Generalization and&#xa0;Beyond",Computer Vision – ECCV 2022,10.1007/978-3-031-20044-1_4,Yuzhe YangHao WangDina Katabi,2022,https://link.springer.com/chapter/10.1007/978-3-031-20044-1_4,Conference paper,yes,moved,no,no,no,no
On the benefits of representation regularization in invariance based domain generalization,Machine Learning,10.1007/s10994-021-06080-w,Changjian ShuiBoyu WangChristian Gagné,2022,https://link.springer.com/article/10.1007/s10994-021-06080-w,Article,yes,moved,no,no,no,no
Investigating interoperable event corpora: limitations of reusability of resources and portability of models,Language Resources and Evaluation,10.1007/s10579-023-09643-6,Tommaso CaselliJohan Bos,2023,https://link.springer.com/article/10.1007/s10579-023-09643-6,Article,,removed,no,,,
On the&#xa0;Detection of&#xa0;Anomalous or&#xa0;Out-of-Distribution Data in&#xa0;Vision Models Using Statistical Techniques,"The 3rd International Conference on Artificial Intelligence and Computer Vision (AICV2023), March 5–7, 2023",10.1007/978-3-031-27762-7_40,Laura O’MahonyDavid JP O’SullivanNikola S. Nikolov,2023,https://link.springer.com/chapter/10.1007/978-3-031-27762-7_40,Conference paper,yes,moved,no,no,no,no
Kantian Idealism and AI,Dialectic of Digital Enlightenment,10.1007/978-3-031-95469-6_2,Vadim Chaly,2025,https://link.springer.com/chapter/10.1007/978-3-031-95469-6_2,Chapter,,removed,no,no,no,no
On the&#xa0;Generalization Capabilities of&#xa0;FSL Methods Through Domain Adaptation: A Case Study in&#xa0;Endoscopic Kidney Stone Image Classification,Advances in Computational Intelligence,10.1007/978-3-031-19493-1_21,Mauricio Mendez-RuizFrancisco Lopez-TiroDaniel Flores-AraizaJonathan El-BezeGilberto Ochoa-RuizMiguel Gonzalez-MendozaJacques HubertAndres Mendez-VazquezChristian Daul,2022,https://link.springer.com/chapter/10.1007/978-3-031-19493-1_21,Conference paper,yes,moved,no,no,no,no
KL Regularized Normalization Framework for&#xa0;Low Resource Tasks,Machine Learning and Knowledge Discovery in Databases: Research Track,10.1007/978-3-031-43421-1_5,Neeraj KumarAnkur NarangBrejesh Lall,2023,https://link.springer.com/chapter/10.1007/978-3-031-43421-1_5,Conference paper,,removed,no,no,no,no
On the&#xa0;Optimal Combination of&#xa0;Cross-Entropy and&#xa0;Soft Dice Losses for&#xa0;Lesion Segmentation with&#xa0;Out-of-Distribution Robustness,Diabetic Foot Ulcers Grand Challenge,10.1007/978-3-031-26354-5_4,Adrian GaldranGustavo CarneiroMiguel A. González Ballester,2023,https://link.springer.com/chapter/10.1007/978-3-031-26354-5_4,Conference paper,yes,moved,no,no,no,no
Knowledge Representation Learning and Knowledge-Guided NLP,Representation Learning for Natural Language Processing,10.1007/978-981-99-1600-9_9,Xu HanWeize ChenZhiyuan LiuYankai LinMaosong Sun,2023,https://link.springer.com/chapter/10.1007/978-981-99-1600-9_9,Chapter,,removed,no,no,no,no
Krakencoder: a unified brain connectome translation and fusion tool,Nature Methods,10.1038/s41592-025-02706-2,Keith W. JamisonZijin GuQinxin WangCeren TozluMert R. SabuncuAmy Kuceyeski,2025,https://link.springer.com/article/10.1038/s41592-025-02706-2,Article,,removed,no,no,no,no
One-class support vector machines for detecting population drift in deployed machine learning medical diagnostics,Scientific Reports,10.1038/s41598-025-94427-x,William S. JonesDaniel J. Farrow,2025,https://link.springer.com/article/10.1038/s41598-025-94427-x,Article,yes,moved,no,no,no,no
Landmark-Based Screening: Femoral Head Coverage and&#xa0;Graf Classification in Infant Developmental Dysplasia of&#xa0;the&#xa0;Hip,Computer Vision – ECCV 2024 Workshops,10.1007/978-3-031-92089-9_1,Allison ClementAbhinav SinghIrina Voiculescu,2025,https://link.springer.com/chapter/10.1007/978-3-031-92089-9_1,Conference paper,,removed,no,no,no,no
LAPT: Label-Driven Automated Prompt Tuning for&#xa0;OOD Detection with&#xa0;Vision-Language Models,Computer Vision – ECCV 2024,10.1007/978-3-031-73220-1_16,Yabin ZhangWenjie ZhuChenhang HeLei Zhang,2025,https://link.springer.com/chapter/10.1007/978-3-031-73220-1_16,Conference paper,,removed,no,no,no,no
OOD-CV: A Benchmark for&#xa0;Robustness to&#xa0;Out-of-Distribution Shifts of&#xa0;Individual Nuisances in&#xa0;Natural Images,Computer Vision – ECCV 2022,10.1007/978-3-031-20074-8_10,Bingchen ZhaoShaozuo YuWufei MaMingxin YuShenxiao MeiAngtian WangJu HeAlan YuilleAdam Kortylewski,2022,https://link.springer.com/chapter/10.1007/978-3-031-20074-8_10,Conference paper,yes,moved,no,no,no,yes
Large language model driven transferable key information extraction mechanism for nonstandardized tables,Scientific Reports,10.1038/s41598-025-15627-z,Rong HuYe YangSen LiuZuchen LiJingyi LiuXingchen DingHanchi SunLingli Ren,2025,https://link.springer.com/article/10.1038/s41598-025-15627-z,Article,,removed,no,no,no,no
Large physics models: towards a collaborative approach with large language models and foundation models,The European Physical Journal C,10.1140/epjc/s10052-025-14707-8,Kristian G. BarmanSascha CaronEmily SullivanHenk W. de RegtRoberto Ruiz de AustriMieke BoonMichael FärberStefan FröseTobias GollingLuis G. LopezFaegheh HasibiLukas HeinrichAndreas IppRukshak KapoorGregor KasieczkaDaniel KostićMichael KrämerJesus MarcoSydney OttenPawel PawlowskiPietro VischiaErik WeberChristoph Weniger,2025,https://link.springer.com/article/10.1140/epjc/s10052-025-14707-8,Article,,removed,no,no,no,no
Large sequence models for sequential decision-making: a survey,Frontiers of Computer Science,10.1007/s11704-023-2689-5,Muning WenRunji LinHanjing WangYaodong YangYing WenLuo MaiJun WangHaifeng ZhangWeinan Zhang,2023,https://link.springer.com/article/10.1007/s11704-023-2689-5,Article,,removed,no,no,no,no
Large Vision-Language Model Security: A Survey,Frontiers in Cyber Security,10.1007/978-981-96-0151-6_1,Taowen WangZheng FangHaochen XueChong ZhangMingyu JinWujiang XuDong ShuShanchieh YangZhenting WangDongfang Liu,2024,https://link.springer.com/chapter/10.1007/978-981-96-0151-6_1,Conference paper,,removed,no,no,no,no
Open Set Recognition in Real World,International Journal of Computer Vision,10.1007/s11263-024-02015-9,Zhen YangJun YuePedram GhamisiShiliang ZhangJiayi MaLeyuan Fang,2024,https://link.springer.com/article/10.1007/s11263-024-02015-9,Article,yes,yes,no,no,no,yes
Latent Diffusion for&#xa0;Guided Document Table Generation,Document Analysis and Recognition - ICDAR 2024,10.1007/978-3-031-70549-6_22,Syed Jawwad Haider HamdaniSaifullah SaifullahStefan AgneAndreas DengelSheraz Ahmed,2024,https://link.springer.com/chapter/10.1007/978-3-031-70549-6_22,Conference paper,,removed,no,,,
Open-Set Adversarial Defense with Clean-Adversarial Mutual Learning,International Journal of Computer Vision,10.1007/s11263-022-01581-0,Rui ShaoPramuditha PereraPong C. YuenVishal M. Patel,2022,https://link.springer.com/article/10.1007/s11263-022-01581-0,Article,yes,moved,no,no,no,no
Open-set learning under covariate shift,Machine Learning,10.1007/s10994-022-06237-1,Jie-Jing ShaoXiao-Wen YangLan-Zhe Guo,2022,https://link.springer.com/article/10.1007/s10994-022-06237-1,Article,yes,yes,no,yes,no,no
Latent Guard: A&#xa0;Safety Framework for&#xa0;Text-to-Image Generation,Computer Vision – ECCV 2024,10.1007/978-3-031-73347-5_6,Runtao LiuAshkan KhakzarJindong GuQifeng ChenPhilip TorrFabio Pizzati,2025,https://link.springer.com/chapter/10.1007/978-3-031-73347-5_6,Conference paper,,removed,no,no,no,no
Latent Space Correlation-Aware Autoencoder for Anomaly Detection in Skewed Data,Advances in Knowledge Discovery and Data Mining,10.1007/978-981-97-2242-6_6,Padmaksha RoyHimanshu SinghalTimothy J O’SheaMing Jin,2024,https://link.springer.com/chapter/10.1007/978-981-97-2242-6_6,Conference paper,,removed,no,,,
Open-Set Semi-Supervised Object Detection,Computer Vision – ECCV 2022,10.1007/978-3-031-20056-4_9,Yen-Cheng LiuChih-Yao MaXiaoliang DaiJunjiao TianPeter VajdaZijian HeZsolt Kira,2022,https://link.springer.com/chapter/10.1007/978-3-031-20056-4_9,Conference paper,yes,moved,no,no,no,no
Lateral Ego-Vehicle Control Without Supervision Using Point Clouds,Pattern Recognition and Artificial Intelligence,10.1007/978-3-031-09037-0_39,Florian MüllerQadeer KhanDaniel Cremers,2022,https://link.springer.com/chapter/10.1007/978-3-031-09037-0_39,Conference paper,,removed,no,,,
Open-Set Single-Domain Generalization for Robust Face Anti-Spoofing,International Journal of Computer Vision,10.1007/s11263-024-02129-0,Fangling JiangQi LiWeining WangMin RenWei ShenBing LiuZhenan Sun,2024,https://link.springer.com/article/10.1007/s11263-024-02129-0,Article,yes,yes,no,no,no,yes
Optimizing MRI sequence classification performance: insights from domain shift analysis,European Radiology,10.1007/s00330-025-11671-5,Mustafa Ahmed MahmutogluAditya RastogiGianluca BrugnaraPhilipp VollmuthMartha Foltyn-DumitruFelix SahmStefan PfisterDominik SturmMartin BendszusMarianne Schell,2025,https://link.springer.com/article/10.1007/s00330-025-11671-5,Article,yes,moved,no,no,no,no
Chameleon: A Data-Efficient Generalist for&#xa0;Dense Visual Prediction in&#xa0;the&#xa0;Wild,Computer Vision – ECCV 2024,10.1007/978-3-031-73337-6_24,Donggyun KimSeongwoong ChoSemin KimChong LuoSeunghoon Hong,2025,https://link.springer.com/chapter/10.1007/978-3-031-73337-6_24,Conference paper,,removed,no,no,no,no
Learning from Experience,Unlocking Artificial Intelligence,10.1007/978-3-031-64832-8_3,Christopher MutschlerGeorgios KontesSebastian Rietsch,2024,https://link.springer.com/chapter/10.1007/978-3-031-64832-8_3,Chapter,,removed,no,no,no,no
OSSA: Unsupervised One-Shot Style Adaptation,Computer Vision – ECCV 2024 Workshops,10.1007/978-3-031-91672-4_9,Robin GersterHolger CaesarMatthias RappAlexander WolpertMichael Teutsch,2025,https://link.springer.com/chapter/10.1007/978-3-031-91672-4_9,Conference paper,yes,moved,no,no,no,no
Out-of-Distribution Detection for&#xa0;Long-Tailed and&#xa0;Fine-Grained Skin Lesion Images,Medical Image Computing and Computer Assisted Intervention – MICCAI 2022,10.1007/978-3-031-16431-6_69,Deval MehtaYaniv GalAdrian BowlingPaul BonningtonZongyuan Ge,2022,https://link.springer.com/chapter/10.1007/978-3-031-16431-6_69,Conference paper,yes,moved,no,no,no,no
Out-of-distribution detection using normalizing flows on the data manifold,Applied Intelligence,10.1007/s10489-025-06499-x,Seyedeh Fatemeh RazaviMohammadmahdi MehmanchiReshad HosseiniMostafa Tavassolipour,2025,https://link.springer.com/article/10.1007/s10489-025-06499-x,Article,yes,moved,no,no,no,no
Out-of-Distribution Detection Using Outlier Detection Methods,Image Analysis and Processing – ICIAP 2022,10.1007/978-3-031-06433-3_2,Jan DiersChristian Pigorsch,2022,https://link.springer.com/chapter/10.1007/978-3-031-06433-3_2,Conference paper,yes,moved,no,no,no,no
Out-of-Distribution Detection with Virtual Outlier Smoothing,International Journal of Computer Vision,10.1007/s11263-024-02210-8,Jun NieYadan LuoShanshan YeYonggang ZhangXinmei TianZhen Fang,2024,https://link.springer.com/article/10.1007/s11263-024-02210-8,Article,yes,moved,no,no,no,no
Learning naturalistic driving environment with statistical realism,Nature Communications,10.1038/s41467-023-37677-5,Xintao YanZhengxia ZouShuo FengHaojie ZhuHaowei SunHenry X. Liu,2023,https://link.springer.com/article/10.1038/s41467-023-37677-5,Article,,removed,no,no,no,no
Out-of-distribution Detection with&#xa0;Boundary Aware Learning,Computer Vision – ECCV 2022,10.1007/978-3-031-20053-3_14,Sen PeiXin ZhangBin FanGaofeng Meng,2022,https://link.springer.com/chapter/10.1007/978-3-031-20053-3_14,Conference paper,yes,moved,no,no,no,no
Out-of-Distribution Detection with&#xa0;Semantic Mismatch Under Masking,Computer Vision – ECCV 2022,10.1007/978-3-031-20053-3_22,Yijun YangRuiyuan GaoQiang Xu,2022,https://link.springer.com/chapter/10.1007/978-3-031-20053-3_22,Conference paper,yes,moved,no,no,no,no
Learning quantum properties from short-range correlations using multi-task networks,Nature Communications,10.1038/s41467-024-53101-y,Ya-Dong WuYan ZhuYuexuan WangGiulio Chiribella,2024,https://link.springer.com/article/10.1038/s41467-024-53101-y,Article,,removed,no,no,no,no
Learning Shortcuts: On the Misleading Promise of NLU in Language Models,Artificial Intelligence for Design and Process Science,10.1007/978-3-031-67886-8_9,Geetanjali BihaniJulia Rayz,2025,https://link.springer.com/chapter/10.1007/978-3-031-67886-8_9,Chapter,,removed,no,no,no,no
Learning the travelling salesperson problem requires rethinking generalization,Constraints,10.1007/s10601-022-09327-y,Chaitanya K. JoshiQuentin CappartLouis-Martin RousseauThomas Laurent,2022,https://link.springer.com/article/10.1007/s10601-022-09327-y,Article,,removed,no,,,
Out-of-distribution generalization for segmentation of lymph node metastasis in breast cancer,Scientific Reports,10.1038/s41598-024-80495-y,Yiannis VarnavaKiran JakateRichard GarnettDimitrios AndroutsosPascal N. TyrrellApril Khademi,2025,https://link.springer.com/article/10.1038/s41598-024-80495-y,Article,yes,moved,no,no,no,yes
OVAE: Out-of-Distribution Detection with Multi-label-enhanced Variational Autoencoders,Big Data,10.1007/978-981-16-9709-8_16,Zhenyu YanQinliang Su,2022,https://link.springer.com/chapter/10.1007/978-981-16-9709-8_16,Conference paper,yes,moved,no,no,no,no
Learning to Predict Error for MRI Reconstruction,Medical Image Computing and Computer Assisted Intervention – MICCAI 2021,10.1007/978-3-030-87199-4_57,Shi HuNicola PezzottiMax Welling,2021,https://link.springer.com/chapter/10.1007/978-3-030-87199-4_57,Conference paper,,removed,no,,,
Learning to solving vehicle routing problems via local–global feature fusion transformer,Complex & Intelligent Systems,10.1007/s40747-025-02018-0,Wei LiBing Tian DaiXueming YanJunying ZouZhijie LiangJingwen Li,2025,https://link.springer.com/article/10.1007/s40747-025-02018-0,Article,,removed,no,,,
Learning to&#xa0;Drive via&#xa0;Asymmetric Self-Play,Computer Vision – ECCV 2024,10.1007/978-3-031-73033-7_9,Chris ZhangSourav BiswasKelvin WongKion FallahLunjun ZhangDian ChenSergio CasasRaquel Urtasun,2025,https://link.springer.com/chapter/10.1007/978-3-031-73033-7_9,Conference paper,,removed,no,,,
Overcoming Shortcut Learning in&#xa0;a&#xa0;Target Domain by&#xa0;Generalizing Basic Visual Factors from&#xa0;a&#xa0;Source Domain,Computer Vision – ECCV 2022,10.1007/978-3-031-19806-9_17,Piyapat SaranrittichaiChaithanya Kumar MummadiClaudia BlaiottaMauricio MunozVolker Fischer,2022,https://link.springer.com/chapter/10.1007/978-3-031-19806-9_17,Conference paper,yes,moved,no,no,no,no
Learning uncertainties online for quadrotor flight control: A comparative study,Journal of Intelligent & Robotic Systems,10.1007/s10846-025-02305-5,Weibin GuJiance ZhaoAlessandro Rizzo,2025,https://link.springer.com/article/10.1007/s10846-025-02305-5,Article,,removed,no,,,
Physical imaging parameter variation drives domain shift,Scientific Reports,10.1038/s41598-022-23990-4,Oz KilimAlex OlarTamás JoóTamás PaliczPéter PollnerIstván Csabai,2022,https://link.springer.com/article/10.1038/s41598-022-23990-4,Article,yes,moved,no,no,no,yes
Learning with Enriched Inductive Biases for Vision-Language Models,International Journal of Computer Vision,10.1007/s11263-025-02354-1,Lingxiao YangRu-Yuan ZhangQi ChenXiaohua Xie,2025,https://link.springer.com/article/10.1007/s11263-025-02354-1,Article,,removed,no,no,no,no
PixOOD: Pixel-Level Out-of-Distribution Detection,Computer Vision – ECCV 2024,10.1007/978-3-031-73027-6_6,Tomáš VojířJan ŠochmanJiří Matas,2025,https://link.springer.com/chapter/10.1007/978-3-031-73027-6_6,Conference paper,yes,moved,no,no,no,no
Leveraging Artificial Intelligence in GPCR Activation Studies: Computational Prediction Methods as Key Drivers of Knowledge,Protein Supersecondary Structures,10.1007/978-1-0716-4213-9_10,Ana B. CaniceiroUrszula OrzełNícia Rosário-FerreiraSławomir FilipekIrina S. Moreira,2025,https://link.springer.com/chapter/10.1007/978-1-0716-4213-9_10,Protocol,,removed,no,no,no,no
Leveraging clinical data across healthcare institutions for continual learning of predictive risk models,Scientific Reports,10.1038/s41598-022-12497-7,Fatemeh AmrollahiSupreeth P. ShashikumarAndre L. HolderShamim Nemati,2022,https://link.springer.com/article/10.1038/s41598-022-12497-7,Article,,removed,no,no,no,no
Leveraging Group-Level Signals for&#xa0;Robust Many-Domain Generalization,Advances in Knowledge Discovery and Data Mining,10.1007/978-981-96-8180-8_16,Bohan ZhangYachuan LiuQiaozhu MeiParamveer S. Dhillon,2025,https://link.springer.com/chapter/10.1007/978-981-96-8180-8_16,Conference paper,,removed,no,no,no,no
Leveraging Homophily-Augmented Energy Propagation for&#xa0;Bot Detection on&#xa0;Graphs,Database Systems for Advanced Applications,10.1007/978-981-97-5572-1_5,Bradley AshmoreLingwei Chen,2024,https://link.springer.com/chapter/10.1007/978-981-97-5572-1_5,Conference paper,,removed,no,,,
Lie Algebra–Based Semantic Flow for&#xa0;Incompleteness Detection in&#xa0;Summarization,Knowledge Management and Acquisition for Intelligent Systems,10.1007/978-981-95-4575-9_5,Manikandan RavikiranVeeraraju ElluruKarrtik IyerPrasanna PendseShayan Mohanty,2025,https://link.springer.com/chapter/10.1007/978-981-95-4575-9_5,Conference paper,,removed,no,,,
Positive–negative prototypes fusion framework for open set recognition,Scientific Reports,10.1038/s41598-025-09625-4,Xincheng ZhongJunbiao Cui,2025,https://link.springer.com/article/10.1038/s41598-025-09625-4,Article,yes,moved,no,no,no,no
Lightweight feature selection for multi-label classification using multi-objective preference selection index,International Journal of Machine Learning and Cybernetics,10.1007/s13042-025-02781-z,Gurudatta VermaTirath Prasad Sahu,2025,https://link.springer.com/article/10.1007/s13042-025-02781-z,Article,,removed,no,no,no,no
Predicting Is Not Understanding: Recognizing and&#xa0;Addressing Underspecification in&#xa0;Machine Learning,Computer Vision – ECCV 2022,10.1007/978-3-031-20050-2_27,Damien TeneyMaxime PeyrardEhsan Abbasnejad,2022,https://link.springer.com/chapter/10.1007/978-3-031-20050-2_27,Conference paper,yes,moved,no,no,no,no
Lightweight super-resolution dynamic contrast-aware differential fusion network for multi-contrast MRI,"Signal, Image and Video Processing",10.1007/s11760-025-04825-x,Wenjing ChenLongfeng ShenJiacong ChenJianyu XiaoFangzhen GeLi Shi,2025,https://link.springer.com/article/10.1007/s11760-025-04825-x,Article,,removed,no,no,no,no
Lipschitzness is all you need to tame off-policy generative adversarial imitation learning,Machine Learning,10.1007/s10994-022-06144-5,Lionel BlondéPablo StrasserAlexandros Kalousis,2022,https://link.springer.com/article/10.1007/s10994-022-06144-5,Article,,removed,no,no,no,no
Local Concept Embeddings for Analysis of Concept Distributions in Vision DNN Feature Spaces,International Journal of Computer Vision,10.1007/s11263-025-02446-y,Georgii MikriukovGesina SchwalbeKorinna Bade,2025,https://link.springer.com/article/10.1007/s11263-025-02446-y,Article,,removed,no,no,no,no
Local Intrinsic Dimensionality of&#xa0;IoT Networks for&#xa0;Unsupervised Intrusion Detection,Data and Applications Security and Privacy XXXVI,10.1007/978-3-031-10684-2_9,Matt GorbettHossein ShiraziIndrakshi Ray,2022,https://link.springer.com/chapter/10.1007/978-3-031-10684-2_9,Conference paper,,removed,no,,,
Localizing Spectrum Offenders Using Crowdsourcing,Network Security Empowered by Artificial Intelligence,10.1007/978-3-031-53510-9_9,Frost MitchellJ. Phillip SmithShamik SarkarNeal PatwariAditya BhaskaraSneha Kumar Kasera,2024,https://link.springer.com/chapter/10.1007/978-3-031-53510-9_9,Chapter,,removed,no,no,no,no
Long-Horizon Route-Constrained Policy for&#xa0;Learning Continuous Control Without Exploration,Artificial Neural Networks and Machine Learning – ICANN 2022,10.1007/978-3-031-15931-2_4,Ruidong CaoMin DongXuanlu JiangSheng BiNing Xi,2022,https://link.springer.com/chapter/10.1007/978-3-031-15931-2_4,Conference paper,,removed,no,,,
Prompting Segment Anything Model with&#xa0;Domain-Adaptive Prototype for&#xa0;Generalizable Medical Image Segmentation,Medical Image Computing and Computer Assisted Intervention – MICCAI 2024,10.1007/978-3-031-72111-3_50,Zhikai WeiWenhui DongPeilin ZhouYuliang GuZhou ZhaoYongchao Xu,2024,https://link.springer.com/chapter/10.1007/978-3-031-72111-3_50,Conference paper,yes,moved,no,no,no,no
Low responsiveness of machine learning models to critical or deteriorating health conditions,Communications Medicine,10.1038/s43856-025-00775-0,Tanmoy Sarkar PiasSharmin AfroseMoon Das TuliIpsita Hamid TrishaXinwei DengCharles B. NemeroffDanfeng Daphne Yao,2025,https://link.springer.com/article/10.1038/s43856-025-00775-0,Article,,removed,no,,,
Low-cost automated generation of application maps for control of <i>Rumex Obtusifolius</i> in grasslands,Precision Agriculture,10.1007/s11119-025-10242-4,Frederick Charles EichhornSebastian KneerDaniel Görges,2025,https://link.springer.com/article/10.1007/s11119-025-10242-4,Article,,removed,no,,,
LSSMSD: defending against black-box DNN model stealing based on localized stochastic sensitivity,International Journal of Machine Learning and Cybernetics,10.1007/s13042-024-02376-0,Xueli ZhangJiale ChenQihua LiJianjun ZhangWing W. Y. NgTing Wang,2024,https://link.springer.com/article/10.1007/s13042-024-02376-0,Article,,removed,no,no,no,no
Machine learning for human emotion recognition: a comprehensive review,Neural Computing and Applications,10.1007/s00521-024-09426-2,Eman M. G. YounisSomeya MohsenEssam H. HousseinOsman Ali Sadek Ibrahim,2024,https://link.springer.com/article/10.1007/s00521-024-09426-2,Article,,removed,no,no,no,no
"Machine Learning for&#xa0;Active Assisted Living: Core Concepts, Challenges, and&#xa0;Solutions",Privacy-Aware Monitoring for Assisted Living,10.1007/978-3-031-84158-3_2,Eftim ZdravevskiPetre Lameski,2025,https://link.springer.com/chapter/10.1007/978-3-031-84158-3_2,Chapter,,removed,no,no,no,no
"Machine Learning in Future Wireless Communications: Innovations, Applications, and Open Challenges",Wireless Personal Communications,10.1007/s11277-025-11770-y,Shahnaz FatimaShri Ramtej Kondamuri,2025,https://link.springer.com/article/10.1007/s11277-025-11770-y,Article,,removed,no,no,no,no
"Machine-learning models for Alzheimer’s disease diagnosis using neuroimaging data: survey, reproducibility, and generalizability evaluation",Brain Informatics,10.1186/s40708-025-00252-3,Maryam Akhavan AghdamSerdar BozdagFahad Saeed,2025,https://link.springer.com/article/10.1186/s40708-025-00252-3,Article,,removed,no,no,no,no
Managing Dataset Shift by&#xa0;Adversarial Validation for&#xa0;Credit Scoring,PRICAI 2022: Trends in Artificial Intelligence,10.1007/978-3-031-20862-1_35,Hongyi QianBaohui WangPing MaLei PengSongfeng GaoYou Song,2022,https://link.springer.com/chapter/10.1007/978-3-031-20862-1_35,Conference paper,,removed,no,,,
Manifold Adversarial Learning for&#xa0;Cross-domain 3D Shape Representation,Computer Vision – ECCV 2022,10.1007/978-3-031-19809-0_16,Hao HuangCheng ChenYi Fang,2022,https://link.springer.com/chapter/10.1007/978-3-031-19809-0_16,Conference paper,,removed,no,no,no,no
PuzzleShuffle: Undesirable Feature Learning for Semantic Shift Detection,Machine Learning and Knowledge Discovery in Databases. Applied Data Science Track,10.1007/978-3-030-86517-7_1,Yusuke KanebakoKazuki Tsukamoto,2021,https://link.springer.com/chapter/10.1007/978-3-030-86517-7_1,Conference paper,yes,moved,no,no,no,yes
Rasd: Semantic Shift Detection and&#xa0;Adaptation for&#xa0;Network Intrusion Detection,ICT Systems Security and Privacy Protection,10.1007/978-3-031-65175-5_2,Fahad AlotaibiSergio Maffeis,2024,https://link.springer.com/chapter/10.1007/978-3-031-65175-5_2,Conference paper,yes,moved,no,no,no,yes
"Federated learning in cloud-edge collaborative architecture: key technologies, applications and challenges",Journal of Cloud Computing,10.1186/s13677-022-00377-4,Guanming BaoPing Guo,2022,https://link.springer.com/article/10.1186/s13677-022-00377-4,Article,,removed,no,no,no,no
Few-shot adaptation of multi-modal foundation models: a survey,Artificial Intelligence Review,10.1007/s10462-024-10915-y,Fan LiuTianshu ZhangWenwen DaiChuanyi ZhangWenwen CaiXiaocong ZhouDelong Chen,2024,https://link.springer.com/article/10.1007/s10462-024-10915-y,Article,,removed,no,no,no,no
Recognizing unknowns: a survey on visual open-set recognition,Applied Intelligence,10.1007/s10489-025-06956-7,Xiwen LiWei QuanJia HuangPeiyuan Hong,2025,https://link.springer.com/article/10.1007/s10489-025-06956-7,Article,yes,moved,no,no,no,no
MDiFF: Exploiting Multimodal Score-Based Diffusion Models for&#xa0;New Fashion Product Performance Forecasting,Computer Vision – ECCV 2024 Workshops,10.1007/978-3-031-91569-7_21,Andrea AvogaroLuigi CapogrossoFranco FummiMarco Cristani,2025,https://link.springer.com/chapter/10.1007/978-3-031-91569-7_21,Conference paper,,removed,no,,,
Measuring Chemical&#xa0;LLM robustness to molecular representations: a SMILES variation-based framework,Journal of Cheminformatics,10.1186/s13321-025-01079-0,Veronika GaneevaKuzma KhrabrovArtur KadurinElena Tutubalina,2025,https://link.springer.com/article/10.1186/s13321-025-01079-0,Article,,removed,no,no,no,no
Med-NCA: Robust and&#xa0;Lightweight Segmentation with&#xa0;Neural Cellular Automata,Information Processing in Medical Imaging,10.1007/978-3-031-34048-2_54,John KalkhofCamila GonzálezAnirban Mukhopadhyay,2023,https://link.springer.com/chapter/10.1007/978-3-031-34048-2_54,Conference paper,,removed,no,,,
Refining unified model by test-time dynamic adaptation for domain shift problem,The Journal of Supercomputing,10.1007/s11227-025-07770-1,Haishun DuLinbing CaoJieru LiWenzhe Zhang,2025,https://link.springer.com/article/10.1007/s11227-025-07770-1,Article,yes,moved,no,no,no,no
Meta-Learning,Continual and Reinforcement Learning for Edge AI,10.1007/978-3-031-84363-1_4,Hang WangSen LinJunshan Zhang,2025,https://link.springer.com/chapter/10.1007/978-3-031-84363-1_4,Chapter,,removed,no,no,no,no
Meta-learning to address diverse Earth observation problems across resolutions,Communications Earth & Environment,10.1038/s43247-023-01146-0,Marc RußwurmSherrie WangBenjamin KellenbergerRibana RoscherDevis Tuia,2024,https://link.springer.com/article/10.1038/s43247-023-01146-0,Article,,removed,no,no,no,no
Registered multi-device/staining histology image dataset for domain-agnostic machine learning models,Scientific Data,10.1038/s41597-024-03122-5,Mieko OchiDaisuke KomuraTakumi OnoyamaKoki ShinboHaruya EndoHiroto OdakaMiwako KakiuchiHiroto KatohTetsuo UshikuShumpei Ishikawa,2024,https://link.springer.com/article/10.1038/s41597-024-03122-5,Article,yes,moved,no,no,no,no
Metamorphic testing of deep neural network-based autonomous driving systems using behavioural domain adequacy,Neural Computing and Applications,10.1007/s00521-024-10794-y,Akram KalaeeSaeed Parsa,2025,https://link.springer.com/article/10.1007/s00521-024-10794-y,Article,,removed,no,no,no,no
Methodological opportunities in genomic data analysis to advance health equity,Nature Reviews Genetics,10.1038/s41576-025-00839-w,Brieuc LehmannLeandra BräuningerYoonsu ChoFabian FalckSmera JayadevaMichael KatellThuy NguyenAntonella PeriniSam TallmanMaxine MackintoshMatt SilverKaroline KuchenbäckerDavid LeslieNilanjan ChatterjeeChris Holmes,2025,https://link.springer.com/article/10.1038/s41576-025-00839-w,Article,,removed,no,,,
Methods for Learning to Quantify,Learning to Quantify,10.1007/978-3-031-20467-8_4,Andrea EsuliAlessandro FabrisAlejandro MoreoFabrizio Sebastiani,2023,https://link.springer.com/chapter/10.1007/978-3-031-20467-8_4,Chapter,,removed,no,no,no,no
Representation learning for clustering via building consensus,Machine Learning,10.1007/s10994-022-06194-9,Aniket Anand DeshmukhJayanth Reddy RegattiEren ManavogluUrun Dogan,2022,https://link.springer.com/article/10.1007/s10994-022-06194-9,Article,yes,moved,no,no,no,no
MiMu: mitigating multiple shortcut learning behavior of transformers,Frontiers of Computer Science,10.1007/s11704-025-50448-3,Lili ZhaoQi LiuWei ChenLiyi ChenRuijun SunMin HouYang WangShijin WangPingping RenJiafeng Zhou,2025,https://link.springer.com/article/10.1007/s11704-025-50448-3,Article,,removed,no,no,no,no
Research on the improvement of domain generalization by the fusion of invariant features and sharpness-aware minimization,The Journal of Supercomputing,10.1007/s11227-024-06797-0,Yixuan YangMingrong DongKai ZengTao Shen,2024,https://link.springer.com/article/10.1007/s11227-024-06797-0,Article,yes,moved,no,no,no,no
Mitigate noisy data for smart IoT via GAN based machine unlearning,Science China Information Sciences,10.1007/s11432-022-3671-9,Zhuo MaYilong YangYang LiuXinjing LiuJianfeng Ma,2024,https://link.springer.com/article/10.1007/s11432-022-3671-9,Article,,removed,no,no,no,no
Mitigating Representation Bias in&#xa0;Action Recognition: Algorithms and&#xa0;Benchmarks,Computer Vision – ECCV 2022 Workshops,10.1007/978-3-031-25069-9_36,Haodong DuanYue ZhaoKai ChenYuanjun XiongDahua Lin,2023,https://link.springer.com/chapter/10.1007/978-3-031-25069-9_36,Conference paper,,removed,no,,,
Rethinking Confidence Calibration for&#xa0;Failure Prediction,Computer Vision – ECCV 2022,10.1007/978-3-031-19806-9_30,Fei ZhuZhen ChengXu-Yao ZhangCheng-Lin Liu,2022,https://link.springer.com/chapter/10.1007/978-3-031-19806-9_30,Conference paper,yes,moved,no,no,no,no
MixUp Data Augmentation for&#xa0;Handwritten Arabic Mathematical Symbols Recognition,Advances in Model and Data Engineering in the Digitalization Era,10.1007/978-3-031-55729-3_3,Ibtissem Hadj AliAnouar Ben KhalifaMohamed Ali Mahjoub,2024,https://link.springer.com/chapter/10.1007/978-3-031-55729-3_3,Conference paper,,removed,no,,,
MLTU: mixup long-tail unsupervised zero-shot image classification on vision-language models,Multimedia Systems,10.1007/s00530-024-01373-1,Yunpeng JiaXiufen YeXinkui MeiYusong LiuShuxiang Guo,2024,https://link.springer.com/article/10.1007/s00530-024-01373-1,Article,,removed,no,no,no,no
Model gradient: unified model and policy learning in model-based reinforcement learning,Frontiers of Computer Science,10.1007/s11704-023-3150-5,Chengxing JiaFuxiang ZhangTian XuJing-Cheng PangZongzhang ZhangYang Yu,2023,https://link.springer.com/article/10.1007/s11704-023-3150-5,Article,,removed,no,,,
"Model selection, theory, and future challenges",Introduction to transfer learning,10.1007/978-981-99-1109-7_6,Jindong Wang,2023,https://link.springer.com/video/segment/10.1007/978-981-99-1109-7_6,Video segment,,removed,no,no,no,no
Jointly exploring client drift and catastrophic forgetting in dynamic learning,Scientific Reports,10.1038/s41598-025-89873-6,Niklas BabendererdeMoritz FuchsCamila GonzalezYuri TolkachAnirban Mukhopadhyay,2025,https://link.springer.com/article/10.1038/s41598-025-89873-6,Article,,removed,no,no,no,no
Model-Based Offline Adaptive Policy Optimization with Episodic Memory,Artificial Neural Networks and Machine Learning – ICANN 2022,10.1007/978-3-031-15931-2_5,Hongye CaoQianru WeiJiangbin ZhengYanqing Shi,2022,https://link.springer.com/chapter/10.1007/978-3-031-15931-2_5,Conference paper,,removed,no,no,no,yes
Model-Based Offline Policy Optimization with Distribution Correcting Regularization,Machine Learning and Knowledge Discovery in Databases. Research Track,10.1007/978-3-030-86486-6_11,Jian ShenMingcheng ChenZhicheng ZhangZhengyu YangWeinan ZhangYong Yu,2021,https://link.springer.com/chapter/10.1007/978-3-030-86486-6_11,Conference paper,,removed,no,,,
Rethinking Out-of-Distribution Detection From a Human-Centric Perspective,International Journal of Computer Vision,10.1007/s11263-024-02099-3,Yao ZhuYuefeng ChenXiaodan LiRong ZhangHui XueXiang TianRongxin JiangBolun ZhengYaowu Chen,2024,https://link.springer.com/article/10.1007/s11263-024-02099-3,Article,yes,moved,no,no,no,yes
MOMTERL: Modeling Molecular Masking and Contrastive Learning Based on Motifs,Advanced Intelligent Computing Technology and Applications,10.1007/978-981-95-0030-7_23,YiFeng ZhuJing PengYangYi LuPing Huang,2025,https://link.springer.com/chapter/10.1007/978-981-95-0030-7_23,Conference paper,,removed,no,,,
Moor: Model-based offline policy optimization with a risk dynamics model,Complex & Intelligent Systems,10.1007/s40747-024-01621-x,Xiaolong SuPeng LiShaofei Chen,2024,https://link.springer.com/article/10.1007/s40747-024-01621-x,Article,,removed,no,no,no,no
Motivation,Visual Domain Adaptation in the Deep Learning Era,10.1007/978-3-031-79175-8_1,Gabriela CsurkaTimothy M. HospedalesMathieu SalzmannTatiana Tommasi,2022,https://link.springer.com/chapter/10.1007/978-3-031-79175-8_1,Chapter,,removed,no,no,no,no
Robust and data-efficient generalization of self-supervised machine learning for diagnostic imaging,Nature Biomedical Engineering,10.1038/s41551-023-01049-7,Shekoofeh AziziLaura CulpJan FreybergBasil MustafaSebastien BaurSimon KornblithTing ChenNenad TomasevJovana MitrovićPatricia StrachanS. Sara MahdaviEllery WulczynBoris BabenkoMegan WalkerAaron LohPo-Hsuan Cameron ChenYuan LiuPinal BavishiScott Mayer McKinneyJim WinkensAbhijit Guha RoyZach BeaverFiona RyanJustin KrogueMozziyar EtemadiUmesh TelangYun LiuLily PengGreg S. CorradoDale R. WebsterDavid FleetGeoffrey HintonNeil HoulsbyAlan KarthikesalingamMohammad NorouziVivek Natarajan,2023,https://link.springer.com/article/10.1038/s41551-023-01049-7,Article,yes,moved,no,no,no,no
Robust Detection of Out-of-Distribution Shifts in Chest X-ray Imaging,Journal of Imaging Informatics in Medicine,10.1007/s10278-025-01559-7,Fatemeh KarimiFarzan FarniaKyongtae Tyler Bae,2025,https://link.springer.com/article/10.1007/s10278-025-01559-7,Article,yes,moved,no,no,no,yes
"Robust Domain Adaptation: Representations, Weights and Inductive Bias",Machine Learning and Knowledge Discovery in Databases,10.1007/978-3-030-67658-2_21,Victor BouvierPhilippe VeryClément ChastagnolMyriam TamiCéline Hudelot,2021,https://link.springer.com/chapter/10.1007/978-3-030-67658-2_21,Conference paper,yes,moved,no,no,no,no
Multi-level Distributional Discrepancy Enhancement for&#xa0;Cross Domain Face Forgery Detection,Pattern Recognition and Computer Vision,10.1007/978-981-97-8499-8_35,Lingyu QiuKe JiangSinan LiuXiaoyang Tan,2025,https://link.springer.com/chapter/10.1007/978-981-97-8499-8_35,Conference paper,,removed,no,no,no,no
Multi-path feature fusion and constrained boundary optimization for open intent detection,The Journal of Supercomputing,10.1007/s11227-025-07499-x,Jinjie HuangWenhe Li,2025,https://link.springer.com/article/10.1007/s11227-025-07499-x,Article,,removed,no,no,no,no
Hardness Analysis of X-Ray Images for Neural-Network Tuberculosis Diagnosis,Computational Mathematics and Modeling,10.1007/s10598-023-09568-3,Ya. A. PchelintsevA. V. KhvostikovA. S. KrylovL. E. ParolinaN. A. NikoforovaL. P. ShepelevaE. S. Prokop’evM. FariasDing Yong,2022,https://link.springer.com/article/10.1007/s10598-023-09568-3,Article,,removed,no,no,no,no
Multimodal Test-Time Adaptation for Fake News Detection,Advanced Intelligent Computing Technology and Applications,10.1007/978-981-96-9949-0_11,Zhao TongXiang YuanQiang LiuLibin HanHaichao ShiShu WuXiao-Yu Zhang,2025,https://link.springer.com/chapter/10.1007/978-981-96-9949-0_11,Conference paper,,removed,no,,,
Harnessing Error Patterns to&#xa0;Estimate Out-of-Distribution Performance,Machine Learning and Principles and Practice of Knowledge Discovery in Databases,10.1007/978-3-031-74640-6_31,Thomas BonnierBenjamin Bosch,2025,https://link.springer.com/chapter/10.1007/978-3-031-74640-6_31,Conference paper,,removed,no,no,no,no
Multiple feature-anisotropic regularization for out-of-domain intent detection,Knowledge and Information Systems,10.1007/s10115-025-02459-6,Di WuXiaoyu WangLiming Feng,2025,https://link.springer.com/article/10.1007/s10115-025-02459-6,Article,,removed,no,,,
Hierarchical Prompting for&#xa0;Diffusion Classifiers,Computer Vision – ACCV 2024,10.1007/978-981-96-0966-6_18,Wenxin NingDongliang ChangYujun TongZhongjiang HeKongming LiangZhanyu Ma,2025,https://link.springer.com/chapter/10.1007/978-981-96-0966-6_18,Conference paper,,removed,no,no,no,no
Robust Fine-Tuning and&#xa0;Adaptation of&#xa0;Zero-Shot Models via&#xa0;Adaptive Weight-Space Ensembling,Computer Vision – ECCV 2024 Workshops,10.1007/978-3-031-91672-4_21,Mario DöblerMichael FeilRobert A. MarsdenBin Yang,2025,https://link.springer.com/chapter/10.1007/978-3-031-91672-4_21,Conference paper,yes,moved,no,no,no,no
Robust Object Detection with Domain-Invariant Training and Continual Test-Time Adaptation,International Journal of Computer Vision,10.1007/s11263-025-02465-9,Qi FanMattia SeguBernt SchieleDengxin DaiYu-Wing TaiChi-Keung Tang,2025,https://link.springer.com/article/10.1007/s11263-025-02465-9,Article,yes,moved,no,no,no,no
"Navigating the landscape of concept-supported XAI: Challenges, innovations, and future directions",Multimedia Tools and Applications,10.1007/s11042-023-17666-y,Zahra Shams KhoozaniAznul Qalid Md SabriWoo Chaw SengManjeevan SeeraKah Yee Eg,2024,https://link.springer.com/article/10.1007/s11042-023-17666-y,Article,,removed,no,no,no,no
Sample separation and domain alignment complementary learning mechanism for open set domain adaptation,Applied Intelligence,10.1007/s10489-022-04262-0,Long SifanWang ShengshengZhao XinFu ZihaoWang Bilin,2023,https://link.springer.com/article/10.1007/s10489-022-04262-0,Article,yes,yes,no,no,no,yes
SCOD: From Heuristics to&#xa0;Theory,Computer Vision – ECCV 2024,10.1007/978-3-031-72907-2_25,Vojtech FrancJakub PaplhamDaniel Prusa,2025,https://link.springer.com/chapter/10.1007/978-3-031-72907-2_25,Conference paper,yes,moved,no,no,no,no
Neural embedding: learning the embedding of the manifold of physics data,Journal of High Energy Physics,10.1007/JHEP07(2023)108,Sang Eon ParkPhilip HarrisBryan Ostdiek,2023,https://link.springer.com/article/10.1007/JHEP07(2023)108,Article,,removed,no,no,no,no
Second opinion needed: communicating uncertainty in medical machine learning,npj Digital Medicine,10.1038/s41746-020-00367-3,Benjamin KompaJasper SnoekAndrew L. Beam,2021,https://link.springer.com/article/10.1038/s41746-020-00367-3,Article,yes,moved,no,no,no,no
Neuro-Symbolic Integration for&#xa0;Open Set Recognition in&#xa0;Network Intrusion Detection,AIxIA 2024 – Advances in Artificial Intelligence,10.1007/978-3-031-80607-0_5,Alice BizzarriChung-En YuBrian JalaianFabrizio RiguzziNathaniel D. Bastian,2025,https://link.springer.com/chapter/10.1007/978-3-031-80607-0_5,Conference paper,,removed,no,no,no,no
Segmentation Distortion: Quantifying Segmentation Uncertainty Under Domain Shift via&#xa0;the&#xa0;Effects of&#xa0;Anomalous Activations,Medical Image Computing and Computer Assisted Intervention – MICCAI 2023,10.1007/978-3-031-43898-1_31,Jonathan LennartzThomas Schultz,2023,https://link.springer.com/chapter/10.1007/978-3-031-43898-1_31,Conference paper,yes,moved,no,no,no,no
Node classification across networks via category-level domain adaptive network embedding,Knowledge and Information Systems,10.1007/s10115-023-01942-2,Boshen ShiYongqing WangJiangli ShaoHuawei ShenYangyang LiXueqi Cheng,2023,https://link.springer.com/article/10.1007/s10115-023-01942-2,Article,,removed,no,no,no,no
Noise-Assisted Prompt Learning for&#xa0;Image Forgery Detection and&#xa0;Localization,Computer Vision – ECCV 2024,10.1007/978-3-031-73247-8_2,Dong LiJiaying ZhuXueyang FuXun GuoYidi LiuGang YangJiawei LiuZheng-Jun Zha,2025,https://link.springer.com/chapter/10.1007/978-3-031-73247-8_2,Conference paper,,removed,no,no,no,no
Selecting Effective Triplet Contrastive Loss for Domain Alignment,Advanced Intelligent Computing Technology and Applications,10.1007/978-981-97-5588-2_4,Changshi LiZhijian Yang,2024,https://link.springer.com/chapter/10.1007/978-981-97-5588-2_4,Conference paper,yes,moved,no,no,no,no
Self-distilled Vision Transformer for&#xa0;Domain Generalization,Computer Vision – ACCV 2022,10.1007/978-3-031-26284-5_17,Maryam SultanaMuzammal NaseerMuhammad Haris KhanSalman KhanFahad Shahbaz Khan,2023,https://link.springer.com/chapter/10.1007/978-3-031-26284-5_17,Conference paper,yes,moved,no,no,no,no
Self-supervised Test-Time Adaptation for&#xa0;Medical Image Segmentation,Machine Learning in Clinical Neuroimaging,10.1007/978-3-031-17899-3_4,Hao LiHan LiuDewei HuJiacheng WangHans JohnsonOmar SherbiniFrancesco GavazziRussell D’AielloAdeline VanderverJeffrey LongJane PaulsenIpek Oguz,2022,https://link.springer.com/chapter/10.1007/978-3-031-17899-3_4,Conference paper,yes,moved,no,no,no,no
Novel Node Category Detection Under Subpopulation Shift,Machine Learning and Knowledge Discovery in Databases. Research Track,10.1007/978-3-031-70359-1_12,Hsing-Huan ChungShravan ChaudhariYoav WaldXing HanJoydeep Ghosh,2024,https://link.springer.com/chapter/10.1007/978-3-031-70359-1_12,Conference paper,,removed,no,no,no,no
Self-Supervision Can Be a&#xa0;Good Few-Shot Learner,Computer Vision – ECCV 2022,10.1007/978-3-031-19800-7_43,Yuning LuLiangjian WenJianzhuang LiuYajing LiuXinmei Tian,2022,https://link.springer.com/chapter/10.1007/978-3-031-19800-7_43,Conference paper,yes,moved,no,no,no,no
OAN-DA: online adaptive learning with distribution awareness for continuous time series forecasting,Applied Intelligence,10.1007/s10489-025-06756-z,Ren LiuLiwen TaoWenan Zhou,2025,https://link.springer.com/article/10.1007/s10489-025-06756-z,Article,,removed,no,no,no,no
Object Priors for Classifying and Localizing Unseen Actions,International Journal of Computer Vision,10.1007/s11263-021-01454-y,Pascal MettesWilliam ThongCees G. M. Snoek,2021,https://link.springer.com/article/10.1007/s11263-021-01454-y,Article,,removed,no,no,no,no
Offline Deep Reinforcement Learning for&#xa0;Robotic Arm Control in&#xa0;the&#xa0;ManiSkill Environment,"Advances in Neural Computation, Machine Learning, and Cognitive Research VII",10.1007/978-3-031-44865-2_8,Huzhenyu ZhangDmitry Yudin,2023,https://link.springer.com/chapter/10.1007/978-3-031-44865-2_8,Conference paper,,removed,no,,,
Offline Pre-trained Multi-agent Decision Transformer,Machine Intelligence Research,10.1007/s11633-022-1383-7,Linghui MengMuning WenChenyang LeXiyun LiDengpeng XingWeinan ZhangYing WenHaifeng ZhangJun WangYaodong YangBo Xu,2023,https://link.springer.com/article/10.1007/s11633-022-1383-7,Article,,removed,no,no,no,no
Offline reinforcement learning with anderson acceleration for robotic tasks,Applied Intelligence,10.1007/s10489-021-02953-8,Guoyu ZuoShuai HuangJiangeng LiDaoxiong Gong,2022,https://link.springer.com/article/10.1007/s10489-021-02953-8,Article,,removed,no,,,
Offline Reinforcement Learning with&#xa0;On-Policy Q-Function Regularization,Machine Learning and Knowledge Discovery in Databases: Research Track,10.1007/978-3-031-43421-1_27,Laixi ShiRobert DadashiYuejie ChiPablo Samuel CastroMatthieu Geist,2023,https://link.springer.com/chapter/10.1007/978-3-031-43421-1_27,Conference paper,,removed,no,,,
On Context Distribution Shift in Task Representation Learning for Online Meta RL,Advanced Intelligent Computing Technology and Applications,10.1007/978-981-99-4761-4_52,Chenyang ZhaoZihao ZhouBin Liu,2023,https://link.springer.com/chapter/10.1007/978-981-99-4761-4_52,Conference paper,,removed,no,no,no,no
Semantics-Preserved Domain Adaptation with Target Diverse Perturbation and Test Ensembling for Image Segmentation,12th Asian-Pacific Conference on Medical and Biological Engineering,10.1007/978-3-031-51485-2_16,Xiaoru GaoRunze WangRong TaoGuoyan Zheng,2024,https://link.springer.com/chapter/10.1007/978-3-031-51485-2_16,Conference paper,yes,moved,no,no,no,no
Sharpness-Aware Minimization for&#xa0;Out-of-Distribution Generalization,Neural Information Processing,10.1007/978-981-99-8126-7_43,Dongqi LiZhu TengQirui LiZiyin Wang,2024,https://link.springer.com/chapter/10.1007/978-981-99-8126-7_43,Conference paper,yes,moved,no,no,no,no
Shift Happens: Adjusting Classifiers,Machine Learning and Knowledge Discovery in Databases,10.1007/978-3-030-46147-8_4,Theodore James Thibault HeiserMari-Liis AllikiviMeelis Kull,2020,https://link.springer.com/chapter/10.1007/978-3-030-46147-8_4,Conference paper,yes,moved,no,no,no,no
SiamDoGe: Domain Generalizable Semantic Segmentation Using Siamese Network,Computer Vision – ECCV 2022,10.1007/978-3-031-19839-7_35,Zhenyao WuXinyi WuXiaoping ZhangLili JuSong Wang,2022,https://link.springer.com/chapter/10.1007/978-3-031-19839-7_35,Conference paper,yes,moved,no,no,no,no
Simulation-to-real domain adaptation with teacher–student learning for endoscopic instrument segmentation,International Journal of Computer Assisted Radiology and Surgery,10.1007/s11548-021-02383-4,Manish SahuAnirban MukhopadhyayStefan Zachow,2021,https://link.springer.com/article/10.1007/s11548-021-02383-4,Article,yes,moved,no,no,no,no
Single-model uncertainty quantification in neural network potentials does not consistently outperform model ensembles,npj Computational Materials,10.1038/s41524-023-01180-8,Aik Rui TanShingo UrataSamuel GoldmanJohannes C. B. DietschreitRafael Gómez-Bombarelli,2023,https://link.springer.com/article/10.1038/s41524-023-01180-8,Article,yes,moved,no,no,no,no
On the&#xa0;Generalization of&#xa0;Neural Combinatorial Optimization Heuristics,Machine Learning and Knowledge Discovery in Databases,10.1007/978-3-031-26419-1_26,Sahil ManchandaSofia MichelDarko DrakulicJean-Marc Andreoli,2023,https://link.springer.com/chapter/10.1007/978-3-031-26419-1_26,Conference paper,,removed,no,,,
Single-Source Domain Generalization for&#xa0;Coronary Vessels Segmentation in&#xa0;X-Ray Angiography,"Statistical Atlases and Computational Models of the Heart. Workshop, CMRxRecon and MBAS Challenge Papers.",10.1007/978-3-031-87756-8_1,Mohammad AtwanyMojtaba LashgariRobin P. ChoudhuryVicente GrauAbhirup Banerjee,2025,https://link.springer.com/chapter/10.1007/978-3-031-87756-8_1,Conference paper,yes,moved,no,no,no,no
SOOD-ImageNet: A&#xa0;Large-Scale Dataset for&#xa0;Semantic Out-of-Distribution Image Classification and&#xa0;Semantic Segmentation,Computer Vision – ECCV 2024 Workshops,10.1007/978-3-031-91672-4_6,Alberto BacchinDavide AllegroStefano GhidoniEmanuele Menegatti,2025,https://link.springer.com/chapter/10.1007/978-3-031-91672-4_6,Conference paper,yes,moved,no,no,no,no
On the&#xa0;Robustness of&#xa0;Global Feature Effect Explanations,Machine Learning and Knowledge Discovery in Databases. Research Track,10.1007/978-3-031-70344-7_8,Hubert BanieckiGiuseppe CasalicchioBernd BischlPrzemyslaw Biecek,2024,https://link.springer.com/chapter/10.1007/978-3-031-70344-7_8,Conference paper,,removed,no,,,
One size does not fit all in evaluating model selection scores for image classification,Scientific Reports,10.1038/s41598-024-81752-w,Nermeen Abou BakerUwe Handmann,2024,https://link.springer.com/article/10.1038/s41598-024-81752-w,Article,,removed,no,,,
"One step forward, two steps back: ML-based malware detection under concept drift",Computing,10.1007/s00607-025-01543-7,Ahmed AbusnainaAfsah AnwarMuhammad SaadAbdulrahman AlabduljabbarRhongho JangSaeed SalemDavid Mohaisen,2025,https://link.springer.com/article/10.1007/s00607-025-01543-7,Article,,removed,no,no,no,no
Source Matters: Source Dataset Impact on&#xa0;Model Robustness in&#xa0;Medical Imaging,Applications of Medical Artificial Intelligence,10.1007/978-3-031-82007-6_11,Dovile JuodelyteYucheng LuAmelia Jiménez-SánchezSabrina BottazziEnzo FerranteVeronika Cheplygina,2025,https://link.springer.com/chapter/10.1007/978-3-031-82007-6_11,Conference paper,yes,moved,no,no,no,no
Online test-time adaptation for better generalization of interatomic potentials to out-of-distribution data,Nature Communications,10.1038/s41467-025-57101-4,Taoyong CuiChenyu TangDongzhan ZhouYuqiang LiXingao GongWanli OuyangMao SuShufei Zhang,2025,https://link.springer.com/article/10.1038/s41467-025-57101-4,Article,,removed,no,,,
Ontology-conformal recognition of materials entities using language models,Scientific Reports,10.1038/s41598-025-03619-y,Sai Teja PotuRachana Niranjan MurthyAkhil ThomasLokesh MishraNatalie PrangeAli Riza Durmaz,2025,https://link.springer.com/article/10.1038/s41598-025-03619-y,Article,,removed,no,no,no,no
Source-free domain adaptation requires penalized diversity,Machine Learning,10.1007/s10994-025-06863-5,Laya Rafiee SevyeriIvaxi ShethFarhood FarahnakAlexandre SeeSamira Ebrahimi KahouThomas FevensMohammad Havaei,2025,https://link.springer.com/article/10.1007/s10994-025-06863-5,Article,yes,moved,no,no,no,no
Style-Hallucinated Dual Consistency Learning for&#xa0;Domain Generalized Semantic Segmentation,Computer Vision – ECCV 2022,10.1007/978-3-031-19815-1_31,Yuyang ZhaoZhun ZhongNa ZhaoNicu SebeGim Hee Lee,2022,https://link.springer.com/chapter/10.1007/978-3-031-19815-1_31,Conference paper,yes,moved,no,no,no,no
Style-Hallucinated Dual Consistency Learning: A Unified Framework for Visual Domain Generalization,International Journal of Computer Vision,10.1007/s11263-023-01911-w,Yuyang ZhaoZhun ZhongNa ZhaoNicu SebeGim Hee Lee,2023,https://link.springer.com/article/10.1007/s11263-023-01911-w,Article,yes,moved,no,no,no,no
Suppressing Style-Sensitive Features via Randomly Erasing for Domain Generalizable Semantic Segmentation,Pattern Recognition and Computer Vision,10.1007/978-3-030-88013-2_25,Siwei SuHaijian WangMeng Yang,2021,https://link.springer.com/chapter/10.1007/978-3-030-88013-2_25,Conference paper,yes,moved,no,no,no,no
Systematic Evaluation of Uncertainty Calibration in Pretrained Object Detectors,International Journal of Computer Vision,10.1007/s11263-024-02219-z,Denis HuseljicMarek HerdePaul HahnMehmet MüjdeBernhard Sick,2024,https://link.springer.com/article/10.1007/s11263-024-02219-z,Article,yes,moved,no,no,no,yes
Tailoring Self-Supervision for Supervised Learning,Computer Vision – ECCV 2022,10.1007/978-3-031-19806-9_20,WonJun MoonJi-Hwan KimJae-Pil Heo,2022,https://link.springer.com/chapter/10.1007/978-3-031-19806-9_20,Conference paper,yes,moved,no,no,no,no
Test-time augmentation with synthetic data addresses distribution shifts in spectral imaging,International Journal of Computer Assisted Radiology and Surgery,10.1007/s11548-024-03085-3,Ahmad Bin QasimAlessandro MottaAlexander Studier-FischerJan SellnerLeonardo AyalaMarco HübnerMarc BressanBerkin ÖzdemirKarl Friedrich KowalewskiFelix NickelSilvia SeidlitzLena Maier-Hein,2024,https://link.springer.com/article/10.1007/s11548-024-03085-3,Article,yes,moved,no,no,no,no
Open-Set Text Recognition via&#xa0;Shape-Awareness Visual Reconstruction,Document Analysis and Recognition - ICDAR 2023,10.1007/978-3-031-41731-3_6,Chang LiuChun YangXu-Cheng Yin,2023,https://link.springer.com/chapter/10.1007/978-3-031-41731-3_6,Conference paper,,removed,no,no,no,no
Open-Vocabulary Object Detectors: Robustness Challenges Under Distribution Shifts,Computer Vision – ECCV 2024 Workshops,10.1007/978-3-031-91672-4_5,Prakash Chandra ChhipaKanjar DeMeenakshi Subhash ChippaRajkumar SainiMarcus Liwicki,2025,https://link.springer.com/chapter/10.1007/978-3-031-91672-4_5,Conference paper,,removed,yes,no,no,yes
Open-World Continual Learning: A Framework,Lifelong and Continual Learning Dialogue Systems,10.1007/978-3-031-48189-5_2,Sahisnu MazumderBing Liu,2024,https://link.springer.com/chapter/10.1007/978-3-031-48189-5_2,Chapter,,removed,no,no,no,no
Test-Time Image-to-Image Translation Ensembling Improves Out-of-Distribution Generalization in&#xa0;Histopathology,Medical Image Computing and Computer Assisted Intervention – MICCAI 2022,10.1007/978-3-031-16434-7_12,Marin ScalbertMaria VakalopoulouFlorent Couzinié-Devy,2022,https://link.springer.com/chapter/10.1007/978-3-031-16434-7_12,Conference paper,yes,moved,no,no,no,no
OpenPSS: An Open Page Stream Segmentation Benchmark,Linking Theory and Practice of Digital Libraries,10.1007/978-3-031-72437-4_24,Ruben van HeusdenJaap KampsMaarten Marx,2024,https://link.springer.com/chapter/10.1007/978-3-031-72437-4_24,Conference paper,,removed,no,,,
Operational Open-Set Recognition and&#xa0;PostMax Refinement,Computer Vision – ECCV 2024,10.1007/978-3-031-72658-3_27,Steve CruzRyan RabinowitzManuel GüntherTerrance E. Boult,2025,https://link.springer.com/chapter/10.1007/978-3-031-72658-3_27,Conference paper,,removed,no,no,no,no
Ophthalmic Image Synthesis and Analysis with Generative Adversarial Network Artificial Intelligence,Journal of Imaging Informatics in Medicine,10.1007/s10278-025-01519-1,Mouayad MasalkhiKyle SpornRahul KumarJoshua OngTuan NguyenEthan WaisbergNasif ZamanAndrew G. LeeAlireza Tavakkoli,2025,https://link.springer.com/article/10.1007/s10278-025-01519-1,Article,,removed,no,no,no,no
Optimal Transport of&#xa0;Diverse Unsupervised Tasks for&#xa0;Robust Learning from&#xa0;Noisy Few-Shot Data,Computer Vision – ECCV 2024,10.1007/978-3-031-72933-1_17,Xiaofan QueQi Yu,2025,https://link.springer.com/chapter/10.1007/978-3-031-72933-1_17,Conference paper,,removed,no,no,no,no
Test-Time Stain Adaptation with&#xa0;Diffusion Models for&#xa0;Histopathology Image Classification,Computer Vision – ECCV 2024,10.1007/978-3-031-72761-0_15,Cheng-Chang TsaiYuan-Chih ChenChun-Shien Lu,2025,https://link.springer.com/chapter/10.1007/978-3-031-72761-0_15,Conference paper,yes,moved,no,no,no,no
ORAD: a new framework of offline Reinforcement Learning with Q-value regularization,Evolutionary Intelligence,10.1007/s12065-022-00778-z,Longfei ZhangYulong ZhangShixuan LiuLi ChenXingxing LiangGuangquan ChengZhong Liu,2022,https://link.springer.com/article/10.1007/s12065-022-00778-z,Article,,removed,no,no,no,no
OrphaGPT: An Adapted Large Language Model for&#xa0;Orphan Diseases Classification,Intelligent Information and Database Systems,10.1007/978-981-97-4982-9_16,Kushal PokhrelCesar SaninMd Rafiqul IslamMd. Kowsar Hossain SakibAnwaar UlhaqEdward Szczerbicki,2024,https://link.springer.com/chapter/10.1007/978-981-97-4982-9_16,Conference paper,,removed,no,no,no,no
The Caltech Fish Counting Dataset: A Benchmark for&#xa0;Multiple-Object Tracking and&#xa0;Counting,Computer Vision – ECCV 2022,10.1007/978-3-031-20074-8_17,Justin KayPeter KulitsSuzanne StathatosSiqi DengErik YoungSara BeeryGrant Van HornPietro Perona,2022,https://link.springer.com/chapter/10.1007/978-3-031-20074-8_17,Conference paper,yes,moved,no,no,no,no
The Fishyscapes Benchmark: Measuring Blind Spots in Semantic Segmentation,International Journal of Computer Vision,10.1007/s11263-021-01511-6,Hermann BlumPaul-Edouard SarlinJuan NietoRoland SiegwartCesar Cadena,2021,https://link.springer.com/article/10.1007/s11263-021-01511-6,Article,yes,moved,no,no,no,no
Out-of-Distribution Detection for&#xa0;Medical Applications: Guidelines for&#xa0;Practical Evaluation,Multimodal AI in Healthcare,10.1007/978-3-031-14771-5_10,Karina ZadorozhnyPatrick ThoralPaul ElbersGiovanni Cinà,2023,https://link.springer.com/chapter/10.1007/978-3-031-14771-5_10,Chapter,,removed,no,no,no,no
Tissue-SDG: dynamic adaptive data augmentation and multi-scale contrastive learning for generalizable tissue semantic segmentation,The Visual Computer,10.1007/s00371-025-03917-6,Qian LiJiayi PengJiatai LinChu HanKe ZhaoZaiyi Liu,2025,https://link.springer.com/article/10.1007/s00371-025-03917-6,Article,yes,moved,no,no,no,no
Toward Universal Medical Image Registration via&#xa0;Sharpness-Aware Meta-Continual Learning,Medical Image Computing and Computer Assisted Intervention – MICCAI 2024,10.1007/978-3-031-72069-7_69,Bomin WangXinzhe LuoXiahai Zhuang,2024,https://link.springer.com/chapter/10.1007/978-3-031-72069-7_69,Conference paper,yes,moved,no,no,no,no
Towards Aleatoric and Epistemic Uncertainty in Medical Image Classification,Artificial Intelligence in Medicine,10.1007/978-3-031-66535-6_17,Timo LöhrMichael IngrischEyke Hüllermeier,2024,https://link.springer.com/chapter/10.1007/978-3-031-66535-6_17,Conference paper,yes,moved,no,no,no,no
Towards Boosting Out-of-Distribution Detection from a Spatial Feature Importance Perspective,International Journal of Computer Vision,10.1007/s11263-025-02347-0,Yao ZhuXiu YanChuanlong Xie,2025,https://link.springer.com/article/10.1007/s11263-025-02347-0,Article,yes,moved,no,no,no,no
Towards Improved Intermediate Layer Variational Inference for&#xa0;Uncertainty Estimation,Computer Vision – ECCV 2022 Workshops,10.1007/978-3-031-25072-9_36,Ahmed HammamFrank BonarensSeyed Eghbal GhobadiChristoph Stiller,2023,https://link.springer.com/chapter/10.1007/978-3-031-25072-9_36,Conference paper,yes,moved,no,no,no,no
Towards Non Co-occurrence Incremental Object Detection with Unlabeled In-the-Wild Data,International Journal of Computer Vision,10.1007/s11263-024-02048-0,Na DongYongqiang ZhangMingli DingGim Hee Lee,2024,https://link.springer.com/article/10.1007/s11263-024-02048-0,Article,yes,moved,no,no,no,no
Towards Recognizing Unseen Categories in Unseen Domains,Computer Vision – ECCV 2020,10.1007/978-3-030-58592-1_28,Massimiliano ManciniZeynep AkataElisa RicciBarbara Caputo,2020,https://link.springer.com/chapter/10.1007/978-3-030-58592-1_28,Conference paper,yes,yes,no,no,no,yes
Out-of-distribution reject option method for dataset shift problem in early disease onset prediction,Scientific Reports,10.1038/s41598-025-01811-8,Taisei TosakiEiichiro UchinoRyosuke KojimaYohei MineharuYuji OkamotoMikio AritaNobuyuki MiyaiYoshinori TamadaTatsuya MikamiKoichi MurashitaShigeyuki NakajiYasushi Okuno,2025,https://link.springer.com/article/10.1038/s41598-025-01811-8,Article,,removed,no,no,no,yes
Out-of-Distribution with&#xa0;Text-to-Image Diffusion Models,Pattern Recognition and Computer Vision,10.1007/978-981-99-8552-4_22,Jinglin TongLongquan Dai,2024,https://link.springer.com/chapter/10.1007/978-981-99-8552-4_22,Conference paper,,removed,no,no,no,no
Out-of-time cross-validation strategies for classification in the presence of dataset shift,Applied Intelligence,10.1007/s10489-021-02735-2,Sebastián MaldonadoJulio LópezAndrés Iturriaga,2021,https://link.springer.com/article/10.1007/s10489-021-02735-2,Article,,removed,no,,,
Towards Robust Uncertainty Estimation in&#xa0;the&#xa0;Presence of&#xa0;Noisy Labels,Artificial Neural Networks and Machine Learning – ICANN 2022,10.1007/978-3-031-15919-0_56,Chao PanBo YuanWei ZhouXin Yao,2022,https://link.springer.com/chapter/10.1007/978-3-031-15919-0_56,Conference paper,yes,moved,no,no,no,no
TTA-OOD: Test-Time Augmentation for&#xa0;Improving Out-of-Distribution Detection in&#xa0;Gastrointestinal Vision,Data Engineering in Medical Imaging,10.1007/978-3-031-73748-0_4,Sandesh PokhrelSanjay BhandariEduard VazquezTryphon LambrouPrashnna GyawaliBinod Bhattarai,2025,https://link.springer.com/chapter/10.1007/978-3-031-73748-0_4,Conference paper,yes,moved,no,no,no,yes
Overview of Universal Behavior Computing,Universal Behavior Computing for Security and Safety,10.1007/978-981-97-9014-2_1,Cheng WangHangyu Zhu,2024,https://link.springer.com/chapter/10.1007/978-981-97-9014-2_1,Chapter,,removed,no,no,no,no
Parameter-based transfer learning,Introduction to transfer learning,10.1007/978-981-99-1109-7_4,Jindong Wang,2023,https://link.springer.com/video/segment/10.1007/978-981-99-1109-7_4,Video segment,,removed,no,no,no,no
PathoSpotter: Computational Intelligence Applied to Nephropathology,Innovations in Nephrology,10.1007/978-3-031-11570-7_16,Luciano OliveiraPaulo ChagasAngelo DuarteRodrigo CalumbyEmanuele SantosMichele AngeloWashington dos Santos,2022,https://link.springer.com/chapter/10.1007/978-3-031-11570-7_16,Chapter,,removed,no,no,no,no
PDiscoFormer: Relaxing Part Discovery Constraints with&#xa0;Vision Transformers,Computer Vision – ECCV 2024,10.1007/978-3-031-73013-9_15,Ananthu AnirajCassio F. DantasDino IencoDiego Marcos,2025,https://link.springer.com/chapter/10.1007/978-3-031-73013-9_15,Conference paper,,removed,no,no,no,no
Personalization for web-based services using offline reinforcement learning,Machine Learning,10.1007/s10994-024-06525-y,Pavlos Athanasios ApostolopoulosZehui WangHanson WangTenghyu XuChad ZhouKittipate VirochsiriNorm ZhouIgor L. Markov,2024,https://link.springer.com/article/10.1007/s10994-024-06525-y,Article,,removed,no,no,no,no
TTT-MIM: Test-Time Training with&#xa0;Masked Image Modeling for&#xa0;Denoising Distribution Shifts,Computer Vision – ECCV 2024,10.1007/978-3-031-73254-6_20,Youssef MansourXuyang ZhongSerdar CaglarReinhard Heckel,2025,https://link.springer.com/chapter/10.1007/978-3-031-73254-6_20,Conference paper,yes,moved,yes,no,no,yes
Personalized visual encoding model construction with small data,Communications Biology,10.1038/s42003-022-04347-z,Zijin GuKeith JamisonMert SabuncuAmy Kuceyeski,2022,https://link.springer.com/article/10.1038/s42003-022-04347-z,Article,,removed,no,no,no,no
Typicality Excels Likelihood for Unsupervised Out-of-Distribution Detection in Medical Imaging,Uncertainty for Safe Utilization of Machine Learning in Medical Imaging,10.1007/978-3-031-73158-7_14,Lemar AbdiM. M. Amaan ValiuddinChristiaan G. A. ViviersPeter H. N. de WithFons van der Sommen,2025,https://link.springer.com/chapter/10.1007/978-3-031-73158-7_14,Conference paper,yes,moved,no,no,no,no
UL-VIO: Ultra-Lightweight Visual-Inertial Odometry with&#xa0;Noise Robust Test-Time Adaptation,Computer Vision – ECCV 2024,10.1007/978-3-031-73036-8_24,Jinho ParkSe Young ChunMingoo Seok,2025,https://link.springer.com/chapter/10.1007/978-3-031-73036-8_24,Conference paper,yes,moved,no,no,no,no
Ultrasam: a foundation model for ultrasound using large open-access segmentation datasets,International Journal of Computer Assisted Radiology and Surgery,10.1007/s11548-025-03517-8,Adrien MeyerAditya MuraliFarahdiba ZarinDidier MutterNicolas Padoy,2025,https://link.springer.com/article/10.1007/s11548-025-03517-8,Article,yes,moved,no,no,no,no
PointCoCa: Point contrastive captioner pre-trained with prompt-driven datasets generation enhances point cloud shape understanding,Applied Intelligence,10.1007/s10489-025-06680-2,Fenglin LiuTao ZhouWei WangJianliang MaDong LiWei Xi,2025,https://link.springer.com/article/10.1007/s10489-025-06680-2,Article,,removed,no,no,no,no
PointSea: Point Cloud Completion via Self-structure Augmentation,International Journal of Computer Vision,10.1007/s11263-025-02400-y,Zhe ZhuHonghua ChenXing HeMingqiang Wei,2025,https://link.springer.com/article/10.1007/s11263-025-02400-y,Article,,removed,no,no,no,no
Policy Entropy for Out-of-Distribution Classification,Artificial Neural Networks and Machine Learning – ICANN 2020,10.1007/978-3-030-61616-8_34,Andreas SedlmeierRobert MüllerSteffen IlliumClaudia Linnhoff-Popien,2020,https://link.springer.com/chapter/10.1007/978-3-030-61616-8_34,Conference paper,,removed,no,no,no,no
Polygraph: a software framework for the systematic assessment of synthetic regulatory DNA elements,Genome Biology,10.1186/s13059-025-03584-9,Avantika LalLaura GunsalusAnay GuptaTommaso BiancalaniGokcen Eraslan,2025,https://link.springer.com/article/10.1186/s13059-025-03584-9,Article,,removed,no,no,no,no
Uncertainty Aware Deep Reinforcement Learning for Anatomical Landmark Detection in Medical Images,Medical Image Computing and Computer Assisted Intervention – MICCAI 2021,10.1007/978-3-030-87199-4_60,James BrowningMicha KornreichAubrey ChowJayashri PawarLi ZhangRichard HerzogBenjamin L. Odry,2021,https://link.springer.com/chapter/10.1007/978-3-030-87199-4_60,Conference paper,yes,moved,no,no,no,no
Pre-trained Language Models,Foundation Models for Natural Language Processing,10.1007/978-3-031-23190-2_2,Gerhard PaaßSven Giesselbach,2023,https://link.springer.com/chapter/10.1007/978-3-031-23190-2_2,Chapter,,removed,no,no,no,no
Uncertainty Awareness for&#xa0;Unsupervised Domain Adaptation on&#xa0;Human Activity Recognition,Human Activity Recognition and Anomaly Detection,10.1007/978-981-97-9003-6_6,Weide LiuXiaoyang ZhongLu WangJingwen HouYuemei LuoJiebin YanYuming Fang,2025,https://link.springer.com/chapter/10.1007/978-981-97-9003-6_6,Conference paper,yes,moved,no,no,no,no
Prediction Accuracy &amp; Reliability: Classification and Object Localization Under Distribution Shift,Machine Learning and Granular Computing:  A Synergistic Design Environment,10.1007/978-3-031-66842-5_9,Fabian DietMoussa Kassem SbeytiMichelle Karg,2024,https://link.springer.com/chapter/10.1007/978-3-031-66842-5_9,Chapter,,removed,no,no,no,no
Prediction of COVID-19 cases using SIR and AR models: Tokyo-specific and nationwide application,Artificial Life and Robotics,10.1007/s10015-024-00959-2,Tatsunori SekiTomoaki SakuraiSatoshi MiyataKeisuke ChujoToshiki MurataHiroyasu InoueNobuyasu Ito,2024,https://link.springer.com/article/10.1007/s10015-024-00959-2,Article,,removed,no,no,no,no
Preparation Knowledge: Basics of AI,Artificial Intelligence for Engineers,10.1007/978-3-031-75953-6_1,Zhen “Leo” Liu,2025,https://link.springer.com/chapter/10.1007/978-3-031-75953-6_1,Chapter,,removed,no,no,no,no
Privacy preserving cold-start recommendation for out-of-matrix users via content baskets,International Journal of Data Science and Analytics,10.1007/s41060-023-00388-7,Michael SunAndrew Wang,2023,https://link.springer.com/article/10.1007/s41060-023-00388-7,Article,,removed,no,no,no,no
Privacy-preserving explainable AI: a survey,Science China Information Sciences,10.1007/s11432-024-4123-4,Thanh Tam NguyenThanh Trung HuynhZhao RenThanh Toan NguyenPhi Le NguyenHongzhi YinQuoc Viet Hung Nguyen,2024,https://link.springer.com/article/10.1007/s11432-024-4123-4,Article,,removed,no,no,no,no
Probabilistic 3D Correspondence Prediction from&#xa0;Sparse Unsegmented Images,Machine Learning in Medical Imaging,10.1007/978-3-031-73290-4_12,Krithika IyerShireen Y. Elhabian,2025,https://link.springer.com/chapter/10.1007/978-3-031-73290-4_12,Conference paper,,removed,no,no,no,no
Uncertainty Calibration with&#xa0;Energy Based Instance-Wise Scaling in&#xa0;the&#xa0;Wild Dataset,Computer Vision – ECCV 2024,10.1007/978-3-031-72952-2_14,Mijoo KimJunseok Kwon,2025,https://link.springer.com/chapter/10.1007/978-3-031-72952-2_14,Conference paper,yes,moved,no,no,no,no
Uncertainty-Guided Source-Free Domain Adaptation,Computer Vision – ECCV 2022,10.1007/978-3-031-19806-9_31,Subhankar RoyMartin TrappAndrea PilzerJuho KannalaNicu SebeElisa RicciArno Solin,2022,https://link.springer.com/chapter/10.1007/978-3-031-19806-9_31,Conference paper,yes,moved,no,no,no,no
Property-driven localization and characterization in deep molecular representations,Scientific Reports,10.1038/s41598-025-09717-1,Celia CintasPayel DasJerret RossBrian BelgodereGirmaw Abebe TadesseVijil ChenthamarakshanJannis BornSkyler Speakman,2025,https://link.springer.com/article/10.1038/s41598-025-09717-1,Article,,removed,no,no,no,no
Protein sequence modelling with Bayesian flow networks,Nature Communications,10.1038/s41467-025-58250-2,Timothy AtkinsonThomas D. BarrettScott CameronBora GulogluMatthew GreenigCharlie B. TanLouis RobinsonAlex GravesLiviu CopoiuAlexandre Laterre,2025,https://link.springer.com/article/10.1038/s41467-025-58250-2,Article,,removed,no,no,no,no
Uncertainty-Guided Test-Time Training for&#xa0;Face Forgery Detection,Pattern Recognition,10.1007/978-3-031-47637-2_20,Shenyuan HuangHuaibo HuangZi WangNan XuAihua ZhengRan He,2023,https://link.springer.com/chapter/10.1007/978-3-031-47637-2_20,Conference paper,yes,moved,no,no,no,no
Uncertainty-informed deep learning models enable high-confidence predictions for digital histopathology,Nature Communications,10.1038/s41467-022-34025-x,James M. DolezalAndrew SrisuwananukornDmitry KarpeyevSiddhi RameshSara KochannyBrittany CodyAaron S. MansfieldSagar RakshitRadhika BansalMelanie C. BoisAaron O. BungumJefree J. SchulteEverett E. VokesMarina Chiara GarassinoAliya N. HusainAlexander T. Pearson,2022,https://link.springer.com/article/10.1038/s41467-022-34025-x,Article,yes,moved,no,no,no,yes
PVEMLPTS: design of an efficient psoriasis and vitiligo detection model through enhanced machine learning and personalized treatment strategies,International Journal of Information Technology,10.1007/s41870-024-02258-2,Dasari Anantha ReddySwarup RoySanjay KumarRakesh TripathiNeel Prabha,2024,https://link.springer.com/article/10.1007/s41870-024-02258-2,Article,,removed,no,no,no,no
Quantifying artificial intelligence through algorithmic generalization,Nature Machine Intelligence,10.1038/s42256-025-01092-w,Takuya ItoMurray CampbellLior HoreshTim KlingerParikshit Ram,2025,https://link.springer.com/article/10.1038/s42256-025-01092-w,Article,,removed,no,no,no,no
Quantifying Assurance in Learning-Enabled Systems,"Computer Safety, Reliability, and Security",10.1007/978-3-030-54549-9_18,Erfan AsaadiEwen DenneyGanesh Pai,2020,https://link.springer.com/chapter/10.1007/978-3-030-54549-9_18,Conference paper,,removed,no,no,no,no
Quantifying Epistemic Uncertainty in&#xa0;Absolute Pose Regression,Image Analysis,10.1007/978-3-031-95918-9_13,Fereidoon ZangenehAmit DekelAlessandro PieropanPatric Jensfelt,2025,https://link.springer.com/chapter/10.1007/978-3-031-95918-9_13,Conference paper,,removed,no,no,no,no
"Quantifying the&#xa0;Trade-Offs Between Dimensions of&#xa0;Trustworthy AI - An Empirical Study on&#xa0;Fairness, Explainability, Privacy, and&#xa0;Robustness",KI 2024: Advances in Artificial Intelligence,10.1007/978-3-031-70893-0_10,Nils KemmerzellAnnika Schreiner,2024,https://link.springer.com/chapter/10.1007/978-3-031-70893-0_10,Conference paper,,removed,no,no,no,no
Quantized Prompt for&#xa0;Efficient Generalization of&#xa0;Vision-Language Models,Computer Vision – ECCV 2024,10.1007/978-3-031-72655-2_4,Tianxiang HaoXiaohan DingJuexiao FengYuhong YangHui ChenGuiguang Ding,2025,https://link.springer.com/chapter/10.1007/978-3-031-72655-2_4,Conference paper,,removed,no,no,no,no
Quantum Federated Learning for Wireless Communications,Federated Learning for IoT Applications,10.1007/978-3-030-85559-8_14,R. M. PujahariAkshit Tanwar,2022,https://link.springer.com/chapter/10.1007/978-3-030-85559-8_14,Chapter,,removed,no,no,no,no
R3DS: Reality-Linked 3D Scenes for&#xa0;Panoramic Scene Understanding,Computer Vision – ECCV 2024,10.1007/978-3-031-73036-8_26,Qirui WuSonia RaychaudhuriDaniel RitchieManolis SavvaAngel X. Chang,2025,https://link.springer.com/chapter/10.1007/978-3-031-73036-8_26,Conference paper,,removed,no,no,no,no
Ramifications of incorrect image segmentations; emphasizing on the potential effects on deep learning methods failure,Journal of Big Data,10.1186/s40537-022-00624-0,Hayat Al-Dmour,2022,https://link.springer.com/article/10.1186/s40537-022-00624-0,Article,,removed,no,no,no,no
Understanding Silent Failures in&#xa0;Medical Image Classification,Medical Image Computing and Computer Assisted Intervention – MICCAI 2023,10.1007/978-3-031-43898-1_39,Till J. BungertLevin KobelkePaul F. Jäger,2023,https://link.springer.com/chapter/10.1007/978-3-031-43898-1_39,Conference paper,yes,moved,no,no,no,no
Re-assessing accuracy degradation: a framework for understanding DNN behavior on similar-but-non-identical test datasets,Machine Learning,10.1007/s10994-024-06693-x,Esla Timothy AnzakuHaohan WangAjiboye BabalolaArnout Van MessemWesley De Neve,2025,https://link.springer.com/article/10.1007/s10994-024-06693-x,Article,,removed,no,no,no,no
Realistic Skin Image Data Generation Leveraging Conditional GAN and&#xa0;Classification Using Deep CNN,Recent Trends in Image Processing and Pattern Recognition,10.1007/978-3-031-53085-2_15,Jinaga TulasiramBalaji BanothuS. Nickolas,2024,https://link.springer.com/chapter/10.1007/978-3-031-53085-2_15,Conference paper,,removed,no,no,no,no
Recent advances and challenges in task-oriented dialog systems,Science China Technological Sciences,10.1007/s11431-020-1692-3,Zheng ZhangRyuichi TakanobuQi ZhuMinLie HuangXiaoYan Zhu,2020,https://link.springer.com/article/10.1007/s11431-020-1692-3,Article,,removed,no,no,no,no
Understanding the&#xa0;Properties and&#xa0;Limitations of&#xa0;Contrastive Learning for&#xa0;Out-of-Distribution Detection,"Pattern Recognition, Computer Vision, and Image Processing. ICPR 2022 International Workshops and Challenges",10.1007/978-3-031-37660-3_23,Nawid KeshtmandRaul Santos-RodriguezJonathan Lawry,2023,https://link.springer.com/chapter/10.1007/978-3-031-37660-3_23,Conference paper,yes,moved,no,no,no,no
ReDiT: re-evaluating large visual question answering model confidence by defining input scenario difficulty and applying temperature mapping,Multimedia Systems,10.1007/s00530-024-01629-w,Modafar Al-ShouhaGábor Szűcs,2025,https://link.springer.com/article/10.1007/s00530-024-01629-w,Article,,removed,no,no,no,no
Reducing classifier overconfidence against adversaries through graph algorithms,Machine Learning,10.1007/s10994-023-06307-y,Leonardo TeixeiraBrian JalaianBruno Ribeiro,2023,https://link.springer.com/article/10.1007/s10994-023-06307-y,Article,,removed,no,no,no,no
Unified Classification and Rejection: A One-versus-all Framework,Machine Intelligence Research,10.1007/s11633-024-1514-4,Zhen ChengXu-Yao ZhangCheng-Lin Liu,2024,https://link.springer.com/article/10.1007/s11633-024-1514-4,Article,yes,moved,no,no,no,no
Unknown Support Prototype Set for Open Set Recognition,International Journal of Computer Vision,10.1007/s11263-025-02384-9,Guosong JiangPengfei ZhuBing CaoDongyue ChenQinghua Hu,2025,https://link.springer.com/article/10.1007/s11263-025-02384-9,Article,yes,moved,no,no,no,no
Unsupervised Anomaly Detection in the Wild,Bildverarbeitung für die Medizin 2022,10.1007/978-3-658-36932-3_6,David ZimmererDaniel PaechCarsten LüthJens PetersenGregor KöhlerKlaus Maier-Hein,2022,https://link.springer.com/chapter/10.1007/978-3-658-36932-3_6,Conference paper,yes,moved,no,no,no,no
Reliability in&#xa0;Semantic Segmentation: Can We Use Synthetic Data?,Computer Vision – ECCV 2024,10.1007/978-3-031-73337-6_25,Thibaut LoiseauTuan-Hung VuMickael ChenPatrick PérezMatthieu Cord,2025,https://link.springer.com/chapter/10.1007/978-3-031-73337-6_25,Conference paper,,removed,no,no,no,yes
Reliability-improved machine learning model using knowledge-embedded learning approach for smart manufacturing,Journal of Intelligent Manufacturing,10.1007/s10845-024-02482-4,Farzam FarbizSaurabh AggarwalTomasz Karol MaszczykMohamed Salahuddin HabibullahBrahim Hamadicharef,2024,https://link.springer.com/article/10.1007/s10845-024-02482-4,Article,,removed,no,no,no,no
Reliable deep learning in anomalous diffusion against out-of-distribution dynamics,Nature Computational Science,10.1038/s43588-024-00703-7,Xiaochen FengHao ShaYongbing ZhangYaoquan SuShuai LiuYuan JiangShangguo HouSanyang HanXiangyang Ji,2024,https://link.springer.com/article/10.1038/s43588-024-00703-7,Article,,removed,no,no,no,no
Remaining Useful Life Estimation for Anti-friction Bearing Prognosis Based on Envelope Spectrum and Variational Autoencoder,International Congress and Workshop on Industrial AI and eMaintenance 2023,10.1007/978-3-031-39619-9_17,Haobin WenLong ZhangJyoti K. SinhaKhalid Almutairi,2024,https://link.springer.com/chapter/10.1007/978-3-031-39619-9_17,Conference paper,,removed,no,no,no,no
Unsupervised domain adaptation by cross-domain consistency learning for CT body composition,Machine Vision and Applications,10.1007/s00138-024-01615-2,Shahzad AliYu Rim LeeSoo Young ParkWon Young TakSoon Ki Jung,2025,https://link.springer.com/article/10.1007/s00138-024-01615-2,Article,yes,moved,no,no,no,no
Research on GNNs with stable learning,Scientific Reports,10.1038/s41598-025-12840-8,Wenbin LiWenxuan WeiPeiyang WangLi PanBo YangYanling Xu,2025,https://link.springer.com/article/10.1038/s41598-025-12840-8,Article,,removed,no,no,no,no
Unsupervised Domain Adaptation Using Soft-Labeled Contrastive Learning with&#xa0;Reversed Monte Carlo Method for&#xa0;Cardiac Image Segmentation,Medical Image Computing and Computer Assisted Intervention – MICCAI 2024,10.1007/978-3-031-72114-4_65,Mingxuan GuMareike ThiesSiyuan MeiFabian WagnerMingcheng FanYipeng SunZhaoya PanSulaiman VesalRonak KostiDennis PossartJonas UtzAndreas Maier,2024,https://link.springer.com/chapter/10.1007/978-3-031-72114-4_65,Conference paper,yes,moved,no,no,no,no
Resilience to&#xa0;the&#xa0;Flowing Unknown: An&#xa0;Open Set Recognition Framework for&#xa0;Data Streams,Hybrid Artificial Intelligent Systems,10.1007/978-3-031-74183-8_12,Marcos Barcina-BlancoJesus L. LoboPablo Garcia-BringasJavier Del Ser,2025,https://link.springer.com/chapter/10.1007/978-3-031-74183-8_12,Conference paper,,removed,no,no,no,no
Responsible Data Science,Introduction to Data Science,10.1007/978-3-031-48956-3_12,Laura IgualSanti Seguí,2024,https://link.springer.com/chapter/10.1007/978-3-031-48956-3_12,Chapter,,removed,no,no,no,no
Unveiling the unseen: novel strategies for object detection beyond known distributions,Pattern Analysis and Applications,10.1007/s10044-024-01334-4,S. DeviR. DayanaP. Malarvezhi,2024,https://link.springer.com/article/10.1007/s10044-024-01334-4,Article,yes,yes,no,yes,no,yes
Restore Anything with&#xa0;Masks: Leveraging Mask Image Modeling for&#xa0;Blind All-in-One Image Restoration,Computer Vision – ECCV 2024,10.1007/978-3-031-72995-9_21,Chu-Jie QinRui-Qi WuZikun LiuXin LinChun-Le GuoHyun Hee ParkChongyi Li,2025,https://link.springer.com/chapter/10.1007/978-3-031-72995-9_21,Conference paper,,removed,no,no,no,no
Personalization of industrial human–robot communication through domain adaptation based on user feedback,User Modeling and User-Adapted Interaction,10.1007/s11257-024-09394-1,Debasmita MukherjeeJayden HongHaripriya VatsSooyeon BaeHomayoun Najjaran,2024,https://link.springer.com/article/10.1007/s11257-024-09394-1,Article,,removed,no,no,no,no
Rethinking group activity recognition under the open set condition,The Visual Computer,10.1007/s00371-024-03424-0,Liping ZhuSilin WuXianxiang ChangYixuan YangXuan Li,2024,https://link.springer.com/article/10.1007/s00371-024-03424-0,Article,,removed,no,no,no,no
NeRFmentation: Improving Monocular Depth Estimation with&#xa0;NeRF-Based Data Augmentation,Computer Vision – ECCV 2024 Workshops,10.1007/978-3-031-91907-7_6,Casimir FeldmannNiall SiegenheimNikolas HarsLovro RabuzinMert ErtugrulLuca WolfartMarc PollefeysZuria BauerMartin R. Oswald,2025,https://link.springer.com/chapter/10.1007/978-3-031-91907-7_6,Conference paper,,removed,no,no,no,no
Rethinking Surgical Instrument Segmentation: A Background Image Can Be All You Need,Medical Image Computing and Computer Assisted Intervention – MICCAI 2022,10.1007/978-3-031-16449-1_34,An WangMobarakol IslamMengya XuHongliang Ren,2022,https://link.springer.com/chapter/10.1007/978-3-031-16449-1_34,Conference paper,,removed,no,no,no,no
Reusability report: Uncovering associations in biomedical bipartite networks via a bilinear attention network with domain adaptation,Nature Machine Intelligence,10.1038/s42256-024-00822-w,Tao XuHaoyuan ShiWanling GaoXiaosong WangZhenyu Yue,2024,https://link.springer.com/article/10.1038/s42256-024-00822-w,Article,,removed,no,no,no,no
Revisiting Deep Ensemble for Out-of-Distribution Detection: A Loss Landscape Perspective,International Journal of Computer Vision,10.1007/s11263-024-02156-x,Kun FangQinghua TaoXiaolin HuangJie Yang,2024,https://link.springer.com/article/10.1007/s11263-024-02156-x,Article,,removed,no,no,no,no
"Risk assessment in autonomous driving: a comprehensive survey of risk sources, methodologies, and system architectures",Autonomous Intelligent Systems,10.1007/s43684-025-00112-1,Dongyuan LuHaoyang DuZhengfei WuShuo Yang,2025,https://link.springer.com/article/10.1007/s43684-025-00112-1,Article,,removed,no,no,no,no
RLMixer: A Reinforcement Learning Approach for&#xa0;Integrated Ranking with&#xa0;Contrastive User Preference Modeling,Advances in Knowledge Discovery and Data Mining,10.1007/978-3-031-33380-4_31,Jing WangMengchen ZhaoWei XiaZhenhua DongRuiming TangRui ZhangJianye HaoGuangyong ChenPheng-Ann Heng,2023,https://link.springer.com/chapter/10.1007/978-3-031-33380-4_31,Conference paper,,removed,no,no,no,no
RMR: Robust industrial anomaly detection based on the masked perceiving distillation and enhanced feature reconstruction,"Signal, Image and Video Processing",10.1007/s11760-025-04261-x,Nan ZhouShaofei Wu,2025,https://link.springer.com/article/10.1007/s11760-025-04261-x,Article,,removed,no,no,no,no
Neural illumination calibration for surgical workflow-optimized spectral imaging,International Journal of Computer Assisted Radiology and Surgery,10.1007/s11548-025-03525-8,Alexander BaumannLeonardo AyalaAlexander Studier-FischerJan SellnerBerkin ÖzdemirKarl-Friedrich KowalewskiSlobodan IlicSilvia SeidlitzLena Maier-Hein,2025,https://link.springer.com/article/10.1007/s11548-025-03525-8,Article,,removed,no,no,no,no
Robust Commonsense AI,Human-Centric AI with Common Sense,10.1007/978-3-031-69974-0_4,Filip Ilievski,2024,https://link.springer.com/chapter/10.1007/978-3-031-69974-0_4,Chapter,,removed,no,no,no,no
Using MR Physics for&#xa0;Domain Generalisation and&#xa0;Super-Resolution,Simulation and Synthesis in Medical Imaging,10.1007/978-3-031-73281-2_17,Pedro BorgesVirginia FernandezPetru Daniel TudosiuParashkev NachevSebastien OurselinM. Jorge Cardoso,2025,https://link.springer.com/chapter/10.1007/978-3-031-73281-2_17,Conference paper,yes,moved,no,no,no,no
Vision Based Machine Learning Algorithms for&#xa0;Out-of-Distribution Generalisation,Intelligent Computing,10.1007/978-3-031-37963-5_60,Hamza RiazAlan F. Smeaton,2023,https://link.springer.com/chapter/10.1007/978-3-031-37963-5_60,Conference paper,yes,moved,no,yes,no,no
Vision transformers in domain adaptation and domain generalization: a study of robustness,Neural Computing and Applications,10.1007/s00521-024-10353-5,Shadi AlijaniJamil FayyadHomayoun Najjaran,2024,https://link.springer.com/article/10.1007/s00521-024-10353-5,Article,yes,moved,no,no,no,no
Visual Concept Networks: A Graph-Based Approach to&#xa0;Detecting Anomalous Data in&#xa0;Deep Neural Networks,Pattern Recognition and Artificial Intelligence,10.1007/978-981-97-8702-9_15,Debargha GangulyDebayan GuptaVipin Chaudhary,2025,https://link.springer.com/chapter/10.1007/978-981-97-8702-9_15,Conference paper,yes,moved,no,no,no,no
Robust Object Detection Using Knowledge Graph Embeddings,Pattern Recognition,10.1007/978-3-031-16788-1_27,Christopher LangAlexander BraunAbhinav Valada,2022,https://link.springer.com/chapter/10.1007/978-3-031-16788-1_27,Conference paper,,removed,no,no,no,no
Volumetric Body Composition Through Cross-Domain Consistency Training for&#xa0;Unsupervised Domain Adaptation,Advances in Visual Computing,10.1007/978-3-031-47969-4_23,Shahzad AliYu Rim LeeSoo Young ParkWon Young TakSoon Ki Jung,2023,https://link.springer.com/chapter/10.1007/978-3-031-47969-4_23,Conference paper,yes,moved,no,no,no,no
Robust prostate disease classification using transformers with discrete representations,International Journal of Computer Assisted Radiology and Surgery,10.1007/s11548-024-03153-8,Ainkaran SanthirasekaramMathias WinklerAndrea RockallBen Glocker,2024,https://link.springer.com/article/10.1007/s11548-024-03153-8,Article,,removed,no,no,no,no
Robust Representation Learning,Representation Learning for Natural Language Processing,10.1007/978-981-99-1600-9_8,Ganqu CuiZhiyuan LiuYankai LinMaosong Sun,2023,https://link.springer.com/chapter/10.1007/978-981-99-1600-9_8,Chapter,,removed,no,no,no,no
Robust semi-supervised learning in open environments,Frontiers of Computer Science,10.1007/s11704-024-40646-w,Lan-Zhe GuoLin-Han JiaJie-Jing ShaoYu-Feng Li,2025,https://link.springer.com/article/10.1007/s11704-024-40646-w,Article,,removed,no,no,no,no
Robust video question answering via contrastive cross-modality representation learning,Science China Information Sciences,10.1007/s11432-023-4084-6,Xun YangJianming ZengDan GuoShanshan WangJianfeng DongMeng Wang,2024,https://link.springer.com/article/10.1007/s11432-023-4084-6,Article,,removed,no,no,no,no
Robustness Analysis of Chest X-Ray Computer Tuberculosis Diagnosis,Computational Mathematics and Modeling,10.1007/s10598-023-09587-0,Ya. PchelintsevA. KhvostikovO. BuchatskaiaN. NikiforovaL. ShepelevaE. ProkopevL. ParolinaA. Krylov,2022,https://link.springer.com/article/10.1007/s10598-023-09587-0,Article,,removed,no,no,no,no
Robustness and Reliability,Introduction to Responsible AI,10.1007/978-1-4842-9982-1_5,Avinash ManureShaleen BenganiSaravanan S,2023,https://link.springer.com/chapter/10.1007/978-1-4842-9982-1_5,Chapter,,removed,no,no,no,no
Robustness Evaluation of Pre-trained vs. Fine-Tuned Computer Vision Models for Score Detection in Dynamic Sports Environments,Disruptive Information Technologies for a Smart Society,10.1007/978-3-031-71419-1_12,Nikola IvačkoIvan ĆirićNikola DimitrijevićDimitrije MitićMaša MiloševićAna KitićDušan Krstić,2024,https://link.springer.com/chapter/10.1007/978-3-031-71419-1_12,Conference paper,,removed,no,yes,no,no
Robustness in deep learning models for medical diagnostics: security and adversarial challenges towards robust AI applications,Artificial Intelligence Review,10.1007/s10462-024-11005-9,Haseeb JavedShaker El-SappaghTamer Abuhmed,2024,https://link.springer.com/article/10.1007/s10462-024-11005-9,Article,,removed,no,no,no,no
Robustness of&#xa0;Classifiers for&#xa0;AI-Generated Text Detectors for&#xa0;Copyright and&#xa0;Privacy Protected Society,Pattern Recognition,10.1007/978-3-031-78498-9_5,Akshay AgarwalMohammed Uzair,2025,https://link.springer.com/chapter/10.1007/978-3-031-78498-9_5,Conference paper,,removed,no,no,no,no
Robustness of&#xa0;ConvNet to&#xa0;High-Frequency Image Corruptions,Computer Vision and Image Processing,10.1007/978-3-031-58174-8_1,Arnab Banerjee,2024,https://link.springer.com/chapter/10.1007/978-3-031-58174-8_1,Conference paper,,removed,no,no,no,no
Robustness tests for biomedical foundation models should tailor to specifications,npj Digital Medicine,10.1038/s41746-025-01926-2,R. Patrick XianNoah R. BakerTom DavidQiming CuiA. Jay HolmgrenStefan BauerMadhumita SushilReza Abbasi-Asl,2025,https://link.springer.com/article/10.1038/s41746-025-01926-2,Article,,removed,no,no,no,no
Robustness to&#xa0;Spurious Correlation: A Comprehensive Review,Computer Vision – ECCV 2024 Workshops,10.1007/978-3-031-91672-4_22,Mohammadjavad MaheronnaghshTaha Akbari Alvanagh,2025,https://link.springer.com/chapter/10.1007/978-3-031-91672-4_22,Conference paper,,removed,no,no,no,no
ROMA: Reverse Model-Based Data Augmentation for Offline Reinforcement Learning,Big Data and Security,10.1007/978-981-97-4387-2_14,Xiaochen WeiWenzhen HuangZiming Zhai,2024,https://link.springer.com/chapter/10.1007/978-981-97-4387-2_14,Conference paper,,removed,no,no,no,no
Runtime Input Monitoring of a Reinforcement Learning-Based Agent for Automated Car Parking,"Applications in Electronics Pervading Industry, Environment and Society",10.1007/978-3-031-84100-2_46,Hadi BalloutRiccardo BertaIgor BochenkoLuca LazzaroniAkshay DhonthiVahid HashemiFrancesco Bellotti,2025,https://link.springer.com/chapter/10.1007/978-3-031-84100-2_46,Conference paper,,removed,no,yes,no,no
Safeguarding large language models: a survey,Artificial Intelligence Review,10.1007/s10462-025-11389-2,Yi DongRonghui MuYanghao ZhangSiqi SunTianle ZhangChangshun WuGaojie JinYi QiJinwei HuJie MengSaddek BensalemXiaowei Huang,2025,https://link.springer.com/article/10.1007/s10462-025-11389-2,Article,,removed,no,no,no,no
DropConnect is effective in modeling uncertainty of Bayesian deep networks,Scientific Reports,10.1038/s41598-021-84854-x,Aryan MobinyPengyu YuanSupratik K. MoulikNaveen GargCarol C. WuHien Van Nguyen,2021,https://link.springer.com/article/10.1038/s41598-021-84854-x,Article,,removed,no,no,no,no
SAFT: Towards Out-of-Distribution Generalization in&#xa0;Fine-Tuning,Computer Vision – ECCV 2024,10.1007/978-3-031-72890-7_9,Bac NguyenStefan UhlichFabien CardinauxLukas MauchMarzieh EdrakiAaron Courville,2025,https://link.springer.com/chapter/10.1007/978-3-031-72890-7_9,Conference paper,,removed,no,,,
Weighted Mutual Information for&#xa0;Out-Of-Distribution Detection,Explainable Artificial Intelligence,10.1007/978-3-031-44070-0_16,Giacomo De BernardiSara NarteniEnrico CambiasoMarco MuselliMaurizio Mongelli,2023,https://link.springer.com/chapter/10.1007/978-3-031-44070-0_16,Conference paper,yes,moved,no,no,no,no
Sample-Aware RandAugment: Search-Free Automatic Data Augmentation for Effective Image Recognition,International Journal of Computer Vision,10.1007/s11263-025-02536-x,Anqi XiaoWeichen YuHongyuan Yu,2025,https://link.springer.com/article/10.1007/s11263-025-02536-x,Article,,removed,no,no,no,no
Scaling deep learning for materials discovery,Nature,10.1038/s41586-023-06735-9,Amil MerchantSimon BatznerSamuel S. SchoenholzMuratahan AykolGowoon CheonEkin Dogus Cubuk,2023,https://link.springer.com/article/10.1038/s41586-023-06735-9,Article,,removed,no,,,
Scientific Abstracts from the 2024 Conference on Machine Intelligence in Medical Imaging (CMIMI) of the Society for Imaging Informatics in Medicine (SIIM),Journal of Imaging Informatics in Medicine,10.1007/s10278-024-01278-5,,2024,https://link.springer.com/article/10.1007/s10278-024-01278-5,Article,,removed,no,no,no,no
Scientific discovery in the age of artificial intelligence,Nature,10.1038/s41586-023-06221-2,Hanchen WangTianfan FuYuanqi DuWenhao GaoKexin HuangZiming LiuPayal ChandakShengchao LiuPeter Van KatwykAndreea DeacAnima AnandkumarKarianne BergenCarla P. GomesShirley HoPushmeet KohliJoan LasenbyJure LeskovecTie-Yan LiuArjun ManraiDebora MarksBharath RamsundarLe SongJimeng SunJian TangPetar VeličkovićMax WellingLinfeng ZhangConnor W. ColeyYoshua BengioMarinka Zitnik,2023,https://link.springer.com/article/10.1038/s41586-023-06221-2,Article,,removed,no,,,
Weighting non-IID batches for out-of-distribution detection,Machine Learning,10.1007/s10994-024-06605-z,Zhilin ZhaoLongbing Cao,2024,https://link.springer.com/article/10.1007/s10994-024-06605-z,Article,yes,moved,no,yes,no,yes
Winning Prize Comes from Losing Tickets: Improve Invariant Learning by Exploring Variant Parameters for Out-of-Distribution Generalization,International Journal of Computer Vision,10.1007/s11263-024-02075-x,Zhuo HuangMuyang LiLi ShenJun YuChen GongBo HanTongliang Liu,2024,https://link.springer.com/article/10.1007/s11263-024-02075-x,Article,yes,moved,no,no,no,yes
ZoDi: Zero-Shot Domain Adaptation with&#xa0;Diffusion-Based Image Transfer,Computer Vision – ECCV 2024 Workshops,10.1007/978-3-031-91672-4_10,Hiroki AzumaYusuke MatsuiAtsuto Maki,2025,https://link.springer.com/chapter/10.1007/978-3-031-91672-4_10,Conference paper,yes,moved,no,no,no,no
Segmentation of&#xa0;White Matter Hyperintensities and&#xa0;Ischaemic Stroke Lesions in&#xa0;Structural MRI,Medical Image Understanding and Analysis,10.1007/978-3-031-48593-0_1,Jesse PhitidisAlison Q. O’NeilStewart WisemanDavid Alexander DickieEleni SakkaAgniete KampaiteWilliam WhiteleyMiguel O. BernabeuBeatrice AlexJoanna M. WardlawMaria Valdés Hernández,2024,https://link.springer.com/chapter/10.1007/978-3-031-48593-0_1,Conference paper,,removed,no,,,
Segmenting Brazilian legislative text using weak supervision and active learning,Artificial Intelligence and Law,10.1007/s10506-024-09419-5,Felipe A. SiqueiraDiany PressatoFabíola S. F. PereiraNádia F. F. da SilvaEllen SouzaMárcio S. DiasAndré C. P. L. F. de Carvalho,2024,https://link.springer.com/article/10.1007/s10506-024-09419-5,Article,,removed,no,no,no,no
A review on the effectiveness of recent approaches to few-shot learning for image analysis,Applied Intelligence,10.1007/s10489-025-06676-y,Deepak Suresh AsudaniNaresh Kumar NagwaniPradeep Singh,2025,https://link.springer.com/article/10.1007/s10489-025-06676-y,Article,no,no,no,no,no,no
Self-adaptive Machine Learning Systems: Research Challenges and&#xa0;Opportunities,Software Architecture,10.1007/978-3-031-15116-3_7,Maria CasimiroPaolo RomanoDavid GarlanGabriel A. MorenoEunsuk KangMark Klein,2022,https://link.springer.com/chapter/10.1007/978-3-031-15116-3_7,Conference paper,,removed,no,no,no,no
Self-calibrating Neural-Probabilistic Model for Authorship Verification Under Covariate Shift,"Experimental IR Meets Multilinguality, Multimodality, and Interaction",10.1007/978-3-030-85251-1_12,Benedikt BoenninghoffDorothea KolossaRobert M. Nickel,2021,https://link.springer.com/chapter/10.1007/978-3-030-85251-1_12,Conference paper,,removed,no,no,no,no
DECIDER: Leveraging Foundation Model Priors for&#xa0;Improved Model Failure Detection and&#xa0;Explanation,Computer Vision – ECCV 2024,10.1007/978-3-031-72986-7_27,Rakshith SubramanyamKowshik ThopalliVivek NarayanaswamyJayaraman J. Thiagarajan,2025,https://link.springer.com/chapter/10.1007/978-3-031-72986-7_27,Conference paper,,removed,no,no,no,no
LatentGaze: Cross-Domain Gaze Estimation Through Gaze-Aware Analytic Latent Code Manipulation,Computer Vision – ACCV 2022,10.1007/978-3-031-26348-4_10,Isack LeeJun-Seok YunHee Hyeon KimYoungju NaSeok Bong Yoo,2023,https://link.springer.com/chapter/10.1007/978-3-031-26348-4_10,Conference paper,,removed,no,no,no,no
Detecting Unknown Attacks: Transformer-Based Image Classifiers with&#xa0;an&#xa0;Out-of-Distribution Detector,Technologies and Applications of Artificial Intelligence,10.1007/978-981-96-4596-1_24,Yong-Syuan ChenHsiang-Yin LienJo-Yu LiChia-Yu Lin,2025,https://link.springer.com/chapter/10.1007/978-981-96-4596-1_24,Conference paper,,REmoved,no,no,no,no
Masked Image Modeling: A Survey,International Journal of Computer Vision,10.1007/s11263-025-02524-1,Vlad HondruFlorinel Alin CroitoruShervin MinaeeRadu Tudor IonescuNicu Sebe,2025,https://link.springer.com/article/10.1007/s11263-025-02524-1,Article,,removed,no,no,no,no
Misclassification Detection via Counterexample Learning for Trustworthy Cervical Cancer Screening,Pattern Recognition and Computer Vision,10.1007/978-981-97-8795-1_13,Li LiYouyi SongXiang DongPeng YangTianfu WangBaiying Lei,2025,https://link.springer.com/chapter/10.1007/978-981-97-8795-1_13,Conference paper,,removed,no,no,no,no
Semantic anomaly detection with large language models,Autonomous Robots,10.1007/s10514-023-10132-6,Amine ElhafsiRohan SinhaChristopher AgiaEdward SchmerlingIssa A. D. NesnasMarco Pavone,2023,https://link.springer.com/article/10.1007/s10514-023-10132-6,Article,,removed,no,no,no,no
Semantic hyperspectral image synthesis for cross-modality knowledge transfer in surgical data science,International Journal of Computer Assisted Radiology and Surgery,10.1007/s11548-025-03364-7,Viet Tran BaMarco HübnerAhmad Bin QasimMaike ReesJan SellnerSilvia SeidlitzEvangelia ChristodoulouBerkin ÖzdemirAlexander Studier-FischerFelix NickelLeonardo AyalaLena Maier-Hein,2025,https://link.springer.com/article/10.1007/s11548-025-03364-7,Article,,removed,no,,,
Multi-resolution continuous normalizing flows,Annals of Mathematics and Artificial Intelligence,10.1007/s10472-024-09939-5,Vikram VoletiChris FinlayAdam ObermanChristopher Pal,2024,https://link.springer.com/article/10.1007/s10472-024-09939-5,Article,,removed,no,no,no,no
Semantic Search in&#xa0;Archive Collections Through Interpretable and&#xa0;Adaptable Relation Extraction About Person and&#xa0;Places,Advances in Information Retrieval,10.1007/978-3-031-56069-9_37,Nicolas Gutehrlé,2024,https://link.springer.com/chapter/10.1007/978-3-031-56069-9_37,Conference paper,,removed,no,,,
DIAGen: Semantically Diverse Image Augmentation with&#xa0;Generative Models for&#xa0;Few-Shot Learning,Pattern Recognition,10.1007/978-3-031-85181-0_10,Tobias LingenbergMarkus ReuterGopika SudhakaranDominik GojnyStefan RothSimone Schaub-Meyer,2025,https://link.springer.com/chapter/10.1007/978-3-031-85181-0_10,Conference paper,,removed,no,no,no,no
Dimensionality-Induced Information Loss of&#xa0;Outliers in&#xa0;Deep Neural Networks,Machine Learning and Knowledge Discovery in Databases. Research Track,10.1007/978-3-031-70341-6_9,Kazuki UematsuKosuke HarukiTaiji SuzukiMitsuhiro KimuraTakahiro TakimotoHideyuki Nakagawa,2024,https://link.springer.com/chapter/10.1007/978-3-031-70341-6_9,Conference paper,,removed,no,no,no,no
Semi-supervised meta-learning elucidates understudied molecular interactions,Communications Biology,10.1038/s42003-024-06797-z,You WuLi XieYang LiuLei Xie,2024,https://link.springer.com/article/10.1038/s42003-024-06797-z,Article,,removed,no,no,no,yes
Semi-supervised Video Desnowing Network via&#xa0;Temporal Decoupling Experts and&#xa0;Distribution-Driven Contrastive Regularization,Computer Vision – ECCV 2024,10.1007/978-3-031-72684-2_5,Hongtao WuYijun YangAngelica I. Aviles-RiveroJingjing RenSixiang ChenHaoyu ChenLei Zhu,2025,https://link.springer.com/chapter/10.1007/978-3-031-72684-2_5,Conference paper,,removed,no,no,no,no
SensatUrban: Learning Semantics from Urban-Scale Photogrammetric Point Clouds,International Journal of Computer Vision,10.1007/s11263-021-01554-9,Qingyong HuBo YangSheikh KhalidWen XiaoNiki TrigoniAndrew Markham,2022,https://link.springer.com/article/10.1007/s11263-021-01554-9,Article,,removed,no,no,no,no
Dynamic fire and smoke detection module with enhanced feature integration and attention mechanisms,Pattern Analysis and Applications,10.1007/s10044-025-01461-6,Ammar AmjadAamer Mohamed HuroonHsien-Tsung ChangLi-Chia Tai,2025,https://link.springer.com/article/10.1007/s10044-025-01461-6,Article,,removed,no,no,no,no
Are We Ready for&#xa0;Out-of-Distribution Detection in&#xa0;Digital Pathology?,Medical Image Computing and Computer Assisted Intervention – MICCAI 2024,10.1007/978-3-031-72117-5_8,Ji-Hun OhKianoush FalahkheirkhahRohit Bhargava,2024,https://link.springer.com/chapter/10.1007/978-3-031-72117-5_8,Conference paper,yes,no,no,no,no,no
Shortcut learning in deep neural networks,Nature Machine Intelligence,10.1038/s42256-020-00257-z,Robert GeirhosJörn-Henrik JacobsenClaudio MichaelisRichard ZemelWieland BrendelMatthias BethgeFelix A. Wichmann,2020,https://link.springer.com/article/10.1038/s42256-020-00257-z,Article,,removed,no,no,no,no
Bias in&#xa0;Unsupervised Anomaly Detection in&#xa0;Brain MRI,"Clinical Image-Based Procedures,  Fairness of AI in Medical Imaging, and Ethical and Philosophical Issues in Medical Imaging",10.1007/978-3-031-45249-9_12,Cosmin I. BerceaEsther Puyol-AntónBenedikt WiestlerDaniel RueckertJulia A. SchnabelAndrew P. King,2023,https://link.springer.com/chapter/10.1007/978-3-031-45249-9_12,Conference paper,yes,no,no,no,no,no
Side effects of learning from low-dimensional data embedded in a Euclidean space,Research in the Mathematical Sciences,10.1007/s40687-023-00378-y,Juncai HeRichard TsaiRachel Ward,2023,https://link.springer.com/article/10.1007/s40687-023-00378-y,Article,,removed,no,no,no,no
Simplified Concrete Dropout - Improving the Generation of Attribution Masks for Fine-grained Classification,International Journal of Computer Vision,10.1007/s11263-025-02453-z,Dimitri KorschMaha ShadaydehJoachim Denzler,2025,https://link.springer.com/article/10.1007/s11263-025-02453-z,Article,,removed,no,no,no,no
Class-Incremental Domain Adaptation,Computer Vision – ECCV 2020,10.1007/978-3-030-58601-0_4,Jogendra Nath KunduRahul Mysore VenkateshNaveen VenkatAmbareesh RevanurR. Venkatesh Babu,2020,https://link.springer.com/chapter/10.1007/978-3-030-58601-0_4,Conference paper,no,no,no,no,no,no
Probing Network Decisions: Capturing Uncertainties and&#xa0;Unveiling Vulnerabilities Without Label Information,Pattern Recognition and Artificial Intelligence,10.1007/978-981-97-8702-9_21,Youngju JoungSehyun LeeJaesik Choi,2025,https://link.springer.com/chapter/10.1007/978-981-97-8702-9_21,Conference paper,,removed,no,no,no,no
PushPull-Net: Inhibition-Driven ResNet Robust to&#xa0;Image Corruptions,Pattern Recognition,10.1007/978-3-031-78186-5_26,Guru Swaroop BennabhaktulaEnrique AlegreNicola StrisciuglioGeorge Azzopardi,2025,https://link.springer.com/chapter/10.1007/978-3-031-78186-5_26,Conference paper,,removed,no,no,no,no
Diffusion for&#xa0;Out-of-Distribution Detection on&#xa0;Road Scenes and&#xa0;Beyond,Computer Vision – ECCV 2024,10.1007/978-3-031-72904-1_7,Silvio GalessoPhilipp SchröppelHssan DrissThomas Brox,2025,https://link.springer.com/chapter/10.1007/978-3-031-72904-1_7,Conference paper,yes,moved,no,no,no,no
Soft causal learning for generalized molecule property prediction: An environment modeling perspective,Knowledge and Information Systems,10.1007/s10115-025-02610-3,Limin LiZhengyang ZhouKuo YangWenjie DuPengkun WangYang Wang,2025,https://link.springer.com/article/10.1007/s10115-025-02610-3,Article,,removed,no,,,
Soft Prompt Generation for&#xa0;Domain Generalization,Computer Vision – ECCV 2024,10.1007/978-3-031-72646-0_25,Shuanghao BaiYuedi ZhangWanqi ZhouZhirong LuanBadong Chen,2025,https://link.springer.com/chapter/10.1007/978-3-031-72646-0_25,Conference paper,,removed,no,,,
Dual-level contrastive learning network for generalized zero-shot learning,The Visual Computer,10.1007/s00371-022-02539-6,Jiaqi GuanMin MengTianyou LiangJigang LiuJigang Wu,2022,https://link.springer.com/article/10.1007/s00371-022-02539-6,Article,no,no,no,no,no,no
Energy-based open set domain adaptation with dynamic weighted synergistic mechanism,Complex & Intelligent Systems,10.1007/s40747-025-01857-1,Zihao FuDong LiuShengsheng WangHao Chai,2025,https://link.springer.com/article/10.1007/s40747-025-01857-1,Article,no,no,no,no,no,no
Few-Shot Learning with&#xa0;Novelty Detection,Deep Learning Theory and Applications,10.1007/978-3-031-66694-0_21,Kim BjergePaul BodesheimHenrik Karstoft,2024,https://link.springer.com/chapter/10.1007/978-3-031-66694-0_21,Conference paper,yes,moved,no,no,no,no
SpaRG: Sparsely Reconstructed Graphs for&#xa0;Generalizable fMRI Analysis,Machine Learning in Clinical Neuroimaging,10.1007/978-3-031-78761-4_5,Camila GonzálezYanis MiraouiYiran FanEhsan AdeliKilian M. Pohl,2025,https://link.springer.com/chapter/10.1007/978-3-031-78761-4_5,Conference paper,,removed,no,no,no,no
Few-shot out-of-distribution detection for automated screening in retinal OCT images using deep learning,Scientific Reports,10.1038/s41598-023-43018-9,Teresa AraújoGuilherme ArestaUrsula Schmidt-ErfurthHrvoje Bogunović,2023,https://link.springer.com/article/10.1038/s41598-023-43018-9,Article,yes,no,no,no,no,no
StaDRe and&#xa0;StaDRo: Reliability and&#xa0;Robustness Estimation of&#xa0;ML-Based Forecasting Using Statistical Distance Measures,"Computer Safety,  Reliability, and Security. SAFECOMP 2022 Workshops",10.1007/978-3-031-14862-0_21,Mohammed Naveed AkramAkshatha AmbekarIoannis SorokosKoorosh AslansefatDaniel Schneider,2022,https://link.springer.com/chapter/10.1007/978-3-031-14862-0_21,Conference paper,,removed,no,no,no,no
Stain-AgLr: Stain Agnostic Learning for&#xa0;Computational Histopathology Using Domain Consistency and&#xa0;Stain Regeneration Loss,Domain Adaptation and Representation Transfer,10.1007/978-3-031-16852-9_4,Geetank RaipuriaAnu ShrivastavaNitin Singhal,2022,https://link.springer.com/chapter/10.1007/978-3-031-16852-9_4,Conference paper,,removed,no,no,no,no
A domain-region based evaluation of ML performance robustness to covariate shift,Neural Computing and Applications,10.1007/s00521-023-08622-w,Firas BayramBestoun S. Ahmed,2023,https://link.springer.com/article/10.1007/s00521-023-08622-w,Article,,removed,no,no,no,no
Stochastic security as a performance metric for quantum-enhanced generative AI,Quantum Machine Intelligence,10.1007/s42484-025-00256-6,Noah A. CrumLeanto SunnyPooya RonaghRaymond LaflammeRadhakrishnan BaluGeorge Siopsis,2025,https://link.springer.com/article/10.1007/s42484-025-00256-6,Article,,removed,no,,,
Structured Generative Models for Scene Understanding,International Journal of Computer Vision,10.1007/s11263-024-02316-z,Christopher K. I. Williams,2024,https://link.springer.com/article/10.1007/s11263-024-02316-z,Article,,removed,no,,,
Study the effect of ANN splitting ratios and training functions on the prediction of corroded steel-to-concrete bond strength,"Multiscale and Multidisciplinary Modeling, Experiments and Design",10.1007/s41939-024-00464-w,Bharat BhushanHarish Chandra AroraAman KumarPrashant KumarMadhu Sharma,2024,https://link.springer.com/article/10.1007/s41939-024-00464-w,Article,,removed,no,,,
A reproducible framework for synthetic data generation and instance segmentation in robotic suturing,International Journal of Computer Assisted Radiology and Surgery,10.1007/s11548-025-03460-8,Pietro LeonciniFrancesco MarzolaMatteo PescioMaura CasadioAlberto ArezzoGiulio Dagnino,2025,https://link.springer.com/article/10.1007/s11548-025-03460-8,Article,,removed,no,no,no,no
A survey of class-imbalanced semi-supervised learning,Machine Learning,10.1007/s10994-023-06344-7,Qian GuiHong ZhouNa GuoBaoning Niu,2023,https://link.springer.com/article/10.1007/s10994-023-06344-7,Article,,removed,no,no,no,no
Improving Adversarial Robustness by&#xa0;Penalizing Natural Accuracy,Computer Vision – ECCV 2022 Workshops,10.1007/978-3-031-25056-9_33,Kshitij Chandna,2023,https://link.springer.com/chapter/10.1007/978-3-031-25056-9_33,Conference paper,,removed,no,no,no,no
Improving the&#xa0;Reliability for&#xa0;Confidence Estimation,Computer Vision – ECCV 2022,10.1007/978-3-031-19812-0_23,Haoxuan QuYanchao LiLin Geng FooJason KuenJiuxiang GuJun Liu,2022,https://link.springer.com/chapter/10.1007/978-3-031-19812-0_23,Conference paper,,removed,no,no,no,no
"Supervised, Semi-supervised, and Unsupervised Learning for Hyperspectral Regression",Hyperspectral Image Analysis,10.1007/978-3-030-38617-7_7,Felix M. RieseSina Keller,2020,https://link.springer.com/chapter/10.1007/978-3-030-38617-7_7,Chapter,,removed,no,no,no,no
A survey of visual analytics techniques for machine learning,Computational Visual Media,10.1007/s41095-020-0191-7,Jun YuanChangjian ChenWeikai YangMengchen LiuJiazhi XiaShixia Liu,2020,https://link.springer.com/article/10.1007/s41095-020-0191-7,Article,,removed,no,no,no,no
Surface Defects Detection of Cylindrical High-Precision Industrial Parts Based on Deep Learning Algorithms: A Review,Operations Research Forum,10.1007/s43069-024-00337-5,Li WeiMahmud Iwan SolihinSarah ‘Atifah SaruchiWinda AstutiLim Wei HongAng Chun Kit,2024,https://link.springer.com/article/10.1007/s43069-024-00337-5,Article,,removed,no,,,
Survey of XAI in Digital Pathology,Artificial Intelligence and Machine Learning for Digital Pathology,10.1007/978-3-030-50402-1_4,Milda PocevičiūtėGabriel EilertsenClaes Lundström,2020,https://link.springer.com/chapter/10.1007/978-3-030-50402-1_4,Chapter,,removed,no,no,no,no
Symbolic Framework,Principles of Machine Learning,10.1007/978-981-97-5333-8_6,Wenmin Wang,2025,https://link.springer.com/chapter/10.1007/978-981-97-5333-8_6,Chapter,,removed,no,no,no,no
Synthesis of Annotated Data for Medical Image Segmentation,Generative Machine Learning Models in Medical Image Computing,10.1007/978-3-031-80965-1_1,Virginia FernandezPedro BorgesMark GrahamWalter Hugo Lopez PinayaTom VercauterenJorge Cardoso,2025,https://link.springer.com/chapter/10.1007/978-3-031-80965-1_1,Chapter,,removed,no,no,no,no
Synthetic to&#xa0;Authentic: Transferring Realism to&#xa0;3D Face Renderings for&#xa0;Boosting Face Recognition,Computer Vision – ECCV 2024 Workshops,10.1007/978-3-031-91907-7_7,Parsa RahimiBehrooz RazeghiSébastien Marcel,2025,https://link.springer.com/chapter/10.1007/978-3-031-91907-7_7,Conference paper,,removed,no,,,
"System- and sample-agnostic isotropic three-dimensional microscopy by weakly physics-informed, domain-shift-resistant axial deblurring",Nature Communications,10.1038/s41467-025-56078-4,Jiashu HanKunzan LiuKeith B. IsaacsonKristina MonakhovaLinda G. GriffithSixian You,2025,https://link.springer.com/article/10.1038/s41467-025-56078-4,Article,,removed,no,,,
FlowCon: Out-of-Distribution Detection Using Flow-Based Contrastive Learning,Computer Vision – ECCV 2024,10.1007/978-3-031-72640-8_11,Saandeep AathreyaShaun Canavan,2025,https://link.springer.com/chapter/10.1007/978-3-031-72640-8_11,Conference paper,yes,moved,no,no,no,no
Systematic Review of Generative Adversarial Networks (GANs) for Medical Image Classification and Segmentation,Journal of Digital Imaging,10.1007/s10278-021-00556-w,Jiwoong J. JeongAmara TariqTobiloba AdejumoHari TrivediJudy W. GichoyaImon Banerjee,2022,https://link.springer.com/article/10.1007/s10278-021-00556-w,Article,,removed,no,no,no,no
Systematic softening in universal machine learning interatomic potentials,npj Computational Materials,10.1038/s41524-024-01500-6,Bowen DengYunyeong ChoiPeichen ZhongJanosh RiebesellShashwat AnandZhuohan LiKyuJung JunKristin A. PerssonGerbrand Ceder,2025,https://link.springer.com/article/10.1038/s41524-024-01500-6,Article,,removed,no,,,
FROB: Few-Shot ROBust Model for&#xa0;Joint Classification and&#xa0;Out-of-Distribution Detection,Machine Learning and Knowledge Discovery in Databases,10.1007/978-3-031-26409-2_9,Nikolaos DionelisSotirios A. TsaftarisMehrdad Yaghoobi,2023,https://link.springer.com/chapter/10.1007/978-3-031-26409-2_9,Conference paper,yes,moved,no,no,no,no
Tackling Structural Hallucination in&#xa0;Image Translation with&#xa0;Local Diffusion,Computer Vision – ECCV 2024,10.1007/978-3-031-73004-7_6,Seunghoi KimChen JinTom DietheMatteo FiginiHenry F. J. TregidgoAsher MullokandovPhilip TeareDaniel C. Alexander,2025,https://link.springer.com/chapter/10.1007/978-3-031-73004-7_6,Conference paper,,removed,no,no,no,no
TAG: Text Prompt Augmentation for&#xa0;Zero-Shot Out-of-Distribution Detection,Computer Vision – ECCV 2024,10.1007/978-3-031-73464-9_22,Xixi LiuChristopher Zach,2025,https://link.springer.com/chapter/10.1007/978-3-031-73464-9_22,Conference paper,,removed,no,no,no,no
Responsible model deployment via model-agnostic uncertainty learning,Machine Learning,10.1007/s10994-022-06248-y,Preethi LahotiKrishna GummadiGerhard Weikum,2022,https://link.springer.com/article/10.1007/s10994-022-06248-y,Article,,removed,no,no,no,no
Task-Agnostic Continual Hippocampus Segmentation for&#xa0;Smooth Population Shifts,Domain Adaptation and Representation Transfer,10.1007/978-3-031-16852-9_11,Camila GonzálezAmin RanemAhmed OthmanAnirban Mukhopadhyay,2022,https://link.springer.com/chapter/10.1007/978-3-031-16852-9_11,Conference paper,,removed,no,,,
Robust Conformal Volume Estimation in&#xa0;3D Medical Images,Medical Image Computing and Computer Assisted Intervention – MICCAI 2024,10.1007/978-3-031-72117-5_59,Benjamin LambertFlorence ForbesSenan DoyleMichel Dojat,2024,https://link.springer.com/chapter/10.1007/978-3-031-72117-5_59,Conference paper,,removed,no,no,no,no
Test-Time Adaptation for&#xa0;EEG-Based Driver Drowsiness Classification,Pattern Recognition and Artificial Intelligence,10.1007/978-981-97-8702-9_28,Geun-Deok JangDong-Kyun HanSeong-Whan Lee,2025,https://link.springer.com/chapter/10.1007/978-981-97-8702-9_28,Conference paper,,removed,no,no,no,no
Generalising uncertainty improves accuracy and safety of deep learning analytics applied to oncology,Scientific Reports,10.1038/s41598-023-31126-5,Samual MacDonaldHelena FoleyMelvyn YapRebecca L. JohnstonKaiah StevenLambros T. KoufariotisSowmya SharmaScott WoodVenkateswar AddalaJohn V. PearsonFred RoostaNicola WaddellOlga KondrashovaMaciej Trzaskowski,2023,https://link.springer.com/article/10.1038/s41598-023-31126-5,Article,yes,no,no,no,no,no
Test-Time Adaptation via Distribution-Aware Guidance for Vision-Language Models,Advanced Intelligent Computing Technology and Applications,10.1007/978-981-96-9863-9_19,Qilong XueChenhao DingZhengdong ZhouZeyang ZhaoYihong Gong,2025,https://link.springer.com/chapter/10.1007/978-981-96-9863-9_19,Conference paper,,removed,no,no,no,no
Generalising via&#xa0;Meta-examples for&#xa0;Continual Learning in&#xa0;the&#xa0;Wild,"Machine Learning, Optimization, and Data Science",10.1007/978-3-031-25599-1_31,Alessia BertugliStefano VincenziSimone CalderaraAndrea Passerini,2023,https://link.springer.com/chapter/10.1007/978-3-031-25599-1_31,Conference paper,no,no,no,no,no,no
Adaptive Retrieval-Based Gradient Planning for&#xa0;Offline Multi-context Model-Based Optimization,Neural Information Processing,10.1007/978-981-96-6579-2_12,Haoran ZhaoMingcheng ChenWeinan ZhangYong Yu,2025,https://link.springer.com/chapter/10.1007/978-981-96-6579-2_12,Conference paper,,removed,no,no,no,no
Adp-clf: adaptive dual-perception contrastive learning for gastrointestinal endoscopic image classification,Multimedia Systems,10.1007/s00530-025-01964-6,Wenjie MeiJiefu Mei,2025,https://link.springer.com/article/10.1007/s00530-025-01964-6,Article,,removed,no,no,no,no
Testing Exchangeability,Algorithmic Learning in a Random World,10.1007/978-3-031-06649-8_8,Vladimir VovkAlexander GammermanGlenn Shafer,2022,https://link.springer.com/chapter/10.1007/978-3-031-06649-8_8,Chapter,,removed,no,no,no,no
Text Data Augmentation for Deep Learning,Journal of Big Data,10.1186/s40537-021-00492-0,Connor ShortenTaghi M. KhoshgoftaarBorko Furht,2021,https://link.springer.com/article/10.1186/s40537-021-00492-0,Article,,removed,no,no,no,no
Text2Motion: from natural language instructions to feasible plans,Autonomous Robots,10.1007/s10514-023-10131-7,Kevin LinChristopher AgiaToki MigimatsuMarco PavoneJeannette Bohg,2023,https://link.springer.com/article/10.1007/s10514-023-10131-7,Article,,removed,no,no,no,no
Adversarial Projections to&#xa0;Tackle Support-Query Shifts in&#xa0;Few-Shot Meta-Learning,Machine Learning and Knowledge Discovery in Databases,10.1007/978-3-031-26409-2_37,Aroof AimenBharat LadrechaNarayanan C. Krishnan,2023,https://link.springer.com/chapter/10.1007/978-3-031-26409-2_37,Conference paper,,removed,no,no,no,no
Adversarial Robustness on In- and Out-Distribution Improves Explainability,Computer Vision – ECCV 2020,10.1007/978-3-030-58574-7_14,Maximilian AugustinAlexander MeinkeMatthias Hein,2020,https://link.springer.com/chapter/10.1007/978-3-030-58574-7_14,Conference paper,,removed,no,no,no,no
The Case for Quantification,Learning to Quantify,10.1007/978-3-031-20467-8_1,Andrea EsuliAlessandro FabrisAlejandro MoreoFabrizio Sebastiani,2023,https://link.springer.com/chapter/10.1007/978-3-031-20467-8_1,Chapter,,removed,no,no,no,no
The classification of flash visual evoked potential based on deep learning,BMC Medical Informatics and Decision Making,10.1186/s12911-023-02107-5,Na LiangChengliang WangShiying LiXin XieJun LinWen Zhong,2023,https://link.springer.com/article/10.1186/s12911-023-02107-5,Article,,removed,no,no,no,yes
The effect of choosing optimizer algorithms to improve computer vision tasks: a comparative study,Multimedia Tools and Applications,10.1007/s11042-022-13820-0,Esraa HassanMahmoud Y. ShamsNoha A. HikalSamir Elmougy,2022,https://link.springer.com/article/10.1007/s11042-022-13820-0,Article,,removed,no,no,no,no
An Impartial Take to&#xa0;the&#xa0;CNN vs Transformer Robustness Contest,Computer Vision – ECCV 2022,10.1007/978-3-031-19778-9_27,Francesco PintoPhilip H. S. TorrPuneet K. Dokania,2022,https://link.springer.com/chapter/10.1007/978-3-031-19778-9_27,Conference paper,,removed,no,no,no,no
The Future is Different: Predicting Reddits Popularity with&#xa0;Variational Dynamic Language Models,Machine Learning and Knowledge Discovery in Databases. Research Track,10.1007/978-3-031-70341-6_25,Kostadin CvejoskiRamsés J. SánchezCésar Ojeda,2024,https://link.springer.com/chapter/10.1007/978-3-031-70341-6_25,Conference paper,,removed,no,no,no,no
The future of machine learning for small-molecule drug discovery will be driven by data,Nature Computational Science,10.1038/s43588-024-00699-0,Guy DurantFergus BoylesKristian BirchallCharlotte M. Deane,2024,https://link.springer.com/article/10.1038/s43588-024-00699-0,Article,,removed,no,,,
The impact of data distribution on Q-learning with function approximation,Machine Learning,10.1007/s10994-024-06564-5,Pedro P. SantosDiogo S. CarvalhoAlberto SardinhaFrancisco S. Melo,2024,https://link.springer.com/article/10.1007/s10994-024-06564-5,Article,,removed,no,no,no,no
Latent Diffusion Counterfactual Explanations,Pattern Recognition,10.1007/978-3-031-85181-0_19,Simon SchrodiKarim FaridMax ArgusThomas Brox,2025,https://link.springer.com/chapter/10.1007/978-3-031-85181-0_19,Conference paper,,removed,no,no,no,no
The importance of negative training data for robust antibody binding prediction,Nature Machine Intelligence,10.1038/s42256-025-01080-0,Wesley TaJonathan M. Stokes,2025,https://link.springer.com/article/10.1038/s42256-025-01080-0,Article,,removed,no,,,
The limits of fair medical imaging AI in real-world generalization,Nature Medicine,10.1038/s41591-024-03113-4,Yuzhe YangHaoran ZhangJudy W. GichoyaDina KatabiMarzyeh Ghassemi,2024,https://link.springer.com/article/10.1038/s41591-024-03113-4,Article,,removed,no,no,no,no
The Limits of Machine Learning Models of Misinformation,AI & SOCIETY,10.1007/s00146-025-02324-8,Adrian K. Yee,2025,https://link.springer.com/article/10.1007/s00146-025-02324-8,Article,,removed,no,,,
The METRIC-framework for assessing data quality for trustworthy AI in medicine: a systematic review,npj Digital Medicine,10.1038/s41746-024-01196-4,Daniel SchwabeKatinka BeckerMartin SeyferthAndreas KlaßTobias Schaeffter,2024,https://link.springer.com/article/10.1038/s41746-024-01196-4,Article,,removed,no,no,no,no
The paradigm of digital health: AI applications and transformative trends,Neural Computing and Applications,10.1007/s00521-025-11081-0,Zubia RashidHania AhmedNeha NadeemSyeda Bushra ZafarMuhammad Zubair Yousaf,2025,https://link.springer.com/article/10.1007/s00521-025-11081-0,Article,,removed,no,,,
Learning What Makes a Difference from Counterfactual Examples and Gradient Supervision,Computer Vision – ECCV 2020,10.1007/978-3-030-58607-2_34,Damien TeneyEhsan AbbasnedjadAnton van den Hengel,2020,https://link.springer.com/chapter/10.1007/978-3-030-58607-2_34,Conference paper,,removed,no,no,no,no
The Role of Uncertainty Quantification for Trustworthy AI,Unlocking Artificial Intelligence,10.1007/978-3-031-64832-8_5,Jessica DeuschelAndreas FoltynKarsten RoscherStephan Scheele,2024,https://link.springer.com/chapter/10.1007/978-3-031-64832-8_5,Chapter,,removed,no,no,no,no
Theoretical Background,Visual Domain Adaptation in the Deep Learning Era,10.1007/978-3-031-79175-8_2,Gabriela CsurkaTimothy M. HospedalesMathieu SalzmannTatiana Tommasi,2022,https://link.springer.com/chapter/10.1007/978-3-031-79175-8_2,Chapter,,removed,no,no,no,no
Theory and algorithms for learning with rejection in binary classification,Annals of Mathematics and Artificial Intelligence,10.1007/s10472-023-09899-2,Corinna CortesGiulia DeSalvoMehryar Mohri,2023,https://link.springer.com/article/10.1007/s10472-023-09899-2,Article,,removed,no,no,no,no
Threats to the Validity of the Predictive System Performance for Ophthalmology,Artificial Intelligence in Ophthalmology,10.1007/978-3-031-83756-2_6,Michał WoźniakAndrzej Grzybowski,2025,https://link.springer.com/chapter/10.1007/978-3-031-83756-2_6,Chapter,,removed,no,no,no,no
Time series forecasting of network traffic with latent domain generalization: Addressing out-of-distribution challenges,Journal of Intelligent Information Systems,10.1007/s10844-025-01001-y,Liwen TaoRen LiuWenan Zhou,2025,https://link.springer.com/article/10.1007/s10844-025-01001-y,Article,,removed,no,no,no,yes
"An Open-World, Diverse, Cross-Spatial-Temporal Benchmark for Dynamic Wild Person Re-Identification",International Journal of Computer Vision,10.1007/s11263-024-02057-z,Lei ZhangXiaowei FuFuxiang HuangYi YangXinbo Gao,2024,https://link.springer.com/article/10.1007/s11263-024-02057-z,Article,,removed,no,no,no,no
Tip-Adapter: Training-Free Adaption of&#xa0;CLIP for Few-Shot Classification,Computer Vision – ECCV 2022,10.1007/978-3-031-19833-5_29,Renrui ZhangWei ZhangRongyao FangPeng GaoKunchang LiJifeng DaiYu QiaoHongsheng Li,2022,https://link.springer.com/chapter/10.1007/978-3-031-19833-5_29,Conference paper,,removed,no,,,
Generative Generalized Zero-Shot Learning Based on&#xa0;Auxiliary-Features,Neural Information Processing,10.1007/978-981-99-1639-9_44,Weimin SunGang Yang,2023,https://link.springer.com/chapter/10.1007/978-981-99-1639-9_44,Conference paper,no,no,no,no,no,no
Hierarchical skin lesion image classification with prototypical decision tree,npj Digital Medicine,10.1038/s41746-024-01395-z,Zhen YuToan D. NguyenLie JuYaniv GalMaithili SashindranathPaul BonningtonLei ZhangVictoria MarZongyuan Ge,2025,https://link.springer.com/article/10.1038/s41746-024-01395-z,Article,yes,moved,no,no,no,no
Towards a general-purpose foundation model for computational pathology,Nature Medicine,10.1038/s41591-024-02857-3,Richard J. ChenTong DingMing Y. LuDrew F. K. WilliamsonGuillaume JaumeAndrew H. SongBowen ChenAndrew ZhangDaniel ShaoMuhammad ShabanMane WilliamsLukas OldenburgLuca L. WeishauptJudy J. WangAnurag VaidyaLong Phi LeGeorg GerberSharifa SahaiWalt WilliamsFaisal Mahmood,2024,https://link.springer.com/article/10.1038/s41591-024-02857-3,Article,,removed,no,no,no,no
Knowledge Distillation Meets Open-Set Semi-supervised Learning,International Journal of Computer Vision,10.1007/s11263-024-02192-7,Jing YangXiatian ZhuAdrian BulatBrais MartinezGeorgios Tzimiropoulos,2024,https://link.springer.com/article/10.1007/s11263-024-02192-7,Article,no,no,no,no,no,no
Latent Embedding Feedback and Discriminative Features for Zero-Shot Classification,Computer Vision – ECCV 2020,10.1007/978-3-030-58542-6_29,Sanath NarayanAkshita GuptaFahad Shahbaz KhanCees G. M. SnoekLing Shao,2020,https://link.springer.com/chapter/10.1007/978-3-030-58542-6_29,Conference paper,no,no,no,no,no,no
Learning to Detect Open Classes for Universal Domain Adaptation,Computer Vision – ECCV 2020,10.1007/978-3-030-58555-6_34,Bo FuZhangjie CaoMingsheng LongJianmin Wang,2020,https://link.springer.com/chapter/10.1007/978-3-030-58555-6_34,Conference paper,no,no,no,no,no,no
Towards Data-Centric Face Anti-spoofing: Improving Cross-Domain Generalization via Physics-Based Data Synthesis,International Journal of Computer Vision,10.1007/s11263-024-02240-2,Rizhao CaiCecelia SohZitong YuHaoliang LiWenhan YangAlex C. Kot,2024,https://link.springer.com/article/10.1007/s11263-024-02240-2,Article,,removed,no,no,no,no
Towards fully automated inner ear analysis with deep-learning-based joint segmentation and landmark detection framework,Scientific Reports,10.1038/s41598-023-45466-9,Jannik StebaniMartin BlaimerSimon ZablerTilmann NeunDaniël M. PeltKristen Rak,2023,https://link.springer.com/article/10.1038/s41598-023-45466-9,Article,,removed,no,no,no,no
Towards global reaction feasibility and robustness prediction with high throughput data and bayesian deep learning,Nature Communications,10.1038/s41467-025-59812-0,Haowen ZhongYilan LiuHaibin SunYuru LiuRentao ZhangBaochen LiYi YangYuqing HuangFei YangFrankie S. MakKlement FooSen LinTianshu YuPeng WangXiaoxue Wang,2025,https://link.springer.com/article/10.1038/s41467-025-59812-0,Article,,removed,no,no,no,no
Lifelong learning gets better with MixUp and unsupervised continual representation,Applied Intelligence,10.1007/s10489-024-05434-w,Prashant kumarDurga Toshniwal,2024,https://link.springer.com/article/10.1007/s10489-024-05434-w,Article,no,no,no,no,no,no
Towards Multimodal Open-Set Domain Generalization and&#xa0;Adaptation Through Self-supervision,Computer Vision – ECCV 2024,10.1007/978-3-031-73202-7_16,Hao DongEleni ChatziOlga Fink,2025,https://link.springer.com/chapter/10.1007/978-3-031-73202-7_16,Conference paper,,removed,no,no,no,no
Are Vision Transformers Robust to Spurious Correlations?,International Journal of Computer Vision,10.1007/s11263-023-01916-5,Soumya Suvra GhosalYixuan Li,2023,https://link.springer.com/article/10.1007/s11263-023-01916-5,Article,,removed,no,no,no,no
Towards Offline Reinforcement Learning with&#xa0;Pessimistic Value Priors,Epistemic Uncertainty in Artificial Intelligence,10.1007/978-3-031-57963-9_7,Filippo ValdettaroA. Aldo Faisal,2024,https://link.springer.com/chapter/10.1007/978-3-031-57963-9_7,Conference paper,,removed,no,,,
Towards Open Set Video Anomaly Detection,Computer Vision – ECCV 2022,10.1007/978-3-031-19830-4_23,Yuansheng ZhuWentao BaoQi Yu,2022,https://link.springer.com/chapter/10.1007/978-3-031-19830-4_23,Conference paper,,removed,no,no,no,no
Assessing and improving reliability of neighbor embedding methods: a map-continuity perspective,Nature Communications,10.1038/s41467-025-60434-9,Zhexuan LiuRong MaYiqiao Zhong,2025,https://link.springer.com/article/10.1038/s41467-025-60434-9,Article,,removed,no,no,no,no
Successes and limitations of pretrained YOLO detectors applied to unseen time-lapse images for automated pollinator monitoring,Scientific Reports,10.1038/s41598-025-16140-z,Valentin ȘtefanThomas StarkMichael WurmHannes TaubenböckTiffany M. Knight,2025,https://link.springer.com/article/10.1038/s41598-025-16140-z,Article,,removed,no,no,no,no
Towards understanding the impact of data bugs on deep learning models in software engineering,Empirical Software Engineering,10.1007/s10664-025-10717-y,Mehil B. ShahMohammad Masudur RahmanFoutse Khomh,2025,https://link.springer.com/article/10.1007/s10664-025-10717-y,Article,,removed,no,,,
Tracking and predicting COVID-19 radiological trajectory on chest X-rays using deep learning,Scientific Reports,10.1038/s41598-022-09356-w,Daniel GourdeauOlivier PotvinPatrick ArchambaultCarl Chartrand-LefebvreLouis DieumegardeReza ForghaniChristian GagnéAlexandre HainsDavid HornsteinHuy LeSimon LemieuxMarie-Hélène LévesqueDiego MartinLorne RosenbloomAn TangFabrizio VecchioIssac YangNathalie DuchesneSimon Duchesne,2022,https://link.springer.com/article/10.1038/s41598-022-09356-w,Article,,removed,no,no,no,no
Transferring Clinical Prediction Models Across Hospitals and Electronic Health Record Systems,Machine Learning and Knowledge Discovery in Databases,10.1007/978-3-030-43823-4_48,Alicia CurthPatrick ThoralWilco van den WildenbergPeter BijlstraDaan de BruinPaul ElbersMattia Fornasa,2020,https://link.springer.com/chapter/10.1007/978-3-030-43823-4_48,Conference paper,,removed,no,,,
"Transformative advances in single-cell omics: a comprehensive review of foundation models, multimodal integration and computational ecosystems",Journal of Translational Medicine,10.1186/s12967-025-07091-0,Taylor YiuBin ChenHaoyu WangGenyi FengQiangqiang FuHuijing Hu,2025,https://link.springer.com/article/10.1186/s12967-025-07091-0,Article,,removed,no,,,
Trustworthiness Evaluation of Large Language Models,Introduction to Foundation Models,10.1007/978-3-031-76770-8_12,Pin-Yu ChenSijia Liu,2025,https://link.springer.com/chapter/10.1007/978-3-031-76770-8_12,Chapter,,removed,no,no,no,no
Trustworthiness in&#xa0;Vision-Language Models,Computational Data and Social Networks,10.1007/978-981-96-6389-7_7,Kiana VuPhung Lai,2025,https://link.springer.com/chapter/10.1007/978-981-96-6389-7_7,Conference paper,,removed,no,no,no,no
Trustworthy and intelligent fault diagnosis with effective denoising and evidential stacked GRU neural network,Journal of Intelligent Manufacturing,10.1007/s10845-023-02221-1,Hanting ZhouWenhe ChenJing LiuLongsheng ChengMin Xia,2023,https://link.springer.com/article/10.1007/s10845-023-02221-1,Article,,removed,no,,,
On the Effectiveness of Image Rotation for Open Set Domain Adaptation,Computer Vision – ECCV 2020,10.1007/978-3-030-58517-4_25,Silvia BucciMohammad Reza LoghmaniTatiana Tommasi,2020,https://link.springer.com/chapter/10.1007/978-3-030-58517-4_25,Conference paper,no,no,no,no,no,no
Open-set domain adaptation by deconfounding domain gaps,Applied Intelligence,10.1007/s10489-022-03805-9,Xin ZhaoShengsheng WangQianru Sun,2022,https://link.springer.com/article/10.1007/s10489-022-03805-9,Article,no,no,no,no,no,no
Two Video Data Sets for&#xa0;Tracking and&#xa0;Retrieval of&#xa0;Out of&#xa0;Distribution Objects,Computer Vision – ACCV 2022,10.1007/978-3-031-26348-4_28,Kira MaagRobin ChanSvenja UhlemeyerKamil KowolHanno Gottschalk,2023,https://link.springer.com/chapter/10.1007/978-3-031-26348-4_28,Conference paper,,removed,no,no,no,no
Placing Objects in&#xa0;Context via&#xa0;Inpainting for&#xa0;Out-of-Distribution Segmentation,Computer Vision – ECCV 2024,10.1007/978-3-031-72995-9_26,Pau de JorgeRiccardo VolpiPuneet K. DokaniaPhilip H. S. TorrGrégory Rogez,2025,https://link.springer.com/chapter/10.1007/978-3-031-72995-9_26,Conference paper,yes,no,no,no,no,no
Überwachung von Machine-Learning Models im laufenden Betrieb,Insurance & Innovation 2025,10.33283/978-3-86298-893-8_16,Yannik PorrmannGregory Tjepkema,2025,https://link.springer.com/chapter/10.33283/978-3-86298-893-8_16,Conference paper,,removed,no,no,no,no
Relevance equilibrium network for cross-domain few-shot learning,International Journal of Multimedia Information Retrieval,10.1007/s13735-024-00333-9,Zhong JiXiangyu KongXuan WangXiyao Liu,2024,https://link.springer.com/article/10.1007/s13735-024-00333-9,Article,no,no,no,no,no,no
Semantic Novelty Detection via&#xa0;Relational Reasoning,Computer Vision – ECCV 2022,10.1007/978-3-031-19806-9_11,Francesco Cappio BorlinoSilvia BucciTatiana Tommasi,2022,https://link.springer.com/chapter/10.1007/978-3-031-19806-9_11,Conference paper,yes,no,no,no,no,no
Ultra-Low-Dose CTPA Using Sparse Sampling CT Combined with the U-Net for Deep Learning-Based Artifact Reduction: An Exploratory Study,Journal of Imaging Informatics in Medicine,10.1007/s10278-025-01639-8,Andreas Philipp SauterJohannes ThalhammerFelix MeurerTina DorostiDaniel SasseJessica RitterYannik LeonhardtFranz PfeifferFlorian SchaffDaniela Pfeiffer,2025,https://link.springer.com/article/10.1007/s10278-025-01639-8,Article,,removed,no,,,
Semantic-Guided Robustness Tuning for&#xa0;Few-Shot Transfer Across Extreme Domain Shift,Computer Vision – ECCV 2024,10.1007/978-3-031-72967-6_17,Kangyu XiaoZilei WangJunjie Li,2025,https://link.springer.com/chapter/10.1007/978-3-031-72967-6_17,Conference paper,no,no,no,no,no,no
STAMP: Outlier-Aware Test-Time Adaptation with&#xa0;Stable Memory Replay,Computer Vision – ECCV 2024,10.1007/978-3-031-73004-7_22,Yongcan YuLijun ShengRan HeJian Liang,2025,https://link.springer.com/chapter/10.1007/978-3-031-73004-7_22,Conference paper,yes,no,no,no,no,no
Uncertainty aware domain incremental learning for cross domain depression detection,Scientific Reports,10.1038/s41598-025-10917-y,Zita LifeloJianguo DingHuansheng NingSahraoui Dhelim,2025,https://link.springer.com/article/10.1038/s41598-025-10917-y,Article,,removed,no,no,no,no
Tackling Long-Tailed Category Distribution Under Domain Shifts,Computer Vision – ECCV 2022,10.1007/978-3-031-20050-2_42,Xiao GuYao GuoZeju LiJianing QiuQi DouYuxuan LiuBenny LoGuang-Zhong Yang,2022,https://link.springer.com/chapter/10.1007/978-3-031-20050-2_42,Conference paper,no,no,no,no,no,no
The Benefits of&#xa0;Ordinal Regression Under Domain Shift,Towards Autonomous Robotic Systems,10.1007/978-3-031-72059-8_5,Andy PerrettJames M. BrownPetra Bosilj,2025,https://link.springer.com/chapter/10.1007/978-3-031-72059-8_5,Conference paper,,removed,no,no,no,no
Uncertainty for Safe Utilization of Machine Learning in Medical Imaging,Lecture Notes in Computer Science,10.1007/978-3-032-06593-3,Carole H. SudreMobarak I. HoqueRaghav MehtaCheng OuyangChen QinMarianne RakicWilliam M. Wells,2025,https://link.springer.com/book/10.1007/978-3-032-06593-3,Conference proceedings,,removed,no,no,no,no
Uncertainty for Safe Utilization of Machine Learning in Medical Imaging,Lecture Notes in Computer Science,10.1007/978-3-031-73158-7,Carole H. SudreRaghav MehtaCheng OuyangChen QinMarianne RakicWilliam M. Wells,2024,https://link.springer.com/book/10.1007/978-3-031-73158-7,Conference proceedings,,removed,no,no,no,no
Uncertainty for Safe Utilization of Machine Learning in Medical Imaging,Lecture Notes in Computer Science,10.1007/978-3-031-44336-7,Carole H. SudreChristian F. BaumgartnerAdrian DalcaRaghav MehtaChen QinWilliam M. Wells,2023,https://link.springer.com/book/10.1007/978-3-031-44336-7,Conference proceedings,,removed,no,no,no,no
Spatially-dependent Bayesian semantic perception under model and localization uncertainty,Autonomous Robots,10.1007/s10514-020-09921-0,Yuri FeldmanVadim Indelman,2020,https://link.springer.com/article/10.1007/s10514-020-09921-0,Article,,removed,no,no,no,no
Test Time Transform Prediction for&#xa0;Open Set Histopathological Image Recognition,Medical Image Computing and Computer Assisted Intervention – MICCAI 2022,10.1007/978-3-031-16434-7_26,Adrian GaldranKatherine J. HewittNarmin Ghaffari LalehJakob N. KatherGustavo CarneiroMiguel A. González Ballester,2022,https://link.springer.com/chapter/10.1007/978-3-031-16434-7_26,Conference paper,yes,no,no,no,no,no
Uncertainty-Aware Meta-weighted Optimization Framework for&#xa0;Domain-Generalized Medical Image Segmentation,Medical Image Computing and Computer Assisted Intervention – MICCAI 2024,10.1007/978-3-031-72083-3_72,Seok-Hwan OhGuil JungSang-Yun KimMyeong-Gee KimYoung-Min KimHyeon-Jik LeeHyuk-Sool KwonHyeon-Min Bae,2024,https://link.springer.com/chapter/10.1007/978-3-031-72083-3_72,Conference paper,,removed,no,no,no,no
Uncertainty-Aware Unimodal and Multimodal Learning for Evolving Hardware Trojan Detection,Journal of Hardware and Systems Security,10.1007/s41635-025-00160-2,Rahul VishwakarmaAmin Rezaei,2025,https://link.springer.com/article/10.1007/s41635-025-00160-2,Article,,removed,no,no,no,no
Uncertainty-Aware Vision Transformers for&#xa0;Medical Image Analysis,Uncertainty for Safe Utilization of Machine Learning in Medical Imaging,10.1007/978-3-031-73158-7_16,Franciskus Xaverius ErickMina RezaeiJohanna Paula MüllerBernhard Kainz,2025,https://link.springer.com/chapter/10.1007/978-3-031-73158-7_16,Conference paper,,removed,no,no,no,no
Test-Time Adaptation of a Multi-Class Object Localization and Size Estimation Framework for Smart Agriculture Applications,Cognitive Computation,10.1007/s12559-025-10488-0,Zixu LiuQinhao WuYuan ChaiHuan Yu,2025,https://link.springer.com/article/10.1007/s12559-025-10488-0,Article,no,no,no,no,no,no
UGainS: Uncertainty Guided Anomaly Instance Segmentation,Pattern Recognition,10.1007/978-3-031-54605-1_4,Alexey NekrasovAlexander HermansLars KuhnertBastian Leibe,2024,https://link.springer.com/chapter/10.1007/978-3-031-54605-1_4,Conference paper,yes,no,no,no,no,no
Uncertainty-aware ensemble of foundation models differentiates glioblastoma from its mimics,Nature Communications,10.1038/s41467-025-64249-6,Junhan ZhaoShih-Yen LinRaphaël AttiasLiza MathewsChristian EngelGuillaume LargheroDmytro VremenkoTing-Wan KaoTsung-Hua LeeYu-Hsuan WangCheng Che TsaiEliana MarosticaYing-Chun LoDavid MeredithKeith L. LigonOmar ArnaoutThomas Roetzer-PejrimovskyShih-Chieh LinNatalie NC ShihNipon ChaisuriyaDavid J. CookJung-Hsien ChiangChia-Jen LiuAdelheid WoehrerJeffrey A. GoldenMacLean P. NasrallahKun-Hsing Yu,2025,https://link.springer.com/article/10.1038/s41467-025-64249-6,Article,no,no,no,no,no,no
Unsupervised Anomaly Localization with&#xa0;Structural Feature-Autoencoders,"Brainlesion:  Glioma, Multiple Sclerosis, Stroke  and Traumatic Brain Injuries",10.1007/978-3-031-33842-7_2,Felix MeissenJohannes PaetzoldGeorgios KaissisDaniel Rueckert,2023,https://link.springer.com/chapter/10.1007/978-3-031-33842-7_2,Conference paper,yes,moved,no,no,no,no
Unsupervised Liver Tumor Segmentation with&#xa0;Pseudo Anomaly Synthesis,Simulation and Synthesis in Medical Imaging,10.1007/978-3-031-44689-4_9,Zhaoxiang ZhangHanqiu DengXingyu Li,2023,https://link.springer.com/chapter/10.1007/978-3-031-44689-4_9,Conference paper,,removed,no,no,no,no
V<span>eri</span>-C<span>ar</span>: towards open-world vehicle information retrieval,Neural Computing and Applications,10.1007/s00521-025-11257-8,Andrés MunozNancy ThomasAnnita VapsiDaniel Borrajo,2025,https://link.springer.com/article/10.1007/s00521-025-11257-8,Article,no,no,no,no,no,no
Calibrating the Dice Loss to Handle Neural Network Overconfidence for Biomedical Image Segmentation,Journal of Digital Imaging,10.1007/s10278-022-00735-3,Michael YeungLeonardo RundoYang NanEvis SalaCarola-Bibiane SchönliebGuang Yang,2022,https://link.springer.com/article/10.1007/s10278-022-00735-3,Article,,removed,no,no,no,no
Calibration methods in imbalanced binary classification,Annals of Mathematics and Artificial Intelligence,10.1007/s10472-024-09952-8,Théo GuilbertOlivier CaelenAndrei ChiritaMarco Saerens,2024,https://link.springer.com/article/10.1007/s10472-024-09952-8,Article,,removed,no,no,no,no
"Unlocking the black box: an in-depth review on interpretability, explainability, and reliability in deep learning",Neural Computing and Applications,10.1007/s00521-024-10437-2,Emrullah ŞAHiNNaciye Nur ArslanDurmuş Özdemir,2024,https://link.springer.com/article/10.1007/s00521-024-10437-2,Article,,removed,no,no,no,no
Unmasking Model Behavior: How LLMs Reason on&#xa0;Vulnerability Detection,"Availability, Reliability and Security",10.1007/978-3-032-00639-4_18,Aleksandar FontanaMarco Simoni,2025,https://link.springer.com/chapter/10.1007/978-3-032-00639-4_18,Conference paper,,removed,no,no,no,no
Can OOD Object Detectors Learn from&#xa0;Foundation Models?,Computer Vision – ECCV 2024,10.1007/978-3-031-73254-6_13,Jiahui LiuXin WenShizhen ZhaoYingxian ChenXiaojuan Qi,2025,https://link.springer.com/chapter/10.1007/978-3-031-73254-6_13,Conference paper,,removed,no,no,no,no
cDP-MIL: Robust Multiple Instance Learning via&#xa0;Cascaded Dirichlet Process,Computer Vision – ECCV 2024,10.1007/978-3-031-72949-2_14,Yihang ChenTsai Hor ChanGuosheng YinYuming JiangLequan Yu,2025,https://link.springer.com/chapter/10.1007/978-3-031-72949-2_14,Conference paper,,removed,no,no,no,no
"Challenges, evaluation and opportunities for open-world learning",Nature Machine Intelligence,10.1038/s42256-024-00852-4,Mayank KejriwalEric KildebeckRobert SteiningerAbhinav Shrivastava,2024,https://link.springer.com/article/10.1038/s42256-024-00852-4,Article,,removed,no,no,no,no
Unsupervised Domain Adaptation Techniques,Unsupervised Domain Adaptation,10.1007/978-981-97-1025-6_2,Jingjing LiLei ZhuZhekai Du,2024,https://link.springer.com/chapter/10.1007/978-981-97-1025-6_2,Chapter,,removed,no,no,no,no
Context-Driven Visual Object Recognition Based on&#xa0;Knowledge Graphs,The Semantic Web – ISWC 2022,10.1007/978-3-031-19433-7_9,Sebastian MonkaLavdim HalilajAchim Rettinger,2022,https://link.springer.com/chapter/10.1007/978-3-031-19433-7_9,Conference paper,,removed,no,no,no,no
On Pretraining Data Diversity for&#xa0;Self-Supervised Learning,Computer Vision – ECCV 2024,10.1007/978-3-031-72992-8_4,Hasan Abed Al Kader HammoudTuhin DasFabio PizzatiPhilip H. S. TorrAdel BibiBernard Ghanem,2025,https://link.springer.com/chapter/10.1007/978-3-031-72992-8_4,Conference paper,,removed,no,no,no,no
Unsupervised out-of-distribution detection for safer robotically guided retinal microsurgery,International Journal of Computer Assisted Radiology and Surgery,10.1007/s11548-023-02909-y,Alain JungoLars DoorenbosTommaso Da ColMaarten BeelenMartin ZinkernagelPablo Márquez-NeilaRaphael Sznitman,2023,https://link.springer.com/article/10.1007/s11548-023-02909-y,Article,,removed,no,no,no,no
On the&#xa0;Potential of&#xa0;Open-Vocabulary Models for&#xa0;Object Detection in&#xa0;Unusual Street Scenes,Computer Vision – ECCV 2024 Workshops,10.1007/978-3-031-91672-4_13,Sadia IlyasIdo FreemanMatthias Rottmann,2025,https://link.springer.com/chapter/10.1007/978-3-031-91672-4_13,Conference paper,,removed,no,no,no,no
Safety Performance of&#xa0;Neural Networks in&#xa0;the&#xa0;Presence of&#xa0;Covariate Shift,"Verified Software. Theories, Tools and Experiments",10.1007/978-3-031-66064-1_2,Chih-Hong ChengHarald RuessKonstantinos Theodorou,2024,https://link.springer.com/chapter/10.1007/978-3-031-66064-1_2,Conference paper,,removed,no,no,no,no
Self-learning and&#xa0;One-Shot Learning Based Single-Slice Annotation for&#xa0;3D Medical Image Segmentation,Medical Image Computing and Computer Assisted Intervention – MICCAI 2022,10.1007/978-3-031-16452-1_24,Yixuan WuBo ZhengJintai ChenDanny Z. ChenJian Wu,2022,https://link.springer.com/chapter/10.1007/978-3-031-16452-1_24,Conference paper,,removed,no,no,no,no
Valid prediction intervals for regression problems,Artificial Intelligence Review,10.1007/s10462-022-10178-5,Nicolas DewolfBernard De BaetsWillem Waegeman,2022,https://link.springer.com/article/10.1007/s10462-022-10178-5,Article,,removed,no,no,no,no
Uncertainty in&#xa0;Ambiguity of&#xa0;Data,Pattern Recognition,10.1007/978-3-031-78107-0_5,Hoang-Hiep Trinh,2025,https://link.springer.com/chapter/10.1007/978-3-031-78107-0_5,Conference paper,,removed,no,no,no,no
VERITE: a Robust benchmark for multimodal misinformation detection accounting for unimodal bias,International Journal of Multimedia Information Retrieval,10.1007/s13735-023-00312-6,Stefanos-Iordanis PapadopoulosChristos KoutlisSymeon PapadopoulosPanagiotis C. Petrantonakis,2024,https://link.springer.com/article/10.1007/s13735-023-00312-6,Article,,removed,no,no,no,no
Viral particle prediction in wastewater treatment plants using nonlinear lifelong learning models,npj Clean Water,10.1038/s41545-025-00461-7,Jianxu ChenIbrahima N’DoyeYevhen MyshkevychFahad AljehaniMohammad Khalil MonjedTaous-Meriem Laleg-KiratiPei-Ying Hong,2025,https://link.springer.com/article/10.1038/s41545-025-00461-7,Article,,removed,no,no,no,no
Self-supervised learning for medical image analysis: a comprehensive review,Evolving Systems,10.1007/s12530-024-09581-w,Veenu RaniMunish KumarAastha GuptaMonika SachdevaAjay MittalKrishan Kumar,2024,https://link.springer.com/article/10.1007/s12530-024-09581-w,Article,,removed,no,no,no,no
Vision Transformer-Capsule Network for Orange Quality Inspection: Ripeness and Black Spot Disease Detection,Applied Fruit Science,10.1007/s10341-025-01388-6,Pratham KaushikEshika JainVinay KukrejaVandana AhujaAyush DograAnkit Bansal,2025,https://link.springer.com/article/10.1007/s10341-025-01388-6,Article,,removed,no,yes,no,yes
sMOOD: subManifold Based Out-of-Distribution Detection,Advances in Knowledge Discovery and Data Mining,10.1007/978-981-96-8170-9_2,Wangli YangXinrong HuJie YangYi Guo,2025,https://link.springer.com/chapter/10.1007/978-981-96-8170-9_2,Conference paper,,removed,no,no,no,no
Vision-Language Alignment Learning Under Affinity and Divergence Principles for Few-Shot Out-of-Distribution Generalization,International Journal of Computer Vision,10.1007/s11263-024-02036-4,Lin ZhuWeihan YinYiyao YangFan WuZhaoyu ZengQinying GuXinbing WangChenghu ZhouNanyang Ye,2024,https://link.springer.com/article/10.1007/s11263-024-02036-4,Article,,removed,no,no,no,yes
Vision-Language Dual-Pattern Matching for&#xa0;Out-of-Distribution Detection,Computer Vision – ECCV 2024,10.1007/978-3-031-73013-9_16,Zihan ZhangZhuo XuXiang Xiang,2025,https://link.springer.com/chapter/10.1007/978-3-031-73013-9_16,Conference paper,,removed,no,no,no,no
Vision–language foundation model for echocardiogram interpretation,Nature Medicine,10.1038/s41591-024-02959-y,Matthew ChristensenMilos VukadinovicNeal YuanDavid Ouyang,2024,https://link.springer.com/article/10.1038/s41591-024-02959-y,Article,,removed,no,no,no,no
OpenGAN: Open Set Generative Adversarial Networks,Computer Vision – ACCV 2020,10.1007/978-3-030-69538-5_29,Luke DitriaBenjamin J. MeyerTom Drummond,2021,https://link.springer.com/chapter/10.1007/978-3-030-69538-5_29,Conference paper,,removed,no,no,no,no
Visual Out-of-Distribution Detection in Open-Set Noisy Environments,International Journal of Computer Vision,10.1007/s11263-024-02139-y,Rundong HeZhongyi HanXiushan NieYilong YinXiaojun Chang,2024,https://link.springer.com/article/10.1007/s11263-024-02139-y,Article,,removed,no,yes,no,yes
SuperAnimal pretrained pose estimation models for behavioral analysis,Nature Communications,10.1038/s41467-024-48792-2,Shaokai YeAnastasiia FilippovaJessy LauerSteffen SchneiderMaxime VidalTian QiuAlexander MathisMackenzie Weygandt Mathis,2024,https://link.springer.com/article/10.1038/s41467-024-48792-2,Article,,removed,no,no,no,no
Voxel Scene Graph for&#xa0;Intracranial Hemorrhage,Medical Image Computing and Computer Assisted Intervention – MICCAI 2024,10.1007/978-3-031-72069-7_49,Antoine P. SannerNils F. GrauhanMarc A. BrockmannAhmed E. OthmanAnirban Mukhopadhyay,2024,https://link.springer.com/chapter/10.1007/978-3-031-72069-7_49,Conference paper,,removed,no,no,no,no
The impact of fine-tuning paradigms on unknown plant diseases recognition,Scientific Reports,10.1038/s41598-024-66958-2,Jiuqing DongAlvaro FuentesHeng ZhouYongchae JeongSook YoonDong Sun Park,2024,https://link.springer.com/article/10.1038/s41598-024-66958-2,Article,,removed,no,no,no,no
The Performance of&#xa0;Transferability Metrics Does Not Translate to&#xa0;Medical Tasks,Domain Adaptation and Representation Transfer,10.1007/978-3-031-45857-6_11,Levy ChavesAlceu BissotoEduardo ValleSandra Avila,2024,https://link.springer.com/chapter/10.1007/978-3-031-45857-6_11,Conference paper,,removed,no,no,no,no
Timing Performance Benchmarking of Out-of-Distribution Detection Algorithms,Journal of Signal Processing Systems,10.1007/s11265-023-01852-0,Siyu LuanZonghua GuAmin SaremiLeonid FreidovichLili JiangShaohua Wan,2023,https://link.springer.com/article/10.1007/s11265-023-01852-0,Article,,removed,no,no,no,no
Understanding transfer learning and gradient-based meta-learning techniques,Machine Learning,10.1007/s10994-023-06387-w,Mike HuismanAske PlaatJan N. van Rijn,2023,https://link.springer.com/article/10.1007/s10994-023-06387-w,Article,,removed,no,no,no,no
,,,,,,,,,,,,
What if User Preferences Shifts: Causal Disentanglement for News Recommendation,Database Systems for Advanced Applications,10.1007/978-981-97-5779-4_36,Yingzhi MiaoZhiqiang ChenFang Zhou,2025,https://link.springer.com/chapter/10.1007/978-981-97-5779-4_36,Conference paper,,removed,no,no,no,no
When Deep Learners Change Their Mind: Learning Dynamics for Active Learning,Computer Analysis of Images and Patterns,10.1007/978-3-030-89128-2_39,Javad Zolfaghari BengarBogdan RaducanuJoost van de Weijer,2021,https://link.springer.com/chapter/10.1007/978-3-030-89128-2_39,Conference paper,,removed,no,no,no,no
Whole examination AI estimation of fetal biometrics from 20-week ultrasound scans,npj Digital Medicine,10.1038/s41746-024-01406-z,Lorenzo VenturiniSamuel BuddAlfonso FarruggiaRobert WrightJacqueline MatthewThomas G. DayBernhard KainzReza RazaviJo V. Hajnal,2025,https://link.springer.com/article/10.1038/s41746-024-01406-z,Article,,removed,no,no,no,no
Why do probabilistic clinical models fail to transport between sites,npj Digital Medicine,10.1038/s41746-024-01037-4,Thomas A. LaskoEric V. StroblWilliam W. Stead,2024,https://link.springer.com/article/10.1038/s41746-024-01037-4,Article,,removed,no,no,no,no
Wind Turbine Gearbox Fault Detection Under Distribution Shifts,Experimental Vibration Analysis for Civil Engineering Structures,10.1007/978-3-031-96106-9_98,Shun WangYolanda VidalFrancesc Pozo,2025,https://link.springer.com/chapter/10.1007/978-3-031-96106-9_98,Conference paper,,removed,no,no,no,no
Vector Quantisation for&#xa0;Robust Segmentation,Medical Image Computing and Computer Assisted Intervention – MICCAI 2022,10.1007/978-3-031-16440-8_63,Ainkaran SanthirasekaramAvinash KoriMathias WinklerAndrea RockallBen Glocker,2022,https://link.springer.com/chapter/10.1007/978-3-031-16440-8_63,Conference paper,,removed,no,no,no,no
Zero-Shot Low-Field MRI Enhancement via&#xa0;Denoising Diffusion Driven Neural Representation,Medical Image Computing and Computer Assisted Intervention – MICCAI 2024,10.1007/978-3-031-72104-5_74,Xiyue LinChenhe DuQing WuXuanyu TianJingyi YuYuyao ZhangHongjiang Wei,2024,https://link.springer.com/chapter/10.1007/978-3-031-72104-5_74,Conference paper,,removed,no,no,no,no
Wasserstein dropout,Machine Learning,10.1007/s10994-022-06230-8,Joachim SickingMaram AkilaMaximilian PintzTim WirtzStefan WrobelAsja Fischer,2022,https://link.springer.com/article/10.1007/s10994-022-06230-8,Article,,removed,no,no,no,no
Weakly Supervised Bayesian Shape Modeling from&#xa0;Unsegmented Medical Images,Shape in Medical Imaging,10.1007/978-3-031-75291-9_1,Jadie AdamsKrithika IyerShireen Y. Elhabian,2025,https://link.springer.com/chapter/10.1007/978-3-031-75291-9_1,Conference paper,,removed,no,no,no,no
TOTAL,,,,,DEJADOS,,,42,,,,
1011,,,,,ELIMINADOS,,,657,11,19,1,83
,,,,,Leidos,,334,18,352,,,